participant_virtual_id,time,activity,detected_label
982119412,2020-02-05 17:43:55,Domicile,Domicile
982119412,2020-02-05 17:48:56,Domicile,Domicile
982119412,2020-02-05 17:53:56,Domicile,Domicile
982119412,2020-02-05 18:15:04,Domicile,Domicile
982119412,2020-02-05 18:21:06,Domicile,Domicile
982119412,2020-02-05 18:30:23,Domicile,Domicile
982119412,2020-02-05 18:44:28,Domicile,Domicile
982119412,2020-02-05 18:50:28,Domicile,Domicile
982119412,2020-02-05 18:58:26,Domicile,Domicile
982119412,2020-02-05 19:03:27,Domicile,Domicile
982119412,2020-02-05 19:13:19,Domicile,Domicile
982119412,2020-02-05 19:19:48,Domicile,Domicile
982119412,2020-02-05 19:24:48,Domicile,Domicile
982119412,2020-02-05 19:34:41,Domicile,Domicile
982119412,2020-02-05 19:46:16,Métro,Domicile
982119412,2020-02-05 19:51:27,Walk,Domicile
982119412,2020-02-05 19:58:39,Walk,Domicile
982119412,2020-02-05 20:08:41,Restaurant,Domicile
982119412,2020-02-05 20:13:41,Restaurant,Domicile
982119412,2020-02-05 21:48:04,Domicile,indoor
982119412,2020-02-06 18:02:03,Domicile,indoor
982119412,2020-02-06 18:07:04,Domicile,indoor
982119412,2020-02-06 18:12:05,Domicile,indoor
982119412,2020-02-06 18:28:31,Domicile,indoor
982119412,2020-02-06 18:33:32,Domicile,indoor
982119412,2020-02-06 18:38:33,Domicile,indoor
982119412,2020-02-06 18:43:33,Domicile,indoor
982119412,2020-02-06 19:19:49,Walk,indoor
982119412,2020-02-06 19:24:49,Walk,indoor
982119412,2020-02-06 19:29:49,Walk,indoor
982119412,2020-02-06 19:36:45,Walk,indoor
982119412,2020-02-06 19:46:47,Restaurant,Bureau
982119412,2020-02-06 19:51:47,Restaurant,Bureau
982119412,2020-02-06 19:56:48,Restaurant,Bureau
982119412,2020-02-06 20:01:48,Restaurant,Bureau
982119412,2020-02-07 08:35:50,Domicile,Bureau
982119412,2020-02-07 18:29:25,Domicile,Bureau
982119412,2020-02-07 18:34:25,Domicile,indoor
982119412,2020-02-07 18:39:26,Domicile,indoor
982119412,2020-02-07 18:44:26,Domicile,indoor
982119412,2020-02-07 18:49:27,Domicile,indoor
982119412,2020-02-07 18:54:27,Domicile,indoor
982119412,2020-02-07 19:35:56,Walk,4.0
982119412,2020-02-07 19:40:57,Walk,4.0
982119412,2020-02-07 19:53:32,Walk,4.0
982119412,2020-02-07 20:06:09,Restaurant,Domicile
982119412,2020-02-07 20:11:38,Restaurant,Domicile
982119412,2020-02-07 20:16:39,Restaurant,Domicile
982119412,2020-02-09 08:53:44,Domicile,Domicile
982119412,2020-02-09 08:58:45,Domicile,Domicile
982119412,2020-02-09 09:05:38,Domicile,Domicile
982119412,2020-02-09 09:10:38,Domicile,Domicile
982119412,2020-02-09 09:16:09,Domicile,Domicile
982119412,2020-02-09 09:21:09,Domicile,Domicile
982119412,2020-02-10 10:36:51,Domicile,Domicile
982119412,2020-02-10 10:41:51,Domicile,Domicile
982119412,2020-02-10 10:47:02,Domicile,Domicile
982119412,2020-02-10 10:52:02,Domicile,Domicile
982119412,2020-02-10 10:57:03,Domicile,Domicile
982119412,2020-02-10 11:02:04,Domicile,Domicile
982119412,2020-02-10 11:07:04,Domicile,Domicile
982119412,2020-02-10 11:12:04,Domicile,Domicile
982119412,2020-02-10 11:17:05,Domicile,Domicile
982119412,2020-02-10 11:22:06,Domicile,Domicile
982119412,2020-02-10 11:27:06,Domicile,Domicile
982119412,2020-02-10 11:32:06,Domicile,Domicile
982119412,2020-02-10 11:37:06,Domicile,Domicile
982119412,2020-02-10 11:42:46,Domicile,Domicile
982119412,2020-02-10 11:47:46,Domicile,Domicile
982119412,2020-02-10 11:52:46,Domicile,Domicile
982119412,2020-02-10 14:48:20,Domicile,Domicile
982119412,2020-02-10 14:53:33,Domicile,Domicile
982119412,2020-02-10 14:58:35,Domicile,Domicile
982119412,2020-02-10 15:03:36,Domicile,Domicile
982119412,2020-02-10 15:08:47,Domicile,Domicile
982119412,2020-02-10 15:14:01,Domicile,Domicile
982119412,2020-02-10 15:19:26,Domicile,Domicile
982119412,2020-02-10 15:24:45,Domicile,Domicile
982119412,2020-02-10 15:30:01,Domicile,Domicile
982119412,2020-02-10 15:35:10,Domicile,Domicile
982119412,2020-02-10 15:40:19,Domicile,Domicile
982119412,2020-02-10 15:45:30,Domicile,Domicile
982119412,2020-02-10 15:50:51,Domicile,Domicile
982119412,2020-02-10 15:56:02,Domicile,Domicile
982119412,2020-02-10 16:01:25,Domicile,Domicile
982119412,2020-02-10 16:06:30,Domicile,Domicile
982119412,2020-02-10 16:11:50,Domicile,Domicile
982119412,2020-02-10 16:17:07,Domicile,Domicile
982119412,2020-02-10 16:22:18,Domicile,Domicile
982119412,2020-02-10 16:27:29,Domicile,Domicile
982119412,2020-02-10 16:32:43,Domicile,Domicile
982119412,2020-02-10 16:38:23,Domicile,Domicile
982119412,2020-02-10 16:43:41,Domicile,Domicile
982119412,2020-02-10 16:48:59,Domicile,Domicile
982119412,2020-02-10 16:53:59,Domicile,Domicile
982119412,2020-02-10 16:59:31,Domicile,Domicile
982119412,2020-02-10 17:04:54,Domicile,Domicile
982119412,2020-02-10 17:10:01,Domicile,Domicile
982119412,2020-02-10 17:15:08,Domicile,Domicile
982119412,2020-02-10 17:20:23,Domicile,Domicile
982119412,2020-02-10 17:25:26,Domicile,Domicile
982119412,2020-02-10 17:30:32,Domicile,Domicile
982119412,2020-02-10 17:35:44,Domicile,Domicile
982119412,2020-02-10 17:40:59,Domicile,Domicile
982119412,2020-02-10 17:46:11,Domicile,Domicile
982119412,2020-02-10 17:51:21,Domicile,Domicile
982119412,2020-02-10 17:56:31,Domicile,Domicile
982119412,2020-02-10 18:01:33,Domicile,Domicile
982119412,2020-02-10 18:07:00,Domicile,Domicile
982119412,2020-02-10 18:12:14,Domicile,Domicile
982119412,2020-02-10 18:17:28,Domicile,Domicile
982119412,2020-02-10 18:22:30,Domicile,Domicile
982119412,2020-02-10 18:27:46,Domicile,Domicile
982119412,2020-02-10 18:33:32,Domicile,Domicile
982119412,2020-02-10 18:40:27,Domicile,Domicile
982119412,2020-02-10 18:45:28,Domicile,Domicile
982119412,2020-02-10 18:51:20,Domicile,4.0
982119412,2020-02-10 19:00:24,Domicile,4.0
982119412,2020-02-10 19:08:30,Domicile,4.0
982119412,2020-02-10 19:16:54,Domicile,indoor
982119412,2020-02-10 19:21:58,Domicile,indoor
982119412,2020-02-10 19:32:00,Gare,indoor
982119412,2020-02-10 19:42:50,Walk,Bureau
982119412,2020-02-10 19:52:57,Restaurant,Bureau
982119412,2020-02-10 19:57:58,Restaurant,Bureau
982119412,2020-02-10 20:02:58,Restaurant,Bureau
982119412,2020-02-10 20:07:59,Restaurant,Domicile
982119412,2020-02-10 20:13:00,Restaurant,Domicile
982119412,2020-02-10 20:26:42,Walk,Domicile
982119412,2020-02-10 20:49:51,Domicile,Domicile
982119412,2020-02-10 20:55:19,Domicile,Domicile
982119412,2020-02-10 21:00:44,Domicile,Domicile
982119412,2020-02-10 21:05:51,Domicile,Domicile
982119412,2020-02-10 21:10:52,Domicile,Domicile
982119412,2020-02-10 21:15:53,Domicile,Domicile
982119412,2020-02-10 21:21:16,Domicile,Domicile
982119412,2020-02-10 21:26:20,Domicile,Domicile
982119412,2020-02-10 21:31:23,Domicile,Domicile
982119412,2020-02-10 21:36:52,Domicile,Domicile
982119412,2020-02-10 21:42:07,Domicile,Domicile
982119412,2020-02-10 21:47:09,Domicile,Domicile
982119412,2020-02-10 21:52:10,Domicile,Domicile
982119412,2020-02-10 21:57:30,Domicile,Domicile
982119412,2020-02-10 22:02:43,Domicile,Domicile
982119412,2020-02-10 22:07:43,Domicile,Domicile
982119412,2020-02-10 22:12:56,Domicile,Domicile
982119412,2020-02-10 22:18:19,Domicile,Domicile
982119412,2020-02-10 22:23:47,Domicile,Domicile
982119412,2020-02-10 22:29:00,Domicile,Domicile
982119412,2020-02-10 22:34:01,Domicile,Domicile
982119412,2020-02-10 22:39:14,Domicile,Domicile
982119412,2020-02-10 22:56:53,Domicile,Domicile
982119412,2020-02-10 23:12:15,Domicile,Domicile
982119412,2020-02-10 23:27:47,Domicile,Domicile
982119412,2020-02-10 23:32:53,Domicile,Domicile
982119412,2020-02-10 23:38:06,Domicile,Domicile
982119412,2020-02-10 23:43:14,Domicile,Domicile
982119412,2020-02-10 23:48:21,Domicile,Domicile
982119412,2020-02-10 23:53:29,Domicile,Domicile
982119412,2020-02-10 23:58:43,Domicile,Domicile
982119412,2020-02-11 00:03:44,Domicile,Domicile
982119412,2020-02-11 00:09:18,Domicile,indoor
982119412,2020-02-11 00:14:43,Domicile,Domicile
982119412,2020-02-11 00:20:01,Domicile,Domicile
982119412,2020-02-11 00:25:11,Domicile,indoor
982119412,2020-02-11 00:30:26,Domicile,Domicile
982119412,2020-02-11 00:35:46,Domicile,Domicile
982119412,2020-02-11 00:40:59,Domicile,Domicile
982119412,2020-02-11 00:46:00,Domicile,Domicile
982119412,2020-02-11 00:51:39,Domicile,Domicile
982119412,2020-02-11 00:56:48,Domicile,Domicile
982119412,2020-02-11 01:02:18,Domicile,Domicile
982119412,2020-02-11 01:07:18,Domicile,Domicile
982119412,2020-02-11 01:12:45,Domicile,Domicile
982119412,2020-02-11 01:17:51,Domicile,Domicile
982119412,2020-02-11 01:23:31,Domicile,Domicile
982119412,2020-02-11 01:28:53,Domicile,Domicile
982119412,2020-02-11 01:34:18,Domicile,Domicile
982119412,2020-02-11 01:39:43,Domicile,Domicile
982119412,2020-02-11 01:44:53,Domicile,Domicile
982119412,2020-02-11 01:50:00,Domicile,Domicile
982119412,2020-02-11 01:55:06,Domicile,Domicile
982119412,2020-02-11 02:00:46,Domicile,Domicile
982119412,2020-02-11 02:06:09,Domicile,Domicile
982119412,2020-02-11 02:11:19,Domicile,Domicile
982119412,2020-02-11 02:16:43,Domicile,Domicile
982119412,2020-02-11 02:21:54,Domicile,Domicile
982119412,2020-02-11 02:27:06,Domicile,Domicile
982119412,2020-02-11 02:32:55,Domicile,Domicile
982119412,2020-02-11 02:38:00,Domicile,Domicile
982119412,2020-02-11 02:43:19,Domicile,Domicile
982119412,2020-02-11 02:48:50,Domicile,Domicile
982119412,2020-02-11 02:54:26,Domicile,Domicile
982228564,2020-01-24 09:02:59,Domicile,Domicile
982228564,2020-01-24 09:07:59,Domicile,Domicile
982228564,2020-01-24 09:13:00,Domicile,Domicile
982228564,2020-01-24 09:18:01,Domicile,Domicile
982228564,2020-01-24 09:23:01,Domicile,Domicile
982228564,2020-01-24 09:28:01,Domicile,Domicile
982228564,2020-01-24 09:33:02,Domicile,Domicile
982228564,2020-01-24 09:38:03,Domicile,Domicile
982228564,2020-01-24 09:43:04,Domicile,Domicile
982228564,2020-01-24 09:48:04,Domicile,Domicile
982228564,2020-01-24 09:53:05,Domicile,Domicile
982228564,2020-01-24 09:58:06,Domicile,Domicile
982228564,2020-01-24 10:03:07,Domicile,Domicile
982228564,2020-01-24 10:08:08,Domicile,Domicile
982228564,2020-01-24 10:13:09,Domicile,Domicile
982228564,2020-01-24 10:18:10,Domicile,Domicile
982228564,2020-01-24 10:23:11,Domicile,Domicile
982228564,2020-01-24 10:29:17,Domicile,Domicile
982228564,2020-01-24 10:34:17,Domicile,Domicile
982228564,2020-01-24 10:39:17,Domicile,Domicile
982228564,2020-01-24 10:44:18,Domicile,Domicile
982228564,2020-01-24 10:49:19,Domicile,Domicile
982228564,2020-01-24 10:54:19,Domicile,Domicile
982228564,2020-01-24 10:59:19,Domicile,Domicile
982228564,2020-01-24 11:04:19,Domicile,Domicile
982228564,2020-01-24 11:09:19,Domicile,Domicile
982228564,2020-01-24 11:14:20,Domicile,Domicile
982228564,2020-01-24 11:19:20,Domicile,Domicile
982228564,2020-01-24 11:24:21,Domicile,Domicile
982228564,2020-01-24 11:29:22,Domicile,Domicile
982228564,2020-01-24 11:34:23,Domicile,Domicile
982228564,2020-01-24 11:39:24,Domicile,Domicile
982228564,2020-01-24 11:44:25,Domicile,Domicile
982228564,2020-01-24 11:49:26,Domicile,Domicile
982228564,2020-01-24 11:54:26,Domicile,Domicile
982228564,2020-01-24 11:59:26,Domicile,Domicile
982228564,2020-01-24 12:04:27,Domicile,Domicile
982228564,2020-01-24 12:09:28,Domicile,Domicile
982228564,2020-01-24 12:14:28,Domicile,Domicile
982228564,2020-01-24 12:19:28,Domicile,Domicile
982228564,2020-01-24 12:24:28,Domicile,Domicile
982228564,2020-01-24 12:29:29,Domicile,Domicile
982228564,2020-01-24 12:34:30,Domicile,Domicile
982228564,2020-01-24 12:47:40,Domicile,Domicile
982228564,2020-01-24 12:52:41,Domicile,indoor
982228564,2020-01-24 13:00:49,Domicile,6.0
982228564,2020-01-24 13:10:08,Domicile,6.0
982228564,2020-01-24 13:15:08,Domicile,6.0
982228564,2020-01-24 13:23:54,Domicile,indoor
982228564,2020-01-24 13:48:38,Walk,indoor
982228564,2020-01-24 14:00:38,Magasin,Domicile
982228564,2020-01-24 14:05:38,Magasin,Domicile
982228564,2020-01-24 14:10:39,Magasin,Domicile
982228564,2020-01-24 14:15:40,Magasin,Domicile
982228564,2020-01-24 14:20:41,Magasin,indoor
982228564,2020-01-24 14:25:42,Magasin,Domicile
982228564,2020-01-24 14:35:43,Walk,Domicile
982228564,2020-01-24 14:40:44,Walk,Domicile
982228564,2020-01-24 14:45:45,Walk,Domicile
982228564,2020-01-24 14:55:47,Domicile,Domicile
982228564,2020-01-24 15:00:48,Domicile,Domicile
982228564,2020-01-24 15:05:49,Domicile,Domicile
982228564,2020-01-24 15:10:50,Domicile,Domicile
982228564,2020-01-24 15:15:50,Domicile,Domicile
982228564,2020-01-24 15:20:50,Domicile,Domicile
982228564,2020-01-24 15:25:50,Domicile,Domicile
982228564,2020-01-24 15:30:50,Domicile,Domicile
982228564,2020-01-24 15:35:51,Domicile,Domicile
982228564,2020-01-24 15:40:51,Domicile,Domicile
982228564,2020-01-24 15:45:52,Domicile,Domicile
982228564,2020-01-24 15:50:53,Domicile,Domicile
982228564,2020-01-24 15:55:54,Domicile,Domicile
982228564,2020-01-24 16:00:54,Domicile,Domicile
982228564,2020-01-24 16:05:54,Domicile,Domicile
982228564,2020-01-24 16:10:55,Domicile,Domicile
982228564,2020-01-24 16:15:55,Domicile,Domicile
982228564,2020-01-24 16:21:11,Domicile,Domicile
982228564,2020-01-24 16:29:16,Domicile,Domicile
982228564,2020-01-24 16:34:16,Domicile,Domicile
982228564,2020-01-24 16:41:21,Domicile,Domicile
982228564,2020-01-24 16:46:22,Domicile,Domicile
982228564,2020-01-24 16:51:23,Domicile,Domicile
982228564,2020-01-24 16:57:12,Domicile,Domicile
982228564,2020-01-24 17:02:12,Domicile,Domicile
982228564,2020-01-24 17:07:12,Domicile,Domicile
982228564,2020-01-24 17:12:12,Domicile,Domicile
982228564,2020-01-24 17:17:12,Domicile,Domicile
982228564,2020-01-24 17:22:12,Domicile,Domicile
982228564,2020-01-24 17:27:12,Domicile,Domicile
982228564,2020-01-24 17:32:13,Domicile,Domicile
982228564,2020-01-24 17:37:20,Domicile,Domicile
982228564,2020-01-24 17:42:21,Domicile,Domicile
982228564,2020-01-24 17:47:22,Domicile,Domicile
982228564,2020-01-24 17:52:23,Domicile,Domicile
982228564,2020-01-24 17:57:24,Domicile,Domicile
982228564,2020-01-24 18:02:25,Domicile,Domicile
982228564,2020-01-24 18:07:26,Domicile,Domicile
982228564,2020-01-24 18:12:27,Domicile,Domicile
982228564,2020-01-24 18:17:28,Domicile,Domicile
982228564,2020-01-24 18:22:28,Domicile,Domicile
982228564,2020-01-24 18:27:29,Domicile,Domicile
982228564,2020-01-24 18:32:30,Domicile,Domicile
982228564,2020-01-24 18:37:30,Domicile,Domicile
982228564,2020-01-24 18:42:31,Domicile,Domicile
982228564,2020-01-24 18:48:19,Domicile,Domicile
982228564,2020-01-24 18:53:20,Domicile,Domicile
982228564,2020-01-24 18:58:20,Domicile,Domicile
982228564,2020-01-24 19:05:26,Domicile,Domicile
982228564,2020-01-24 19:10:26,Domicile,Domicile
982228564,2020-01-24 19:15:27,Domicile,Domicile
982228564,2020-01-24 19:23:42,Domicile,Domicile
982228564,2020-01-24 19:30:43,Domicile,Domicile
982228564,2020-01-24 19:35:43,Domicile,Domicile
982228564,2020-01-24 19:42:39,Domicile,Domicile
982228564,2020-01-24 19:48:53,Domicile,Domicile
982228564,2020-01-24 19:55:44,Domicile,Domicile
982228564,2020-01-24 20:00:44,Domicile,Domicile
982228564,2020-01-24 20:05:45,Domicile,Domicile
982228564,2020-01-24 20:10:45,Domicile,Domicile
982228564,2020-01-24 20:15:46,Domicile,Domicile
982228564,2020-01-24 20:20:47,Domicile,Domicile
982228564,2020-01-24 20:25:48,Domicile,Domicile
982228564,2020-01-24 20:30:49,Domicile,Domicile
982228564,2020-01-24 20:35:50,Domicile,Domicile
982228564,2020-01-24 20:40:51,Domicile,Domicile
982228564,2020-01-24 20:45:51,Domicile,Domicile
982228564,2020-01-24 20:50:52,Domicile,Domicile
982228564,2020-01-24 20:55:52,Domicile,Domicile
982228564,2020-01-24 21:00:53,Domicile,Domicile
982228564,2020-01-24 21:05:54,Domicile,Domicile
982228564,2020-01-24 21:10:54,Domicile,Domicile
982228564,2020-01-24 21:15:54,Domicile,Domicile
982228564,2020-01-24 21:20:54,Domicile,Domicile
982228564,2020-01-24 21:25:54,Domicile,Domicile
982228564,2020-01-24 21:30:54,Domicile,Domicile
982228564,2020-01-24 21:35:55,Domicile,Domicile
982228564,2020-01-24 21:41:20,Domicile,Domicile
982228564,2020-01-24 21:46:21,Domicile,Domicile
982228564,2020-01-24 21:51:22,Domicile,Domicile
982228564,2020-01-24 22:24:44,Domicile,Domicile
982228564,2020-01-24 22:30:57,Domicile,Domicile
982228564,2020-01-24 22:35:58,Domicile,Domicile
982228564,2020-01-24 22:41:32,Domicile,Domicile
982228564,2020-01-24 22:46:32,Domicile,Domicile
982228564,2020-01-24 22:51:33,Domicile,Domicile
982228564,2020-01-24 22:56:34,Domicile,Domicile
982228564,2020-01-24 23:01:35,Domicile,Domicile
982228564,2020-01-24 23:06:36,Domicile,Domicile
982228564,2020-01-24 23:11:37,Domicile,Domicile
982228564,2020-01-24 23:16:38,Domicile,Domicile
982228564,2020-01-24 23:22:21,Domicile,Domicile
982228564,2020-01-24 23:27:21,Domicile,Domicile
982228564,2020-01-24 23:32:22,Domicile,Domicile
982228564,2020-01-24 23:37:22,Domicile,Domicile
982228564,2020-01-24 23:42:23,Domicile,Domicile
982228564,2020-01-24 23:47:23,Domicile,Domicile
982228564,2020-01-24 23:52:23,Domicile,Domicile
982228564,2020-01-24 23:57:24,Domicile,Domicile
982228564,2020-01-25 00:02:25,Domicile,Domicile
982228564,2020-01-25 00:07:26,Domicile,Domicile
982228564,2020-01-25 00:12:27,Domicile,Domicile
982228564,2020-01-25 00:17:28,Domicile,Domicile
982228564,2020-01-25 00:22:28,Domicile,Domicile
982228564,2020-01-25 00:27:29,Domicile,Domicile
982228564,2020-01-25 00:32:29,Domicile,Domicile
982228564,2020-01-25 00:37:29,Domicile,Domicile
982228564,2020-01-25 00:42:30,Domicile,Domicile
982228564,2020-01-25 00:47:30,Domicile,Domicile
982228564,2020-01-25 00:52:31,Domicile,Domicile
982228564,2020-01-25 00:57:31,Domicile,Domicile
982228564,2020-01-25 01:02:31,Domicile,Domicile
982228564,2020-01-25 01:07:31,Domicile,Domicile
982228564,2020-01-25 01:12:32,Domicile,Domicile
982228564,2020-01-25 01:17:33,Domicile,Domicile
982228564,2020-01-25 01:22:34,Domicile,Domicile
982228564,2020-01-25 01:27:35,Domicile,Domicile
982228564,2020-01-25 03:21:47,Domicile,Domicile
982228564,2020-01-25 03:26:52,Domicile,Domicile
982228564,2020-01-25 05:13:55,Domicile,Domicile
982228564,2020-01-25 05:18:55,Domicile,Domicile
982228564,2020-01-25 05:23:55,Domicile,Domicile
982228564,2020-01-25 05:28:55,Domicile,Domicile
982228564,2020-01-25 05:33:55,Domicile,Domicile
982228564,2020-01-25 05:38:56,Domicile,Domicile
982228564,2020-01-25 05:43:56,Domicile,Domicile
982228564,2020-01-25 05:52:09,Domicile,Domicile
982228564,2020-01-25 06:00:16,Domicile,Domicile
982228564,2020-01-25 06:05:16,Domicile,Domicile
982228564,2020-01-25 06:10:17,Domicile,Domicile
982228564,2020-01-25 06:16:31,Domicile,Domicile
982228564,2020-01-25 06:21:32,Domicile,Domicile
982228564,2020-01-25 06:26:33,Domicile,Domicile
982228564,2020-01-25 06:31:34,Domicile,Domicile
982228564,2020-01-25 06:36:35,Domicile,Domicile
982228564,2020-01-25 06:42:57,Domicile,Domicile
982228564,2020-01-25 06:47:58,Domicile,Domicile
982228564,2020-01-25 06:54:52,Domicile,Domicile
982228564,2020-01-25 07:11:34,Domicile,Domicile
982228564,2020-01-25 07:16:35,Domicile,Domicile
982228564,2020-01-25 10:16:01,Domicile,Domicile
982228564,2020-01-25 10:21:02,Domicile,Domicile
982228564,2020-01-25 10:26:03,Domicile,Domicile
982228564,2020-01-25 10:31:03,Domicile,Domicile
982228564,2020-01-25 10:36:03,Domicile,Domicile
982228564,2020-01-25 10:41:03,Domicile,3.0
982228564,2020-01-25 10:46:04,Domicile,indoor
982228564,2020-01-25 10:51:05,Domicile,indoor
982228564,2020-01-25 10:56:06,Domicile,indoor
982228564,2020-01-25 11:01:07,Domicile,indoor
982228564,2020-01-25 11:06:08,Domicile,indoor
982228564,2020-01-25 11:26:12,Walk,indoor
982228564,2020-01-25 11:36:13,Parc,Parc
982228564,2020-01-25 11:41:14,Parc,Parc
982228564,2020-01-25 11:46:15,Parc,Parc
982228564,2020-01-25 11:51:15,Parc,5.0
982228564,2020-01-25 11:56:15,Parc,Parc
982228564,2020-01-25 12:01:16,Parc,Parc
982228564,2020-01-25 12:06:17,Parc,Parc
982228564,2020-01-25 12:11:18,Parc,Parc
982228564,2020-01-25 12:16:18,Parc,Parc
982228564,2020-01-25 12:21:18,Parc,indoor
982228564,2020-01-25 12:26:19,Parc,3.0
982228564,2020-01-25 12:31:19,Parc,3.0
982228564,2020-01-25 12:36:20,Parc,3.0
982228564,2020-01-25 12:41:21,Parc,Domicile
982228564,2020-01-25 12:46:22,Parc,Domicile
982228564,2020-01-25 12:51:22,Parc,Domicile
982228564,2020-01-25 12:56:22,Parc,Domicile
982228564,2020-01-25 13:09:52,Parc,Domicile
982228564,2020-01-25 20:06:05,Domicile,Domicile
982228564,2020-01-26 00:05:19,Domicile,Domicile
982228564,2020-01-26 00:10:20,Domicile,Domicile
982228564,2020-01-26 00:15:25,Domicile,Domicile
982228564,2020-01-26 00:20:25,Domicile,Domicile
982228564,2020-01-26 00:25:25,Domicile,Domicile
982228564,2020-01-26 00:30:25,Domicile,Domicile
982228564,2020-01-26 00:35:25,Domicile,Domicile
982228564,2020-01-26 00:41:37,Domicile,Domicile
982228564,2020-01-26 00:46:38,Domicile,Domicile
982228564,2020-01-26 00:51:38,Domicile,Domicile
982228564,2020-01-26 00:58:47,Domicile,Domicile
982228564,2020-01-26 01:19:05,Domicile,indoor
982228564,2020-01-26 09:22:54,Domicile,indoor
982228564,2020-01-26 09:27:55,Domicile,indoor
982228564,2020-01-26 09:32:55,Domicile,indoor
982228564,2020-01-26 09:37:55,Domicile,indoor
982228564,2020-01-26 09:42:55,Domicile,indoor
982228564,2020-01-26 09:48:56,Domicile,indoor
982228564,2020-01-26 09:53:57,Domicile,indoor
982228564,2020-01-26 17:14:43,Domicile,indoor
982228564,2020-01-26 17:33:33,Domicile,Domicile
982228564,2020-01-26 17:38:53,Domicile,Domicile
982228564,2020-01-26 17:45:53,Domicile,Domicile
982228564,2020-01-26 17:51:07,Domicile,Domicile
982228564,2020-01-26 17:56:07,Domicile,Domicile
982228564,2020-01-26 18:02:22,Domicile,Domicile
982228564,2020-01-26 18:12:24,Walk,Domicile
982228564,2020-01-26 18:22:51,Métro,Domicile
982228564,2020-01-26 18:27:51,Métro,Domicile
982228564,2020-01-26 18:37:59,Domicile,Domicile
982228564,2020-01-26 18:43:14,Domicile,Domicile
982228564,2020-01-26 18:48:14,Domicile,Domicile
982228564,2020-01-26 18:53:33,Domicile,Domicile
982228564,2020-01-26 18:58:52,Domicile,Domicile
982228564,2020-01-26 19:03:53,Domicile,Domicile
982228564,2020-01-26 19:09:22,Domicile,Domicile
982228564,2020-01-26 19:14:37,Domicile,Domicile
982228564,2020-01-26 19:19:39,Domicile,Domicile
982228564,2020-01-26 19:24:44,Domicile,Domicile
982228564,2020-01-26 19:29:47,Domicile,Domicile
982228564,2020-01-26 19:35:04,Domicile,Domicile
982228564,2020-01-26 19:40:04,Domicile,Domicile
982228564,2020-01-26 19:45:04,Domicile,Domicile
982228564,2020-01-26 19:50:04,Domicile,Domicile
982228564,2020-01-26 19:55:05,Domicile,Domicile
982228564,2020-01-26 20:00:06,Domicile,Domicile
982228564,2020-01-26 20:05:06,Domicile,Domicile
982228564,2020-01-26 20:10:07,Domicile,Domicile
982228564,2020-01-26 20:15:08,Domicile,Domicile
982228564,2020-01-26 20:20:08,Domicile,Domicile
982228564,2020-01-26 20:25:08,Domicile,Domicile
982228564,2020-01-26 20:30:08,Domicile,Domicile
982228564,2020-01-26 20:35:08,Domicile,Domicile
982228564,2020-01-26 20:40:09,Domicile,Domicile
982228564,2020-01-26 20:45:10,Domicile,Domicile
982228564,2020-01-26 20:50:11,Domicile,Domicile
982228564,2020-01-26 20:55:12,Domicile,Domicile
982228564,2020-01-26 21:00:13,Domicile,Domicile
982228564,2020-01-26 21:05:14,Domicile,Domicile
982228564,2020-01-26 21:10:15,Domicile,Domicile
982228564,2020-01-26 21:15:15,Domicile,Domicile
982228564,2020-01-26 21:20:15,Domicile,Domicile
982228564,2020-01-26 21:25:15,Domicile,Domicile
982228564,2020-01-26 21:30:16,Domicile,Domicile
982228564,2020-01-26 21:35:17,Domicile,Domicile
982228564,2020-01-26 21:40:18,Domicile,Domicile
982228564,2020-01-26 21:45:18,Domicile,Domicile
982228564,2020-01-26 21:50:18,Domicile,Domicile
982228564,2020-01-26 21:55:18,Domicile,Domicile
982228564,2020-01-26 22:00:18,Domicile,Domicile
982228564,2020-01-26 22:05:28,Domicile,Domicile
982228564,2020-01-26 22:10:29,Domicile,Domicile
982228564,2020-01-26 22:15:30,Domicile,Domicile
982228564,2020-01-26 22:20:30,Domicile,Domicile
982228564,2020-01-26 22:25:30,Domicile,Domicile
982228564,2020-01-26 22:30:39,Domicile,Domicile
982228564,2020-01-26 22:35:39,Domicile,Domicile
982228564,2020-01-26 22:40:40,Domicile,Domicile
982228564,2020-01-26 22:45:40,Domicile,Domicile
982228564,2020-01-26 22:50:40,Domicile,Domicile
982228564,2020-01-26 22:55:40,Domicile,Domicile
982228564,2020-01-26 23:00:41,Domicile,Domicile
982228564,2020-01-26 23:05:42,Domicile,Domicile
982228564,2020-01-26 23:10:43,Domicile,Domicile
982228564,2020-01-26 23:15:44,Domicile,Domicile
982228564,2020-01-26 23:20:44,Domicile,Domicile
982228564,2020-01-26 23:25:45,Domicile,Domicile
982228564,2020-01-26 23:30:46,Domicile,Domicile
982228564,2020-01-26 23:36:21,Domicile,Domicile
982228564,2020-01-26 23:41:21,Domicile,Domicile
982228564,2020-01-26 23:46:21,Domicile,Domicile
982228564,2020-01-26 23:51:21,Domicile,Domicile
982228564,2020-01-26 23:56:22,Domicile,Domicile
982228564,2020-01-27 00:01:23,Domicile,Domicile
982228564,2020-01-27 00:06:23,Domicile,Domicile
982228564,2020-01-27 00:11:24,Domicile,Domicile
982228564,2020-01-27 00:16:24,Domicile,Domicile
982228564,2020-01-27 00:21:24,Domicile,Domicile
982228564,2020-01-27 00:26:24,Domicile,Domicile
982228564,2020-01-27 00:31:25,Domicile,Domicile
982228564,2020-01-27 00:36:40,Domicile,Domicile
982228564,2020-01-27 00:41:40,Domicile,Domicile
982228564,2020-01-27 00:46:41,Domicile,Domicile
982228564,2020-01-27 00:51:41,Domicile,Domicile
982228564,2020-01-27 00:56:42,Domicile,Domicile
982228564,2020-01-27 01:01:43,Domicile,Domicile
982228564,2020-01-27 01:06:43,Domicile,Domicile
982228564,2020-01-27 01:11:43,Domicile,Domicile
982228564,2020-01-27 01:16:44,Domicile,Domicile
982228564,2020-01-27 01:22:02,Domicile,Domicile
982228564,2020-01-27 01:27:15,Domicile,Domicile
982228564,2020-01-27 01:32:33,Domicile,Domicile
982228564,2020-01-27 01:37:52,Domicile,Domicile
982228564,2020-01-27 01:42:57,Domicile,Domicile
982228564,2020-01-27 01:49:01,Domicile,Domicile
982228564,2020-01-27 01:54:18,Domicile,Domicile
982228564,2020-01-27 01:59:21,Domicile,Domicile
982228564,2020-01-27 02:04:53,Domicile,Domicile
982228564,2020-01-27 02:10:12,Domicile,Domicile
982228564,2020-01-27 02:15:31,Domicile,Domicile
982228564,2020-01-27 02:21:49,Domicile,Domicile
982228564,2020-01-27 02:27:02,Domicile,Domicile
982228564,2020-01-27 02:32:02,Domicile,indoor
982228564,2020-01-27 02:37:04,Domicile,indoor
982228564,2020-01-27 02:42:04,Domicile,indoor
982228564,2020-01-27 02:47:05,Domicile,indoor
982228564,2020-01-27 02:52:16,Domicile,indoor
982228564,2020-01-27 02:57:16,Domicile,indoor
982228564,2020-01-27 03:02:16,Domicile,Domicile
982228564,2020-01-27 03:07:16,Domicile,Domicile
982228564,2020-01-27 03:12:19,Domicile,Domicile
982228564,2020-01-27 03:17:42,Domicile,Domicile
982228564,2020-01-27 03:23:38,Domicile,Domicile
982228564,2020-01-27 03:28:38,Domicile,Domicile
982228564,2020-01-27 03:33:41,Domicile,Domicile
982228564,2020-01-27 03:38:42,Domicile,Domicile
982228564,2020-01-27 03:43:43,Domicile,Domicile
982228564,2020-01-27 03:48:43,Domicile,Domicile
982228564,2020-01-27 03:53:44,Domicile,Domicile
982228564,2020-01-27 03:59:16,Domicile,Domicile
982228564,2020-01-27 04:04:16,Domicile,Domicile
982228564,2020-01-27 04:09:16,Domicile,Domicile
982228564,2020-01-27 04:14:20,Domicile,Domicile
982228564,2020-01-27 04:19:20,Domicile,Domicile
982228564,2020-01-27 04:24:23,Domicile,Domicile
982228564,2020-01-27 04:29:23,Domicile,Domicile
982228564,2020-01-27 04:34:39,Domicile,Domicile
982228564,2020-01-27 04:39:47,Domicile,Domicile
982228564,2020-01-27 04:44:47,Domicile,Domicile
982228564,2020-01-27 04:49:47,Domicile,Domicile
982228564,2020-01-27 04:55:01,Domicile,Domicile
982228564,2020-01-27 05:00:12,Domicile,Domicile
982228564,2020-01-27 05:05:13,Domicile,Domicile
982228564,2020-01-27 05:10:14,Domicile,Domicile
982228564,2020-01-27 05:15:15,Domicile,Domicile
982228564,2020-01-27 05:20:15,Domicile,Domicile
982228564,2020-01-27 05:25:15,Domicile,Domicile
982228564,2020-01-27 05:30:34,Domicile,Domicile
982228564,2020-01-27 05:35:34,Domicile,Domicile
982228564,2020-01-27 05:40:40,Domicile,Domicile
982228564,2020-01-27 05:46:07,Domicile,Domicile
982228564,2020-01-27 05:51:16,Domicile,Domicile
982228564,2020-01-27 05:56:35,Domicile,Domicile
982228564,2020-01-27 06:01:35,Domicile,Domicile
982228564,2020-01-27 06:06:35,Domicile,Domicile
982228564,2020-01-27 06:11:36,Domicile,Domicile
982228564,2020-01-27 06:16:36,Domicile,Domicile
982228564,2020-01-27 06:21:36,Domicile,Domicile
982228564,2020-01-27 06:26:36,Domicile,Domicile
982228564,2020-01-27 06:31:37,Domicile,Domicile
982228564,2020-01-27 06:36:38,Domicile,Domicile
982228564,2020-01-27 06:41:38,Domicile,Domicile
982228564,2020-01-27 06:46:39,Domicile,Domicile
982228564,2020-01-27 06:51:39,Domicile,Domicile
982228564,2020-01-27 06:56:39,Domicile,indoor
982228564,2020-01-27 07:01:40,Domicile,indoor
982228564,2020-01-27 07:06:41,Domicile,indoor
982228564,2020-01-27 07:11:42,Domicile,Domicile
982228564,2020-01-27 07:16:44,Domicile,Domicile
982228564,2020-01-27 07:22:42,Domicile,Domicile
982228564,2020-01-27 07:28:45,Domicile,Domicile
982228564,2020-01-27 07:33:48,Domicile,Domicile
982228564,2020-01-27 07:38:50,Domicile,Domicile
982228564,2020-01-27 07:43:55,Domicile,Domicile
982228564,2020-01-27 07:48:59,Domicile,Domicile
982228564,2020-01-27 07:54:39,Domicile,Domicile
982228564,2020-01-27 07:59:56,Domicile,Domicile
982228564,2020-01-27 08:05:01,Domicile,Domicile
982228564,2020-01-27 08:10:39,Domicile,indoor
982228564,2020-01-27 08:58:31,Domicile,indoor
982228564,2020-01-27 09:03:32,Domicile,indoor
982228564,2020-01-27 09:13:28,Métro,Métro
982228564,2020-01-27 09:30:54,Métro,indoor
982228564,2020-01-27 13:49:10,Bureau,Bureau
982228564,2020-01-27 13:54:13,Bureau,Bureau
982228564,2020-01-27 13:59:20,Bureau,Bureau
982228564,2020-01-27 14:05:16,Bureau,Bureau
982228564,2020-01-27 14:10:33,Bureau,Bureau
982228564,2020-01-27 14:15:36,Bureau,Bureau
982228564,2020-01-27 14:20:54,Bureau,Bureau
982228564,2020-01-27 14:26:12,Bureau,Bureau
982228564,2020-01-27 14:31:21,Bureau,Bureau
982228564,2020-01-27 14:36:41,Bureau,Bureau
982228564,2020-01-27 14:41:46,Bureau,Bureau
982228564,2020-01-27 14:47:00,Bureau,Bureau
982228564,2020-01-27 14:52:21,Bureau,Bureau
982228564,2020-01-27 14:57:46,Bureau,Bureau
982228564,2020-01-27 15:03:09,Bureau,Bureau
982228564,2020-01-27 15:08:13,Bureau,Bureau
982228564,2020-01-27 15:13:22,Bureau,Bureau
982228564,2020-01-27 15:18:30,Bureau,Bureau
982228564,2020-01-27 15:24:09,Bureau,Bureau
982228564,2020-01-27 15:29:26,Bureau,Bureau
982228564,2020-01-27 15:34:29,Bureau,Bureau
982228564,2020-01-27 15:39:33,Bureau,Bureau
982228564,2020-01-27 15:44:39,Bureau,Bureau
982228564,2020-01-27 15:50:00,Bureau,Bureau
982228564,2020-01-27 15:55:07,Bureau,Bureau
982228564,2020-01-27 16:00:14,Bureau,Bureau
982228564,2020-01-27 16:05:17,Bureau,Bureau
982228564,2020-01-27 16:10:28,Bureau,Bureau
982228564,2020-01-27 16:15:41,Bureau,Bureau
982228564,2020-01-27 16:20:59,Bureau,Bureau
982228564,2020-01-27 16:26:20,Bureau,Bureau
982228564,2020-01-27 16:31:21,Bureau,Bureau
982228564,2020-01-27 16:36:45,Bureau,Bureau
982228564,2020-01-27 16:41:57,Bureau,indoor
982228564,2020-01-27 16:47:17,Bureau,indoor
982228564,2020-01-27 16:52:32,Bureau,Bureau
982228564,2020-01-27 16:57:34,Bureau,Bureau
982228564,2020-01-27 17:02:43,Bureau,Bureau
982228564,2020-01-27 17:08:43,Bureau,Bureau
982228564,2020-01-27 17:14:03,Bureau,Bureau
982228564,2020-01-27 17:19:27,Bureau,Bureau
982228564,2020-01-27 17:24:35,Bureau,Bureau
982228564,2020-01-27 17:29:45,Bureau,Bureau
982228564,2020-01-27 17:35:01,Bureau,Bureau
982228564,2020-01-27 17:40:11,Bureau,indoor
982228564,2020-01-27 17:50:01,Bureau,indoor
982228564,2020-01-27 17:55:06,Bureau,indoor
982228564,2020-01-27 18:00:36,Bureau,indoor
982228564,2020-01-27 18:12:37,Bureau,indoor
982228564,2020-01-27 18:17:37,Bureau,indoor
982228564,2020-01-27 18:25:42,Bureau,indoor
982228564,2020-01-27 18:40:24,Bureau,Domicile
982228564,2020-01-27 18:48:26,Bureau,Domicile
982228564,2020-01-27 19:05:05,Métro,Domicile
982228564,2020-01-27 19:10:46,Métro,Domicile
982228564,2020-01-27 19:16:05,Métro,Domicile
982228564,2020-01-27 19:21:22,Métro,Domicile
982228564,2020-01-27 19:27:02,Métro,Domicile
982228564,2020-01-27 19:32:16,Métro,Domicile
982228564,2020-01-27 19:42:57,Domicile,Domicile
982228564,2020-01-27 19:48:18,Domicile,Domicile
982228564,2020-01-27 19:53:33,Domicile,Domicile
982228564,2020-01-27 19:58:39,Domicile,Domicile
982228564,2020-01-27 20:04:44,Domicile,Domicile
982228564,2020-01-27 20:10:49,Domicile,Domicile
982228564,2020-01-27 20:16:07,Domicile,Domicile
982228564,2020-01-27 20:21:12,Domicile,Domicile
982228564,2020-01-27 20:26:25,Domicile,Domicile
982228564,2020-01-27 20:31:25,Domicile,Domicile
982228564,2020-01-27 20:36:47,Domicile,Domicile
982228564,2020-01-27 20:41:52,Domicile,Domicile
982228564,2020-01-27 20:47:52,Domicile,Domicile
982228564,2020-01-27 20:53:01,Domicile,Domicile
982228564,2020-01-27 20:58:01,Domicile,Domicile
982228564,2020-01-27 21:03:18,Domicile,Domicile
982228564,2020-01-27 21:09:38,Domicile,Domicile
982228564,2020-01-27 21:14:43,Domicile,Domicile
982228564,2020-01-27 21:19:48,Domicile,Domicile
982228564,2020-01-27 21:25:12,Domicile,Domicile
982228564,2020-01-27 21:30:22,Domicile,Domicile
982228564,2020-01-27 21:35:56,Domicile,Domicile
982228564,2020-01-27 21:41:06,Domicile,Domicile
982228564,2020-01-27 21:46:27,Domicile,Domicile
982228564,2020-01-27 21:51:58,Domicile,Domicile
982228564,2020-01-27 21:57:01,Domicile,Domicile
982228564,2020-01-27 22:02:28,Domicile,Domicile
982228564,2020-01-27 22:07:43,Domicile,Domicile
982228564,2020-01-27 22:13:15,Domicile,Domicile
982228564,2020-01-27 22:18:34,Domicile,Domicile
982228564,2020-01-27 22:23:51,Domicile,Domicile
982228564,2020-01-27 22:29:07,Domicile,Domicile
982228564,2020-01-27 22:34:07,Domicile,Domicile
982228564,2020-01-27 22:39:15,Domicile,Domicile
982228564,2020-01-27 22:44:28,Domicile,Domicile
982228564,2020-01-27 22:49:40,Domicile,Domicile
982228564,2020-01-27 22:54:41,Domicile,Domicile
982228564,2020-01-27 22:59:44,Domicile,Domicile
982228564,2020-01-27 23:04:45,Domicile,Domicile
982228564,2020-01-27 23:09:51,Domicile,Domicile
982228564,2020-01-27 23:14:55,Domicile,Domicile
982228564,2020-01-27 23:20:26,Domicile,Domicile
982228564,2020-01-27 23:25:40,Domicile,Domicile
982228564,2020-01-27 23:31:34,Domicile,Domicile
982228564,2020-01-27 23:36:35,Domicile,Domicile
982228564,2020-01-27 23:41:45,Domicile,Domicile
982228564,2020-01-27 23:46:48,Domicile,Domicile
982228564,2020-01-27 23:52:05,Domicile,Domicile
982228564,2020-01-27 23:57:14,Domicile,Domicile
982228564,2020-01-28 00:02:20,Domicile,Domicile
982228564,2020-01-28 00:07:38,Domicile,Domicile
982228564,2020-01-28 00:12:44,Domicile,Domicile
982228564,2020-01-28 00:18:01,Domicile,Domicile
982228564,2020-01-28 00:23:09,Domicile,Domicile
982228564,2020-01-28 00:28:23,Domicile,Domicile
982228564,2020-01-28 00:33:35,Domicile,Domicile
982228564,2020-01-28 00:38:35,Domicile,Domicile
982228564,2020-01-28 00:43:54,Domicile,Domicile
982228564,2020-01-28 00:49:12,Domicile,Domicile
982228564,2020-01-28 00:54:34,Domicile,Domicile
982228564,2020-01-28 00:59:46,Domicile,Domicile
982228564,2020-01-28 01:05:01,Domicile,Domicile
982228564,2020-01-28 01:10:05,Domicile,Domicile
982228564,2020-01-28 01:16:01,Domicile,Domicile
982228564,2020-01-28 01:21:16,Domicile,Domicile
982228564,2020-01-28 01:26:33,Domicile,Domicile
982228564,2020-01-28 01:31:37,Domicile,Domicile
982228564,2020-01-28 01:36:47,Domicile,Domicile
982228564,2020-01-28 01:42:10,Domicile,Domicile
982228564,2020-01-28 01:47:40,Domicile,Domicile
982228564,2020-01-28 01:53:00,Domicile,Domicile
982228564,2020-01-28 01:58:17,Domicile,Domicile
982228564,2020-01-28 02:03:28,Domicile,Domicile
982228564,2020-01-28 02:08:34,Domicile,Domicile
982228564,2020-01-28 02:13:41,Domicile,Domicile
982228564,2020-01-28 02:18:58,Domicile,Domicile
982228564,2020-01-28 02:24:08,Domicile,Domicile
982228564,2020-01-28 02:29:16,Domicile,Domicile
982228564,2020-01-28 02:34:46,Domicile,Domicile
982228564,2020-01-28 02:40:47,Domicile,Domicile
982228564,2020-01-28 02:46:04,Domicile,Domicile
982228564,2020-01-28 02:51:14,Domicile,Domicile
982228564,2020-01-28 02:56:25,Domicile,Domicile
982228564,2020-01-28 03:01:46,Domicile,Domicile
982228564,2020-01-28 03:06:53,Domicile,Domicile
982228564,2020-01-28 03:12:01,Domicile,Domicile
982228564,2020-01-28 03:17:34,Domicile,Domicile
982228564,2020-01-28 03:22:45,Domicile,Domicile
982228564,2020-01-28 03:27:54,Domicile,Domicile
982228564,2020-01-28 03:33:06,Domicile,Domicile
982228564,2020-01-28 03:38:24,Domicile,Domicile
982228564,2020-01-28 03:43:32,Domicile,Domicile
982228564,2020-01-28 03:48:57,Domicile,Domicile
982228564,2020-01-28 03:54:26,Domicile,Domicile
982228564,2020-01-28 03:59:35,Domicile,Domicile
982228564,2020-01-28 04:04:39,Domicile,Domicile
982228564,2020-01-28 04:09:57,Domicile,Domicile
982228564,2020-01-28 04:15:01,Domicile,Domicile
982228564,2020-01-28 04:20:08,Domicile,Domicile
982228564,2020-01-28 04:25:08,Domicile,Domicile
982228564,2020-01-28 04:30:25,Domicile,Domicile
982228564,2020-01-28 04:35:37,Domicile,Domicile
982228564,2020-01-28 04:41:01,Domicile,Domicile
982228564,2020-01-28 04:46:35,Domicile,Domicile
982228564,2020-01-28 04:51:57,Domicile,Domicile
982228564,2020-01-28 04:57:01,Domicile,Domicile
982228564,2020-01-28 05:02:07,Domicile,Domicile
982228564,2020-01-28 05:07:21,Domicile,Domicile
982228564,2020-01-28 05:12:31,Domicile,Domicile
982228564,2020-01-28 05:17:47,Domicile,Domicile
982228564,2020-01-28 05:23:41,Domicile,Domicile
982228564,2020-01-28 05:28:47,Domicile,Domicile
982228564,2020-01-28 05:33:59,Domicile,Domicile
982228564,2020-01-28 05:39:24,Domicile,Domicile
982228564,2020-01-28 05:44:37,Domicile,Domicile
982228564,2020-01-28 05:49:45,Domicile,Domicile
982228564,2020-01-28 05:55:23,Domicile,Domicile
982228564,2020-01-28 06:00:36,Domicile,Domicile
982228564,2020-01-28 06:05:45,Domicile,Domicile
982228564,2020-01-28 06:10:52,Domicile,Domicile
982228564,2020-01-28 06:15:53,Domicile,Domicile
982228564,2020-01-28 06:21:48,Domicile,Domicile
982228564,2020-01-28 06:27:14,Domicile,Domicile
982228564,2020-01-28 06:32:26,Domicile,Domicile
982228564,2020-01-28 06:37:45,Domicile,Domicile
982228564,2020-01-28 06:42:45,Domicile,Domicile
982228564,2020-01-28 06:47:53,Domicile,Domicile
982228564,2020-01-28 06:53:04,Domicile,Domicile
982228564,2020-01-28 06:58:12,Domicile,Domicile
982228564,2020-01-28 07:03:21,Domicile,Domicile
982228564,2020-01-28 07:08:21,Domicile,Domicile
982228564,2020-01-28 07:13:28,Domicile,Domicile
982228564,2020-01-28 07:18:29,Domicile,Domicile
982228564,2020-01-28 07:23:58,Domicile,Domicile
982228564,2020-01-28 07:29:41,Domicile,Domicile
982228564,2020-01-28 07:34:49,Domicile,Domicile
982228564,2020-01-28 07:39:55,Domicile,Domicile
982228564,2020-01-28 07:45:41,Domicile,Domicile
982228564,2020-01-28 07:51:01,Domicile,Domicile
982228564,2020-01-28 08:17:32,Métro,Domicile
982228564,2020-01-28 08:56:09,Bureau,Domicile
982228564,2020-01-28 09:02:18,Bureau,Domicile
982228564,2020-01-28 09:07:18,Bureau,Domicile
982228564,2020-01-28 09:13:04,Bureau,Domicile
982228564,2020-01-28 09:18:16,Bureau,Domicile
982228564,2020-01-28 09:23:30,Bureau,Domicile
982228564,2020-01-28 09:28:44,Bureau,Domicile
982228564,2020-01-28 09:33:47,Bureau,Domicile
982228564,2020-01-28 09:38:51,Bureau,Domicile
982228564,2020-01-28 09:44:11,Bureau,Domicile
982228564,2020-01-28 09:49:42,Bureau,Domicile
982228564,2020-01-28 09:54:58,Bureau,Domicile
982228564,2020-01-28 10:00:16,Bureau,Domicile
982228564,2020-01-28 10:05:16,Bureau,Domicile
982228564,2020-01-28 10:10:31,Bureau,Domicile
982228564,2020-01-28 10:15:49,Bureau,Domicile
982228564,2020-01-28 10:21:07,Bureau,Domicile
982228564,2020-01-28 10:26:13,Bureau,Domicile
982228564,2020-01-28 10:31:23,Bureau,Domicile
982228564,2020-01-28 10:36:40,Bureau,Domicile
982228564,2020-01-28 10:41:48,Bureau,Domicile
982228564,2020-01-28 10:46:55,Bureau,Domicile
982228564,2020-01-28 10:52:06,Bureau,Domicile
982228564,2020-01-28 10:57:26,Bureau,Domicile
982228564,2020-01-28 11:02:38,Bureau,Domicile
982228564,2020-01-28 11:07:53,Bureau,Domicile
982228564,2020-01-28 11:12:54,Bureau,Domicile
982228564,2020-01-28 11:18:16,Bureau,Domicile
982228564,2020-01-28 11:23:33,Bureau,Domicile
982228564,2020-01-28 11:28:38,Bureau,Domicile
982228564,2020-01-28 11:33:49,Bureau,Domicile
982228564,2020-01-28 11:39:08,Bureau,Domicile
982228564,2020-01-28 11:44:18,Bureau,Domicile
982228564,2020-01-28 11:49:39,Bureau,Domicile
982228564,2020-01-28 11:55:01,Bureau,Domicile
982228564,2020-01-28 12:00:15,Bureau,Domicile
982228564,2020-01-28 12:05:16,Bureau,Domicile
982228564,2020-01-28 12:10:34,Bureau,Domicile
982228564,2020-01-28 12:15:38,Bureau,Domicile
982228564,2020-01-28 12:20:53,Bureau,Domicile
982228564,2020-01-28 12:25:58,Bureau,Domicile
982228564,2020-01-28 12:31:03,Bureau,Domicile
982228564,2020-01-28 12:46:41,Bureau,Bureau
982228564,2020-01-28 12:51:55,Bureau,Bureau
982228564,2020-01-28 12:57:23,Bureau,Bureau
982228564,2020-01-28 13:02:42,Bureau,Bureau
982228564,2020-01-28 13:08:02,Bureau,Bureau
982228564,2020-01-28 13:14:08,Bureau,Bureau
982228564,2020-01-28 13:19:08,Bureau,Bureau
982228564,2020-01-28 13:24:17,Bureau,Bureau
982228564,2020-01-28 13:29:17,Bureau,Bureau
982228564,2020-01-28 13:34:23,Bureau,Bureau
982228564,2020-01-28 13:39:32,Bureau,7.0
982228564,2020-01-28 13:44:33,Bureau,7.0
982228564,2020-01-28 13:49:37,Bureau,7.0
982228564,2020-01-28 13:54:54,Bureau,7.0
982228564,2020-01-28 14:00:01,Bureau,Bureau
982228564,2020-01-28 14:05:12,Bureau,Bureau
982228564,2020-01-28 14:10:23,Bureau,Bureau
982228564,2020-01-28 14:15:26,Bureau,Bureau
982228564,2020-01-28 14:20:27,Bureau,Bureau
982228564,2020-01-28 14:25:58,Bureau,7.0
982228564,2020-01-28 14:31:01,Bureau,7.0
982228564,2020-01-28 14:36:02,Bureau,7.0
982228564,2020-01-28 14:41:02,Bureau,7.0
982228564,2020-01-28 14:46:31,Bureau,Bureau
982228564,2020-01-28 14:51:33,Bureau,Bureau
982228564,2020-01-28 14:57:32,Bureau,Bureau
982228564,2020-01-28 15:03:40,Bureau,Bureau
982228564,2020-01-28 15:09:01,Bureau,Bureau
982228564,2020-01-28 15:14:26,Bureau,Bureau
982228564,2020-01-28 15:19:27,Bureau,Bureau
982228564,2020-01-28 15:24:46,Bureau,Bureau
982228564,2020-01-28 15:29:49,Bureau,Bureau
982228564,2020-01-28 15:35:04,Bureau,Bureau
982228564,2020-01-28 15:40:05,Bureau,Bureau
982228564,2020-01-28 15:45:46,Bureau,Bureau
982228564,2020-01-28 15:50:59,Bureau,Bureau
982228564,2020-01-28 15:56:01,Bureau,Bureau
982228564,2020-01-28 16:01:01,Bureau,Bureau
982228564,2020-01-28 16:06:52,Bureau,Bureau
982228564,2020-01-28 16:12:12,Bureau,Bureau
982228564,2020-01-28 16:17:21,Bureau,Bureau
982228564,2020-01-28 16:23:40,Bureau,Bureau
982228564,2020-01-28 16:28:52,Bureau,Bureau
982228564,2020-01-28 16:33:52,Bureau,Bureau
982228564,2020-01-28 16:39:06,Bureau,Bureau
982228564,2020-01-28 16:44:27,Bureau,Bureau
982228564,2020-01-28 16:50:06,Bureau,Bureau
982228564,2020-01-28 16:55:14,Bureau,Bureau
982228564,2020-01-28 17:00:51,Bureau,Bureau
982228564,2020-01-28 17:05:51,Bureau,Bureau
982228564,2020-01-28 17:11:03,Bureau,Bureau
982228564,2020-01-28 17:16:22,Bureau,Bureau
982228564,2020-01-28 17:21:27,Bureau,Bureau
982228564,2020-01-28 17:26:34,Bureau,Bureau
982228564,2020-01-28 17:31:49,Bureau,Bureau
982228564,2020-01-28 17:37:03,Bureau,Bureau
982228564,2020-01-28 17:42:16,Bureau,Bureau
982228564,2020-01-28 17:47:34,Bureau,Bureau
982228564,2020-01-28 17:52:39,Bureau,indoor
982228564,2020-01-28 18:00:51,Bureau,indoor
982228564,2020-01-28 18:08:50,Bureau,indoor
982228564,2020-01-28 18:29:21,Bureau,indoor
982228564,2020-01-28 18:54:52,Walk,Domicile
982228564,2020-01-28 19:05:53,Métro,Domicile
982228564,2020-01-28 19:10:58,Métro,Domicile
982228564,2020-01-28 19:16:39,Métro,Domicile
982228564,2020-01-28 19:22:01,Métro,Domicile
982228564,2020-01-28 19:27:01,Métro,Domicile
982228564,2020-01-28 19:32:10,Métro,Domicile
982228564,2020-01-28 19:37:16,Métro,Domicile
982228564,2020-01-28 19:53:04,Domicile,Domicile
982228564,2020-01-28 19:58:47,Domicile,Domicile
982228564,2020-01-28 20:03:54,Domicile,Domicile
982228564,2020-01-28 20:09:01,Domicile,Domicile
982228564,2020-01-28 20:14:44,Domicile,Domicile
982228564,2020-01-28 20:20:03,Domicile,Domicile
982228564,2020-01-28 20:25:07,Domicile,Domicile
982228564,2020-01-28 20:30:22,Domicile,Domicile
982228564,2020-01-28 20:36:14,Domicile,Domicile
982228564,2020-01-28 20:41:18,Domicile,Domicile
982228564,2020-01-28 20:46:52,Domicile,Domicile
982228564,2020-01-28 20:51:58,Domicile,Domicile
982228564,2020-01-28 20:56:58,Domicile,Domicile
982228564,2020-01-28 21:02:40,Domicile,Domicile
982228564,2020-01-28 21:08:47,Domicile,Domicile
982228564,2020-01-28 21:13:51,Domicile,Domicile
982228564,2020-01-28 21:19:02,Domicile,Domicile
982228564,2020-01-28 21:24:22,Domicile,Domicile
982228564,2020-01-28 21:29:37,Domicile,Domicile
982228564,2020-01-28 21:35:01,Domicile,Domicile
982228564,2020-01-28 21:40:37,Domicile,Domicile
982228564,2020-01-28 21:45:47,Domicile,Domicile
982228564,2020-01-28 21:51:02,Domicile,Domicile
982228564,2020-01-28 21:56:02,Domicile,Domicile
982228564,2020-01-28 22:01:07,Domicile,Domicile
982228564,2020-01-28 22:06:46,Domicile,Domicile
982228564,2020-01-28 22:12:01,Domicile,Domicile
982228564,2020-01-28 22:18:01,Domicile,Domicile
982228564,2020-01-28 22:24:18,Domicile,Domicile
982228564,2020-01-28 22:29:26,Domicile,Domicile
982228564,2020-01-28 22:34:44,Domicile,Domicile
982228564,2020-01-28 22:39:45,Domicile,Domicile
982228564,2020-01-28 22:45:13,Domicile,Domicile
982228564,2020-01-28 22:50:42,Domicile,Domicile
982228564,2020-01-28 22:56:03,Domicile,Domicile
982228564,2020-01-28 23:01:27,Domicile,Domicile
982228564,2020-01-28 23:06:45,Domicile,Domicile
982228564,2020-01-28 23:12:07,Domicile,Domicile
982228564,2020-01-28 23:17:49,Domicile,Domicile
982228564,2020-01-28 23:23:09,Domicile,Domicile
982228564,2020-01-28 23:28:12,Domicile,Domicile
982228564,2020-01-28 23:33:16,Domicile,Domicile
982228564,2020-01-28 23:38:33,Domicile,Domicile
982228564,2020-01-28 23:43:42,Domicile,Domicile
982228564,2020-01-28 23:48:52,Domicile,Domicile
982228564,2020-01-28 23:53:54,Domicile,Domicile
982228564,2020-01-28 23:58:58,Domicile,Domicile
982228564,2020-01-29 00:04:14,Domicile,Domicile
982228564,2020-01-29 00:09:40,Domicile,Domicile
982228564,2020-01-29 00:14:52,Domicile,Domicile
982228564,2020-01-29 00:20:00,Domicile,Domicile
982228564,2020-01-29 00:25:46,Domicile,Domicile
982228564,2020-01-29 00:31:45,Domicile,Domicile
982228564,2020-01-29 00:36:57,Domicile,Domicile
982228564,2020-01-29 00:42:43,Domicile,Domicile
982228564,2020-01-29 00:48:52,Domicile,Domicile
982228564,2020-01-29 00:54:02,Domicile,Domicile
982228564,2020-01-29 00:59:39,Domicile,Domicile
982228564,2020-01-29 01:04:42,Domicile,Domicile
982228564,2020-01-29 01:09:45,Domicile,Domicile
982228564,2020-01-29 01:14:49,Domicile,Domicile
982228564,2020-01-29 01:20:01,Domicile,Domicile
982228564,2020-01-29 01:25:11,Domicile,Domicile
982228564,2020-01-29 01:30:24,Domicile,Domicile
982228564,2020-01-29 01:36:40,Domicile,Domicile
982228564,2020-01-29 01:42:01,Domicile,Domicile
982228564,2020-01-29 01:48:01,Domicile,Domicile
982228564,2020-01-29 01:53:02,Domicile,Domicile
982228564,2020-01-29 01:58:02,Domicile,Domicile
982228564,2020-01-29 02:04:02,Domicile,Domicile
982228564,2020-01-29 02:09:15,Domicile,Domicile
982228564,2020-01-29 02:14:33,Domicile,Domicile
982228564,2020-01-29 02:19:52,Domicile,Domicile
982228564,2020-01-29 02:25:00,Domicile,Domicile
982228564,2020-01-29 02:31:01,Domicile,Domicile
982228564,2020-01-29 02:36:02,Domicile,Domicile
982228564,2020-01-29 02:41:02,Domicile,Domicile
982228564,2020-01-29 02:46:07,Domicile,Domicile
982228564,2020-01-29 02:51:14,Domicile,Domicile
982228564,2020-01-29 02:56:21,Domicile,Domicile
982228564,2020-01-29 03:01:40,Domicile,Domicile
982228564,2020-01-29 03:08:01,Domicile,Domicile
982228564,2020-01-29 03:14:02,Domicile,Domicile
982228564,2020-01-29 03:19:15,Domicile,Domicile
982228564,2020-01-29 03:24:28,Domicile,Domicile
982228564,2020-01-29 03:30:12,Domicile,Domicile
982228564,2020-01-29 03:35:52,Domicile,Domicile
982228564,2020-01-29 03:42:02,Domicile,Domicile
982228564,2020-01-29 03:48:02,Domicile,Domicile
982228564,2020-01-29 03:53:02,Domicile,Domicile
982228564,2020-01-29 03:58:39,Domicile,Domicile
982228564,2020-01-29 04:03:40,Domicile,Domicile
982228564,2020-01-29 04:09:01,Domicile,Domicile
982228564,2020-01-29 04:14:50,Domicile,Domicile
982228564,2020-01-29 04:20:01,Domicile,Domicile
982228564,2020-01-29 04:25:18,Domicile,Domicile
982228564,2020-01-29 04:30:37,Domicile,Domicile
982228564,2020-01-29 04:35:55,Domicile,Domicile
982228564,2020-01-29 04:41:01,Domicile,Domicile
982228564,2020-01-29 04:46:39,Domicile,Domicile
982228564,2020-01-29 04:52:40,Domicile,Domicile
982228564,2020-01-29 04:58:07,Domicile,Domicile
982228564,2020-01-29 05:03:12,Domicile,Domicile
982228564,2020-01-29 05:08:12,Domicile,Domicile
982228564,2020-01-29 05:13:32,Domicile,Domicile
982228564,2020-01-29 05:18:45,Domicile,Domicile
982228564,2020-01-29 05:24:06,Domicile,Domicile
982228564,2020-01-29 05:29:18,Domicile,Domicile
982228564,2020-01-29 05:34:39,Domicile,Domicile
982228564,2020-01-29 05:39:45,Domicile,Domicile
982228564,2020-01-29 05:44:48,Domicile,Domicile
982228564,2020-01-29 05:49:55,Domicile,Domicile
982228564,2020-01-29 05:55:55,Domicile,Domicile
982228564,2020-01-29 06:01:12,Domicile,Domicile
982228564,2020-01-29 06:07:02,Domicile,Domicile
982228564,2020-01-29 06:12:37,Domicile,Domicile
982228564,2020-01-29 06:17:46,Domicile,Domicile
982228564,2020-01-29 06:23:01,Domicile,Domicile
982228564,2020-01-29 06:28:01,Domicile,Domicile
982228564,2020-01-29 06:33:15,Domicile,Domicile
982228564,2020-01-29 06:38:33,Domicile,Domicile
982228564,2020-01-29 06:43:42,Domicile,Domicile
982228564,2020-01-29 06:48:51,Domicile,Domicile
982228564,2020-01-29 06:53:55,Domicile,Domicile
982228564,2020-01-29 06:59:37,Domicile,Domicile
982228564,2020-01-29 07:04:46,Domicile,Domicile
982228564,2020-01-29 07:09:52,Domicile,Domicile
982228564,2020-01-29 07:15:07,Domicile,Domicile
982228564,2020-01-29 07:20:39,Domicile,Domicile
982228564,2020-01-29 07:25:58,Domicile,Domicile
982228564,2020-01-29 07:31:07,Domicile,Domicile
982228564,2020-01-29 07:36:48,Domicile,Domicile
982228564,2020-01-29 07:41:57,Domicile,Domicile
982228564,2020-01-29 07:47:20,Domicile,Domicile
982228564,2020-01-29 07:52:33,Domicile,Domicile
982228564,2020-01-29 07:58:31,Domicile,Domicile
982228564,2020-01-29 08:03:39,Domicile,Domicile
982228564,2020-01-29 08:08:43,Domicile,Domicile
982228564,2020-01-29 08:53:20,Domicile,indoor
982228564,2020-01-29 08:58:21,Domicile,Bureau
982228564,2020-01-29 09:03:21,Domicile,Bureau
982228564,2020-01-29 09:18:58,Métro,Bureau
982228564,2020-01-29 09:24:16,Métro,Bureau
982228564,2020-01-29 09:29:18,Métro,Bureau
982228564,2020-01-29 09:34:33,Métro,Bureau
982228564,2020-01-29 09:40:02,Métro,Bureau
982228564,2020-01-29 09:45:12,Métro,Bureau
982228564,2020-01-29 10:00:42,Bureau,Bureau
982228564,2020-01-29 10:06:01,Bureau,Bureau
982228564,2020-01-29 10:11:12,Bureau,Bureau
982228564,2020-01-29 10:16:31,Bureau,Bureau
982228564,2020-01-29 10:21:53,Bureau,Bureau
982228564,2020-01-29 10:26:54,Bureau,Bureau
982228564,2020-01-29 10:31:54,Bureau,Bureau
982228564,2020-01-29 10:37:45,Bureau,Bureau
982228564,2020-01-29 10:43:01,Bureau,Bureau
982228564,2020-01-29 10:48:04,Bureau,Bureau
982228564,2020-01-29 10:53:21,Bureau,Bureau
982228564,2020-01-29 10:58:37,Bureau,Bureau
982228564,2020-01-29 11:03:49,Bureau,Bureau
982228564,2020-01-29 11:08:54,Bureau,Bureau
982228564,2020-01-29 11:14:21,Bureau,Bureau
982228564,2020-01-29 11:19:35,Bureau,Bureau
982228564,2020-01-29 11:24:38,Bureau,Bureau
982228564,2020-01-29 11:29:50,Bureau,Bureau
982228564,2020-01-29 11:35:07,Bureau,Bureau
982228564,2020-01-29 11:40:11,Bureau,Bureau
982228564,2020-01-29 11:45:28,Bureau,Bureau
982228564,2020-01-29 11:50:31,Bureau,Bureau
982228564,2020-01-29 11:55:39,Bureau,Bureau
982228564,2020-01-29 12:01:01,Bureau,Bureau
982228564,2020-01-29 12:06:21,Bureau,Bureau
982228564,2020-01-29 12:11:39,Bureau,Bureau
982228564,2020-01-29 12:16:58,Bureau,Bureau
982228564,2020-01-29 12:22:30,Bureau,Bureau
982228564,2020-01-29 12:27:36,Bureau,Bureau
982228564,2020-01-29 12:32:44,Bureau,Bureau
982228564,2020-01-29 12:38:02,Bureau,Bureau
982228564,2020-01-29 12:43:22,Bureau,Bureau
982228564,2020-01-29 12:48:40,Bureau,Bureau
982228564,2020-01-29 12:53:48,Bureau,Bureau
982228564,2020-01-29 12:59:22,Bureau,Bureau
982228564,2020-01-29 13:04:35,Bureau,Bureau
982228564,2020-01-29 13:09:49,Bureau,Bureau
982228564,2020-01-29 13:14:59,Bureau,Bureau
982228564,2020-01-29 13:20:18,Bureau,Bureau
982228564,2020-01-29 13:25:25,Bureau,Bureau
982228564,2020-01-29 13:30:46,Bureau,Bureau
982228564,2020-01-29 13:35:46,Bureau,Bureau
982228564,2020-01-29 13:40:58,Bureau,Bureau
982228564,2020-01-29 13:46:41,Bureau,Bureau
982228564,2020-01-29 13:51:52,Bureau,Bureau
982228564,2020-01-29 13:57:06,Bureau,Bureau
982228564,2020-01-29 14:02:18,Bureau,Bureau
982228564,2020-01-29 14:07:31,Bureau,Bureau
982228564,2020-01-29 14:12:42,Bureau,Bureau
982228564,2020-01-29 14:17:43,Bureau,indoor
982228564,2020-01-29 14:23:06,Bureau,indoor
982228564,2020-01-29 14:28:10,Bureau,indoor
982228564,2020-01-29 15:23:20,Gare,8.0
982228564,2020-01-29 15:28:21,Gare,indoor
982228564,2020-01-29 15:33:21,Gare,indoor
982228564,2020-01-29 15:38:21,Gare,indoor
982228564,2020-01-29 16:29:57,Walk,Domicile
982228564,2020-01-29 16:34:57,Walk,Domicile
982228564,2020-01-29 16:45:36,Parc,Domicile
982228564,2020-01-29 16:50:48,Parc,Domicile
982228564,2020-01-29 16:55:51,Parc,Domicile
982228564,2020-01-29 17:00:52,Parc,Domicile
982228564,2020-01-29 17:10:57,Métro,Domicile
982228564,2020-01-29 17:15:57,Métro,Domicile
982228564,2020-01-29 17:20:57,Métro,Domicile
982228564,2020-01-29 17:30:58,Domicile,Domicile
982228564,2020-01-29 17:35:58,Domicile,Domicile
982228564,2020-01-29 17:40:58,Domicile,Domicile
982228564,2020-01-29 17:45:58,Domicile,Domicile
982228564,2020-01-29 17:50:59,Domicile,Domicile
982228564,2020-01-29 17:55:59,Domicile,Domicile
982228564,2020-01-29 18:00:59,Domicile,Domicile
982228564,2020-01-29 18:06:00,Domicile,6.0
982228564,2020-01-29 18:11:09,Domicile,6.0
982228564,2020-01-29 18:16:10,Domicile,Domicile
982228564,2020-01-29 21:12:42,Domicile,Domicile
982228564,2020-01-29 21:17:58,Domicile,Domicile
982228564,2020-01-29 21:23:19,Domicile,Domicile
982228564,2020-01-29 21:28:33,Domicile,Domicile
982228564,2020-01-29 21:33:57,Domicile,Domicile
982228564,2020-01-29 21:39:17,Domicile,Domicile
982228564,2020-01-29 21:44:40,Domicile,Domicile
982228564,2020-01-29 21:49:48,Domicile,Domicile
982228564,2020-01-29 21:55:01,Domicile,Domicile
982228564,2020-01-29 22:00:10,Domicile,Domicile
982228564,2020-01-29 22:05:10,Domicile,Domicile
982228564,2020-01-29 22:10:29,Domicile,Domicile
982228564,2020-01-29 22:15:29,Domicile,Domicile
982228564,2020-01-29 22:20:44,Domicile,Domicile
982228564,2020-01-29 22:25:52,Domicile,Domicile
982228564,2020-01-29 22:31:10,Domicile,Domicile
982228564,2020-01-29 22:36:17,Domicile,Domicile
982228564,2020-01-29 22:41:24,Domicile,Domicile
982228564,2020-01-29 22:46:25,Domicile,Domicile
982228564,2020-01-29 22:51:26,Domicile,Domicile
982228564,2020-01-29 22:56:26,Domicile,Domicile
982228564,2020-01-29 23:01:26,Domicile,Domicile
982228564,2020-01-29 23:06:27,Domicile,Domicile
982228564,2020-01-29 23:11:28,Domicile,Domicile
982228564,2020-01-29 23:16:28,Domicile,Domicile
982228564,2020-01-29 23:21:29,Domicile,Domicile
982228564,2020-01-29 23:26:29,Domicile,Domicile
982228564,2020-01-29 23:31:29,Domicile,Domicile
982228564,2020-01-29 23:36:30,Domicile,Domicile
982228564,2020-01-29 23:41:30,Domicile,Domicile
982228564,2020-01-29 23:46:36,Domicile,Domicile
982228564,2020-01-29 23:51:46,Domicile,Domicile
982228564,2020-01-29 23:56:48,Domicile,Domicile
982228564,2020-01-30 00:01:57,Domicile,Domicile
982228564,2020-01-30 00:07:22,Domicile,Domicile
982228564,2020-01-30 00:12:27,Domicile,Domicile
982228564,2020-01-30 00:18:01,Domicile,Domicile
982228564,2020-01-30 00:23:10,Domicile,Domicile
982228564,2020-01-30 00:28:19,Domicile,Domicile
982228564,2020-01-30 00:33:23,Domicile,Domicile
982228564,2020-01-30 00:38:31,Domicile,Domicile
982228564,2020-01-30 00:43:40,Domicile,Domicile
982228564,2020-01-30 00:48:43,Domicile,Domicile
982228564,2020-01-30 00:53:52,Domicile,Domicile
982228564,2020-01-30 00:59:00,Domicile,Domicile
982228564,2020-01-30 01:04:08,Domicile,Domicile
982228564,2020-01-30 01:09:25,Domicile,Domicile
982228564,2020-01-30 01:14:34,Domicile,Domicile
982228564,2020-01-30 01:20:01,Domicile,Domicile
982228564,2020-01-30 01:25:44,Domicile,Domicile
982228564,2020-01-30 01:30:44,Domicile,Domicile
982228564,2020-01-30 01:35:53,Domicile,Domicile
982228564,2020-01-30 01:41:02,Domicile,Domicile
982228564,2020-01-30 01:46:11,Domicile,Domicile
982228564,2020-01-30 01:51:21,Domicile,Domicile
982228564,2020-01-30 01:56:22,Domicile,Domicile
982228564,2020-01-30 02:01:31,Domicile,Domicile
982228564,2020-01-30 02:06:40,Domicile,Domicile
982228564,2020-01-30 02:11:48,Domicile,Domicile
982228564,2020-01-30 02:16:57,Domicile,Domicile
982228564,2020-01-30 02:22:01,Domicile,Domicile
982228564,2020-01-30 02:27:06,Domicile,Domicile
982228564,2020-01-30 02:32:15,Domicile,Domicile
982228564,2020-01-30 02:37:23,Domicile,Domicile
982228564,2020-01-30 02:42:32,Domicile,Domicile
982228564,2020-01-30 02:47:39,Domicile,Domicile
982228564,2020-01-30 02:53:00,Domicile,Domicile
983602168,2020-02-09 03:00:01,Domicile,indoor
983602168,2020-02-09 03:05:29,Domicile,Domicile
983602168,2020-02-09 03:11:01,Domicile,Domicile
983602168,2020-02-09 03:16:01,Domicile,Domicile
983602168,2020-02-09 03:21:02,Domicile,Domicile
983602168,2020-02-09 03:26:02,Domicile,Domicile
983602168,2020-02-09 03:31:02,Domicile,Domicile
983602168,2020-02-09 03:36:02,Domicile,Domicile
983602168,2020-02-09 03:41:22,Domicile,Domicile
983602168,2020-02-09 03:46:51,Domicile,Domicile
983602168,2020-02-09 03:51:51,Domicile,Domicile
983602168,2020-02-09 03:56:51,Domicile,Domicile
983602168,2020-02-09 04:02:00,Domicile,Domicile
983602168,2020-02-09 04:07:00,Domicile,Domicile
983602168,2020-02-09 04:12:01,Domicile,Domicile
983602168,2020-02-09 04:17:02,Domicile,Domicile
983602168,2020-02-09 04:22:02,Domicile,Domicile
983602168,2020-02-09 04:27:02,Domicile,Domicile
983602168,2020-02-09 04:32:03,Domicile,Domicile
983602168,2020-02-09 04:37:03,Domicile,Domicile
983602168,2020-02-09 04:42:04,Domicile,Domicile
983602168,2020-02-09 04:47:04,Domicile,Domicile
983602168,2020-02-09 04:52:05,Domicile,Domicile
983602168,2020-02-09 04:57:05,Domicile,Domicile
983602168,2020-02-09 05:02:05,Domicile,Domicile
983602168,2020-02-09 05:07:05,Domicile,Domicile
983602168,2020-02-09 05:12:05,Domicile,Domicile
983602168,2020-02-09 05:17:05,Domicile,Domicile
983602168,2020-02-09 05:22:05,Domicile,Domicile
983602168,2020-02-09 05:27:05,Domicile,Domicile
983602168,2020-02-09 05:32:05,Domicile,Domicile
983602168,2020-02-09 05:37:05,Domicile,Domicile
983602168,2020-02-09 05:42:06,Domicile,Domicile
983602168,2020-02-09 05:47:07,Domicile,Domicile
983602168,2020-02-09 05:52:07,Domicile,Domicile
983602168,2020-02-09 05:57:07,Domicile,Domicile
983602168,2020-02-09 06:02:08,Domicile,Domicile
983602168,2020-02-09 06:07:08,Domicile,Domicile
983602168,2020-02-09 06:12:09,Domicile,Domicile
983602168,2020-02-09 06:17:09,Domicile,Domicile
983602168,2020-02-09 06:22:10,Domicile,Domicile
983602168,2020-02-09 06:27:20,Domicile,Domicile
983602168,2020-02-09 06:32:21,Domicile,Domicile
983602168,2020-02-09 06:37:44,Domicile,Domicile
983602168,2020-02-09 06:42:44,Domicile,Domicile
983602168,2020-02-09 06:48:20,Domicile,Domicile
983602168,2020-02-09 06:53:45,Domicile,Domicile
983602168,2020-02-09 06:58:45,Domicile,Domicile
983602168,2020-02-09 07:03:45,Domicile,Domicile
983602168,2020-02-09 07:09:00,Domicile,Domicile
983602168,2020-02-09 07:14:03,Domicile,Domicile
983602168,2020-02-09 07:19:43,Domicile,Domicile
983602168,2020-02-09 07:24:43,Domicile,Domicile
983602168,2020-02-09 07:29:55,Domicile,Domicile
983602168,2020-02-09 07:34:56,Domicile,Domicile
983602168,2020-02-09 07:39:57,Domicile,Domicile
983602168,2020-02-09 07:44:58,Domicile,Domicile
983602168,2020-02-09 07:49:59,Domicile,Domicile
983602168,2020-02-09 07:54:59,Domicile,Domicile
983602168,2020-02-09 07:59:59,Domicile,Domicile
983602168,2020-02-09 08:04:59,Domicile,Domicile
983602168,2020-02-09 08:10:00,Domicile,Domicile
983602168,2020-02-09 08:15:01,Domicile,Domicile
983602168,2020-02-09 08:20:01,Domicile,Domicile
983602168,2020-02-09 08:25:02,Domicile,Domicile
983602168,2020-02-09 08:30:02,Domicile,Domicile
983602168,2020-02-09 08:35:02,Domicile,Domicile
983602168,2020-02-09 08:40:02,Domicile,Domicile
983602168,2020-02-09 08:45:02,Domicile,Domicile
983602168,2020-02-09 08:50:03,Domicile,Domicile
983602168,2020-02-09 08:55:03,Domicile,Domicile
983602168,2020-02-09 09:00:03,Domicile,Domicile
983602168,2020-02-09 09:05:03,Domicile,Domicile
983602168,2020-02-09 09:10:04,Domicile,Domicile
983602168,2020-02-09 09:15:05,Domicile,Domicile
983602168,2020-02-09 09:20:05,Domicile,Domicile
983602168,2020-02-09 09:25:06,Domicile,Domicile
983602168,2020-02-09 09:30:06,Domicile,Domicile
983602168,2020-02-09 09:35:07,Domicile,Domicile
983602168,2020-02-09 09:40:08,Domicile,Domicile
983602168,2020-02-09 09:45:08,Domicile,Domicile
983602168,2020-02-09 09:50:08,Domicile,Domicile
983602168,2020-02-09 09:55:08,Domicile,Domicile
983602168,2020-02-09 10:00:08,Domicile,Domicile
983602168,2020-02-09 10:05:09,Domicile,Domicile
983602168,2020-02-09 10:10:09,Domicile,Domicile
983602168,2020-02-09 10:15:10,Domicile,Domicile
983602168,2020-02-09 10:20:11,Domicile,Domicile
983602168,2020-02-09 10:25:11,Domicile,Domicile
983602168,2020-02-09 10:30:11,Domicile,Domicile
983602168,2020-02-09 10:35:11,Domicile,Domicile
983602168,2020-02-09 10:40:11,Domicile,Domicile
983602168,2020-02-09 10:45:12,Domicile,Domicile
983602168,2020-02-09 10:50:13,Domicile,Domicile
983602168,2020-02-09 10:55:13,Domicile,Domicile
983602168,2020-02-09 11:00:13,Domicile,Domicile
983602168,2020-02-09 11:05:13,Domicile,Domicile
983602168,2020-02-09 11:10:13,Domicile,Domicile
983602168,2020-02-09 11:15:14,Domicile,Domicile
983602168,2020-02-09 11:20:35,Domicile,Domicile
983602168,2020-02-09 11:25:36,Domicile,Domicile
983602168,2020-02-09 11:30:36,Domicile,Domicile
983602168,2020-02-09 11:35:36,Domicile,Domicile
983602168,2020-02-09 11:40:36,Domicile,Domicile
983602168,2020-02-09 11:46:13,Domicile,Domicile
983602168,2020-02-09 11:51:13,Domicile,Domicile
983602168,2020-02-09 11:56:38,Domicile,Domicile
983602168,2020-02-09 12:01:45,Domicile,Domicile
983602168,2020-02-09 12:07:00,Domicile,Domicile
983602168,2020-02-09 12:12:12,Domicile,indoor
983602168,2020-02-09 12:17:30,Domicile,indoor
983602168,2020-02-09 12:22:35,Domicile,indoor
983602168,2020-02-09 12:27:57,Domicile,indoor
983602168,2020-02-09 12:32:58,Domicile,indoor
983602168,2020-02-09 12:38:00,Domicile,indoor
983602168,2020-02-09 12:43:00,Domicile,indoor
983602168,2020-02-09 12:48:01,Domicile,indoor
983602168,2020-02-09 12:53:02,Domicile,indoor
983602168,2020-02-09 12:58:03,Domicile,indoor
983602168,2020-02-09 13:03:04,Domicile,indoor
983602168,2020-02-09 13:08:05,Domicile,indoor
983602168,2020-02-09 16:13:31,Domicile,indoor
983602168,2020-02-09 16:18:31,Domicile,indoor
983602168,2020-02-09 16:23:32,Domicile,indoor
983602168,2020-02-09 16:28:32,Domicile,indoor
983602168,2020-02-09 16:38:09,Domicile,Domicile
983602168,2020-02-09 16:43:15,Domicile,Domicile
983602168,2020-02-09 16:48:15,Domicile,Domicile
983602168,2020-02-09 16:53:16,Domicile,Domicile
983602168,2020-02-09 16:58:17,Domicile,Domicile
983602168,2020-02-09 17:03:17,Domicile,Domicile
983602168,2020-02-09 17:13:18,Voiture,Domicile
983602168,2020-02-09 17:18:19,Voiture,Domicile
983602168,2020-02-09 17:23:20,Voiture,Domicile
983602168,2020-02-09 17:33:21,Domicile,Domicile
983602168,2020-02-09 17:38:21,Domicile,Domicile
983602168,2020-02-09 17:43:21,Domicile,Domicile
983602168,2020-02-09 17:48:21,Domicile,Domicile
983602168,2020-02-09 17:53:21,Domicile,Domicile
983602168,2020-02-09 17:58:21,Domicile,Domicile
983602168,2020-02-09 18:03:21,Domicile,Domicile
983602168,2020-02-09 18:08:21,Domicile,Domicile
983602168,2020-02-09 18:13:22,Domicile,Domicile
983602168,2020-02-09 18:18:22,Domicile,Domicile
983602168,2020-02-09 18:23:22,Domicile,Domicile
983602168,2020-02-09 18:28:23,Domicile,Domicile
983602168,2020-02-09 18:33:23,Domicile,Domicile
983602168,2020-02-09 18:38:23,Domicile,Domicile
983602168,2020-02-09 18:43:24,Domicile,Domicile
983602168,2020-02-09 18:48:24,Domicile,Domicile
983602168,2020-02-09 18:53:32,Domicile,Domicile
983602168,2020-02-09 18:58:50,Domicile,Domicile
983602168,2020-02-09 19:03:51,Domicile,Domicile
983602168,2020-02-09 19:09:00,Domicile,Domicile
983602168,2020-02-09 19:14:00,Domicile,Domicile
983602168,2020-02-09 19:19:00,Domicile,Domicile
983602168,2020-02-09 19:24:02,Domicile,Domicile
983602168,2020-02-09 19:29:37,Domicile,Domicile
983602168,2020-02-09 19:35:00,Domicile,Domicile
983602168,2020-02-09 19:40:02,Domicile,Domicile
983602168,2020-02-09 19:45:40,Domicile,Domicile
983602168,2020-02-09 19:50:42,Domicile,Domicile
983602168,2020-02-09 19:56:00,Domicile,Domicile
983602168,2020-02-09 20:01:00,Domicile,Domicile
983602168,2020-02-09 20:06:00,Domicile,Domicile
983602168,2020-02-09 20:11:00,Domicile,Domicile
983602168,2020-02-09 20:16:20,Domicile,Domicile
983602168,2020-02-09 20:21:38,Domicile,Domicile
983602168,2020-02-09 20:26:42,Domicile,Domicile
983602168,2020-02-09 20:31:43,Domicile,Domicile
983602168,2020-02-09 20:36:43,Domicile,Domicile
983602168,2020-02-09 20:41:44,Domicile,Domicile
983602168,2020-02-09 20:46:44,Domicile,Domicile
983602168,2020-02-09 20:51:45,Domicile,Domicile
983602168,2020-02-09 20:56:46,Domicile,Domicile
983602168,2020-02-09 21:01:46,Domicile,Domicile
983602168,2020-02-09 21:06:47,Domicile,Domicile
983602168,2020-02-09 21:11:48,Domicile,Domicile
983602168,2020-02-09 21:16:48,Domicile,Domicile
983602168,2020-02-09 21:21:48,Domicile,Domicile
983602168,2020-02-09 21:26:48,Domicile,Domicile
983602168,2020-02-09 21:31:49,Domicile,Domicile
983602168,2020-02-09 21:36:49,Domicile,Domicile
983602168,2020-02-09 21:41:49,Domicile,Domicile
983602168,2020-02-09 21:46:50,Domicile,Domicile
983602168,2020-02-09 21:51:51,Domicile,Domicile
983602168,2020-02-09 21:57:00,Domicile,Domicile
983602168,2020-02-09 22:02:02,Domicile,Domicile
983602168,2020-02-09 22:07:03,Domicile,Domicile
983602168,2020-02-09 22:12:38,Domicile,Domicile
983602168,2020-02-09 22:17:39,Domicile,Domicile
983602168,2020-02-09 22:22:39,Domicile,Domicile
983602168,2020-02-09 22:27:39,Domicile,Domicile
983602168,2020-02-09 22:32:39,Domicile,Domicile
983602168,2020-02-09 22:37:39,Domicile,Domicile
983602168,2020-02-09 22:42:39,Domicile,Domicile
983602168,2020-02-09 22:47:39,Domicile,Domicile
983602168,2020-02-09 22:52:39,Domicile,Domicile
983602168,2020-02-09 22:57:39,Domicile,Domicile
983602168,2020-02-09 23:02:42,Domicile,Domicile
983602168,2020-02-09 23:07:42,Domicile,Domicile
983602168,2020-02-09 23:12:42,Domicile,Domicile
983602168,2020-02-09 23:17:42,Domicile,Domicile
983602168,2020-02-09 23:22:42,Domicile,Domicile
983602168,2020-02-09 23:27:43,Domicile,Domicile
983602168,2020-02-09 23:32:44,Domicile,Domicile
983602168,2020-02-09 23:37:44,Domicile,Domicile
983602168,2020-02-09 23:42:44,Domicile,Domicile
983602168,2020-02-09 23:47:44,Domicile,Domicile
983602168,2020-02-09 23:52:45,Domicile,Domicile
983602168,2020-02-09 23:58:01,Domicile,Domicile
983602168,2020-02-10 00:03:13,Domicile,Domicile
983602168,2020-02-10 00:08:15,Domicile,Domicile
983602168,2020-02-10 00:13:23,Domicile,Domicile
983602168,2020-02-10 00:18:23,Domicile,Domicile
983602168,2020-02-10 00:24:00,Domicile,Domicile
983602168,2020-02-10 00:29:00,Domicile,Domicile
983602168,2020-02-10 00:34:00,Domicile,Domicile
983602168,2020-02-10 00:39:03,Domicile,Domicile
983602168,2020-02-10 00:44:03,Domicile,Domicile
983602168,2020-02-10 00:49:03,Domicile,Domicile
983602168,2020-02-10 00:54:03,Domicile,Domicile
983602168,2020-02-10 00:59:03,Domicile,Domicile
983602168,2020-02-10 01:04:26,Domicile,Domicile
983602168,2020-02-10 01:09:26,Domicile,Domicile
983602168,2020-02-10 01:14:27,Domicile,Domicile
983602168,2020-02-10 01:19:27,Domicile,Domicile
983602168,2020-02-10 01:24:29,Domicile,Domicile
983602168,2020-02-10 01:29:29,Domicile,Domicile
983602168,2020-02-10 01:34:42,Domicile,Domicile
983602168,2020-02-10 01:39:43,Domicile,Domicile
983602168,2020-02-10 01:44:43,Domicile,Domicile
983602168,2020-02-10 01:50:33,Domicile,Domicile
983602168,2020-02-10 01:55:34,Domicile,Domicile
983602168,2020-02-10 02:00:35,Domicile,Domicile
983602168,2020-02-10 02:05:36,Domicile,Domicile
983602168,2020-02-10 02:10:37,Domicile,Domicile
983602168,2020-02-10 02:15:38,Domicile,Domicile
983602168,2020-02-10 02:20:38,Domicile,Domicile
983602168,2020-02-10 02:25:43,Domicile,Domicile
983602168,2020-02-10 02:31:01,Domicile,Domicile
983602168,2020-02-10 02:36:02,Domicile,Domicile
983602168,2020-02-10 02:41:06,Domicile,Domicile
983602168,2020-02-10 02:46:06,Domicile,Domicile
983602168,2020-02-10 02:51:22,Domicile,Domicile
983602168,2020-02-10 02:56:41,Domicile,Domicile
983602168,2020-02-10 03:01:49,Domicile,Domicile
983602168,2020-02-10 03:06:59,Domicile,Domicile
983602168,2020-02-10 03:12:00,Domicile,Domicile
983602168,2020-02-10 03:17:01,Domicile,Domicile
983602168,2020-02-10 03:22:21,Domicile,Domicile
983602168,2020-02-10 03:27:41,Domicile,Domicile
983602168,2020-02-10 03:33:00,Domicile,Domicile
983602168,2020-02-10 03:38:21,Domicile,Domicile
983602168,2020-02-10 03:44:00,Domicile,Domicile
983602168,2020-02-10 03:49:00,Domicile,Domicile
983602168,2020-02-10 03:54:21,Domicile,Domicile
983602168,2020-02-10 04:00:00,Domicile,Domicile
983602168,2020-02-10 04:05:00,Domicile,Domicile
983602168,2020-02-10 04:10:00,Domicile,Domicile
983602168,2020-02-10 04:15:00,Domicile,Domicile
983602168,2020-02-10 04:20:00,Domicile,Domicile
983602168,2020-02-10 04:25:21,Domicile,Domicile
983602168,2020-02-10 04:31:00,Domicile,Domicile
983602168,2020-02-10 04:36:01,Domicile,Domicile
983602168,2020-02-10 04:41:20,Domicile,Domicile
983602168,2020-02-10 04:46:20,Domicile,Domicile
983602168,2020-02-10 04:51:22,Domicile,Domicile
983602168,2020-02-10 04:56:24,Domicile,Domicile
983602168,2020-02-10 05:02:00,Domicile,Domicile
983602168,2020-02-10 05:07:00,Domicile,Domicile
983602168,2020-02-10 05:12:01,Domicile,Domicile
983602168,2020-02-10 05:17:20,Domicile,Domicile
983602168,2020-02-10 05:22:21,Domicile,Domicile
983602168,2020-02-10 05:27:21,Domicile,Domicile
983602168,2020-02-10 05:33:01,Domicile,Domicile
983602168,2020-02-10 05:38:20,Domicile,Domicile
983602168,2020-02-10 05:43:20,Domicile,Domicile
983602168,2020-02-10 05:48:26,Domicile,Domicile
983602168,2020-02-10 05:53:51,Domicile,Domicile
983602168,2020-02-10 05:58:51,Domicile,Domicile
983602168,2020-02-10 06:03:51,Domicile,Domicile
983602168,2020-02-10 06:08:51,Domicile,Domicile
983602168,2020-02-10 06:13:52,Domicile,Domicile
983602168,2020-02-10 06:18:53,Domicile,Domicile
983602168,2020-02-10 06:23:53,Domicile,Domicile
983602168,2020-02-10 06:28:53,Domicile,Domicile
983602168,2020-02-10 06:33:53,Domicile,Domicile
983602168,2020-02-10 06:38:53,Domicile,Domicile
983602168,2020-02-10 06:43:53,Domicile,Domicile
983602168,2020-02-10 06:49:11,Domicile,Domicile
983602168,2020-02-10 06:54:11,Domicile,Domicile
983602168,2020-02-10 06:59:11,Domicile,Domicile
983602168,2020-02-10 07:04:37,Domicile,Bureau
983602168,2020-02-10 07:09:37,Domicile,Bureau
983602168,2020-02-10 07:31:50,Domicile,Bureau
983602168,2020-02-10 07:36:50,Domicile,Bureau
983602168,2020-02-10 07:41:50,Domicile,Bureau
983602168,2020-02-10 07:46:50,Domicile,Bureau
983602168,2020-02-10 08:01:51,Train,Bureau
983602168,2020-02-10 08:06:51,Train,Bureau
983602168,2020-02-10 08:11:51,Train,Bureau
983602168,2020-02-10 08:16:51,Train,Bureau
983602168,2020-02-10 08:21:51,Train,Bureau
983602168,2020-02-10 08:26:51,Train,Bureau
983602168,2020-02-10 08:36:53,Bureau,Bureau
983602168,2020-02-10 08:41:53,Bureau,Bureau
983602168,2020-02-10 08:46:53,Bureau,Bureau
983602168,2020-02-10 08:51:53,Bureau,Bureau
983602168,2020-02-10 08:56:53,Bureau,Bureau
983602168,2020-02-10 09:01:54,Bureau,3.0
983602168,2020-02-10 09:06:55,Bureau,Bureau
983602168,2020-02-10 09:11:55,Bureau,3.0
983602168,2020-02-10 09:16:56,Bureau,3.0
983602168,2020-02-10 09:21:56,Bureau,3.0
983602168,2020-02-10 09:26:56,Bureau,Bureau
983602168,2020-02-10 09:31:57,Bureau,Bureau
983602168,2020-02-10 09:36:57,Bureau,Bureau
983602168,2020-02-10 09:41:57,Bureau,Bureau
983602168,2020-02-10 09:46:57,Bureau,3.0
983602168,2020-02-10 09:51:57,Bureau,3.0
983602168,2020-02-10 09:56:57,Bureau,Bureau
983602168,2020-02-10 10:01:57,Bureau,Bureau
983602168,2020-02-10 10:06:58,Bureau,Bureau
983602168,2020-02-10 10:11:59,Bureau,Bureau
983602168,2020-02-10 10:16:59,Bureau,Bureau
983602168,2020-02-10 10:21:59,Bureau,Bureau
983602168,2020-02-10 10:26:59,Bureau,Bureau
983602168,2020-02-10 10:31:59,Bureau,4.0
983602168,2020-02-10 10:36:59,Bureau,Bureau
983602168,2020-02-10 10:42:00,Bureau,Bureau
983602168,2020-02-10 10:47:01,Bureau,Bureau
983602168,2020-02-10 10:52:01,Bureau,Bureau
983602168,2020-02-10 10:57:01,Bureau,Bureau
983602168,2020-02-10 11:02:02,Bureau,Bureau
983602168,2020-02-10 11:07:03,Bureau,Bureau
983602168,2020-02-10 11:12:03,Bureau,Bureau
983602168,2020-02-10 11:17:03,Bureau,3.0
983602168,2020-02-10 11:22:04,Bureau,3.0
983602168,2020-02-10 11:27:05,Bureau,3.0
983602168,2020-02-10 11:32:05,Bureau,3.0
983602168,2020-02-10 11:37:05,Bureau,3.0
983602168,2020-02-10 11:42:05,Bureau,3.0
983602168,2020-02-10 11:47:05,Bureau,Bureau
983602168,2020-02-10 11:52:18,Bureau,Bureau
983602168,2020-02-10 11:57:18,Bureau,Bureau
983602168,2020-02-10 12:02:19,Bureau,Bureau
983602168,2020-02-10 12:07:19,Bureau,Bureau
983602168,2020-02-10 12:12:20,Bureau,Bureau
983602168,2020-02-10 12:17:20,Bureau,3.0
983602168,2020-02-10 12:22:21,Bureau,3.0
983602168,2020-02-10 12:27:21,Bureau,4.0
983602168,2020-02-10 12:32:21,Bureau,4.0
983602168,2020-02-10 12:37:22,Bureau,Bureau
983602168,2020-02-10 12:42:22,Bureau,Bureau
983602168,2020-02-10 12:47:22,Bureau,Bureau
983602168,2020-02-10 12:52:23,Bureau,4.0
983602168,2020-02-10 12:57:24,Bureau,3.0
983602168,2020-02-10 13:02:24,Bureau,4.0
983602168,2020-02-10 13:07:24,Bureau,Bureau
983602168,2020-02-10 13:12:24,Bureau,Bureau
983602168,2020-02-10 13:17:25,Bureau,Bureau
983602168,2020-02-10 13:22:26,Bureau,Bureau
983602168,2020-02-10 13:27:26,Bureau,Bureau
983602168,2020-02-10 13:32:26,Bureau,Bureau
983602168,2020-02-10 13:37:26,Bureau,Bureau
983602168,2020-02-10 13:42:27,Bureau,Bureau
983602168,2020-02-10 13:47:27,Bureau,4.0
983602168,2020-02-10 13:52:27,Bureau,4.0
983602168,2020-02-10 13:57:27,Bureau,Bureau
983602168,2020-02-10 14:02:28,Bureau,Bureau
983602168,2020-02-10 14:07:28,Bureau,Bureau
983602168,2020-02-10 14:12:29,Bureau,Bureau
983602168,2020-02-10 14:17:29,Bureau,Bureau
983602168,2020-02-10 14:22:29,Bureau,Bureau
983602168,2020-02-10 14:27:29,Bureau,Bureau
983602168,2020-02-10 14:32:29,Bureau,Bureau
983602168,2020-02-10 14:37:29,Bureau,Bureau
983602168,2020-02-10 14:42:30,Bureau,3.0
983602168,2020-02-10 14:47:31,Bureau,Bureau
983602168,2020-02-10 14:52:32,Bureau,Bureau
983602168,2020-02-10 14:57:33,Bureau,Bureau
983602168,2020-02-10 15:02:34,Bureau,Bureau
983602168,2020-02-10 15:07:35,Bureau,Bureau
983602168,2020-02-10 15:12:35,Bureau,Bureau
983602168,2020-02-10 15:17:35,Bureau,Bureau
983602168,2020-02-10 15:22:36,Bureau,Bureau
983602168,2020-02-10 15:27:36,Bureau,Bureau
983602168,2020-02-10 15:32:36,Bureau,Bureau
983602168,2020-02-10 15:37:37,Bureau,Bureau
983602168,2020-02-10 15:42:37,Bureau,Bureau
983602168,2020-02-10 15:47:38,Bureau,Bureau
983602168,2020-02-10 15:52:38,Bureau,Bureau
983602168,2020-02-10 15:57:38,Bureau,Bureau
983602168,2020-02-10 16:02:38,Bureau,Bureau
983602168,2020-02-10 16:07:38,Bureau,Bureau
983602168,2020-02-10 16:12:38,Bureau,Bureau
983602168,2020-02-10 16:17:39,Bureau,Bureau
983602168,2020-02-10 16:22:39,Bureau,Bureau
983602168,2020-02-10 16:27:40,Bureau,Bureau
983602168,2020-02-10 16:32:41,Bureau,Bureau
983602168,2020-02-10 16:37:41,Bureau,4.0
983602168,2020-02-10 16:42:41,Bureau,4.0
983602168,2020-02-10 16:47:41,Bureau,Bureau
983602168,2020-02-10 16:52:41,Bureau,Bureau
983602168,2020-02-10 16:57:41,Bureau,3.0
983602168,2020-02-10 17:02:42,Bureau,3.0
983602168,2020-02-10 17:07:42,Bureau,Bureau
983602168,2020-02-10 17:12:42,Bureau,Bureau
983602168,2020-02-10 17:17:42,Bureau,Bureau
983602168,2020-02-10 17:22:42,Bureau,Bureau
983602168,2020-02-10 17:27:42,Bureau,Bureau
983602168,2020-02-10 17:32:42,Bureau,Bureau
983602168,2020-02-10 17:37:42,Bureau,Bureau
983602168,2020-02-10 17:42:43,Bureau,Bureau
983602168,2020-02-10 17:47:44,Bureau,Bureau
983602168,2020-02-10 17:52:45,Bureau,Bureau
983602168,2020-02-10 17:57:45,Bureau,Bureau
983602168,2020-02-10 18:02:45,Bureau,3.0
983602168,2020-02-10 18:07:45,Bureau,3.0
983602168,2020-02-10 18:17:45,Walk,3.0
983602168,2020-02-10 18:22:45,Walk,3.0
983602168,2020-02-10 18:37:46,Train,4.0
983602168,2020-02-10 19:13:00,Domicile,4.0
983602168,2020-02-10 19:18:01,Domicile,4.0
983602168,2020-02-10 19:42:38,Domicile,7.0
983602168,2020-02-10 19:47:38,Domicile,7.0
983602168,2020-02-10 19:52:39,Domicile,indoor
983602168,2020-02-10 19:57:44,Domicile,indoor
983602168,2020-02-10 20:02:50,Domicile,Domicile
983602168,2020-02-10 20:07:51,Domicile,Domicile
983602168,2020-02-10 20:13:08,Domicile,Domicile
983602168,2020-02-10 20:18:09,Domicile,Domicile
983602168,2020-02-10 20:23:09,Domicile,Domicile
983602168,2020-02-10 20:28:09,Domicile,Domicile
983602168,2020-02-10 20:33:09,Domicile,Domicile
983602168,2020-02-10 20:38:09,Domicile,Domicile
983602168,2020-02-10 20:43:09,Domicile,Domicile
983602168,2020-02-10 20:48:21,Domicile,Domicile
983602168,2020-02-10 20:53:42,Domicile,Domicile
983602168,2020-02-10 20:59:01,Domicile,Domicile
983602168,2020-02-10 21:04:43,Domicile,8.0
983602168,2020-02-10 21:09:50,Domicile,Domicile
983602168,2020-02-10 21:15:00,Domicile,Domicile
983602168,2020-02-10 21:20:02,Domicile,Domicile
983602168,2020-02-10 21:25:17,Domicile,Domicile
983602168,2020-02-10 21:30:41,Domicile,Domicile
983602168,2020-02-10 21:35:43,Domicile,Domicile
983602168,2020-02-10 21:41:01,Domicile,Domicile
983602168,2020-02-10 21:46:01,Domicile,Domicile
983602168,2020-02-10 21:51:25,Domicile,Domicile
983602168,2020-02-10 21:56:41,Domicile,Domicile
983602168,2020-02-10 22:01:42,Domicile,Domicile
983602168,2020-02-10 22:06:43,Domicile,Domicile
983602168,2020-02-10 22:11:45,Domicile,Domicile
983602168,2020-02-10 22:16:45,Domicile,Domicile
983602168,2020-02-10 22:21:45,Domicile,Domicile
983602168,2020-02-10 22:26:45,Domicile,Domicile
983602168,2020-02-10 22:31:45,Domicile,Domicile
983602168,2020-02-10 22:36:45,Domicile,Domicile
983602168,2020-02-10 22:41:45,Domicile,Domicile
983602168,2020-02-10 22:46:46,Domicile,Domicile
983602168,2020-02-10 22:51:47,Domicile,Domicile
983602168,2020-02-10 22:56:47,Domicile,Domicile
983602168,2020-02-10 23:01:48,Domicile,Domicile
983602168,2020-02-10 23:06:48,Domicile,Domicile
983602168,2020-02-10 23:11:48,Domicile,Domicile
983602168,2020-02-10 23:16:49,Domicile,Domicile
983602168,2020-02-10 23:21:49,Domicile,Domicile
983602168,2020-02-10 23:27:00,Domicile,Domicile
983602168,2020-02-10 23:32:01,Domicile,Domicile
983602168,2020-02-10 23:37:02,Domicile,Domicile
983602168,2020-02-10 23:42:37,Domicile,Domicile
983602168,2020-02-10 23:47:43,Domicile,Domicile
983602168,2020-02-10 23:52:51,Domicile,Domicile
983602168,2020-02-10 23:57:59,Domicile,Domicile
983602168,2020-02-11 00:03:00,Domicile,Domicile
983602168,2020-02-11 00:08:04,Domicile,Domicile
983602168,2020-02-11 00:13:41,Domicile,Domicile
983602168,2020-02-11 00:18:41,Domicile,Domicile
983602168,2020-02-11 00:23:41,Domicile,Domicile
983602168,2020-02-11 00:28:41,Domicile,Domicile
983602168,2020-02-11 00:33:43,Domicile,Domicile
983602168,2020-02-11 00:39:00,Domicile,Domicile
983602168,2020-02-11 00:44:00,Domicile,Domicile
983602168,2020-02-11 00:49:00,Domicile,Domicile
983602168,2020-02-11 00:54:01,Domicile,Domicile
983602168,2020-02-11 00:59:27,Domicile,Domicile
983602168,2020-02-11 01:05:01,Domicile,Domicile
983602168,2020-02-11 01:10:10,Domicile,Domicile
983602168,2020-02-11 01:15:19,Domicile,Domicile
983602168,2020-02-11 01:20:21,Domicile,Domicile
983602168,2020-02-11 01:25:41,Domicile,Domicile
983602168,2020-02-11 01:30:41,Domicile,Domicile
983602168,2020-02-11 01:35:41,Domicile,Domicile
983602168,2020-02-11 01:40:42,Domicile,Domicile
983602168,2020-02-11 01:45:42,Domicile,Domicile
983602168,2020-02-11 01:50:42,Domicile,Domicile
983602168,2020-02-11 01:55:42,Domicile,Domicile
983602168,2020-02-11 02:00:43,Domicile,Domicile
983602168,2020-02-11 02:05:43,Domicile,Domicile
983602168,2020-02-11 02:10:43,Domicile,Domicile
983602168,2020-02-11 02:15:43,Domicile,Domicile
983602168,2020-02-11 02:20:45,Domicile,Domicile
983602168,2020-02-11 02:25:45,Domicile,Domicile
983602168,2020-02-11 02:30:45,Domicile,Domicile
983602168,2020-02-11 02:35:45,Domicile,Domicile
983602168,2020-02-11 02:40:45,Domicile,Domicile
983602168,2020-02-11 02:45:46,Domicile,Domicile
983602168,2020-02-11 02:50:47,Domicile,Domicile
983602168,2020-02-11 02:55:47,Domicile,Domicile
983602168,2020-02-11 03:00:59,Domicile,Domicile
983602168,2020-02-11 03:06:22,Domicile,Domicile
983602168,2020-02-11 03:11:31,Domicile,Domicile
983602168,2020-02-11 03:16:43,Domicile,Domicile
983602168,2020-02-11 03:22:00,Domicile,Domicile
983602168,2020-02-11 03:27:01,Domicile,Domicile
983602168,2020-02-11 03:32:11,Domicile,Domicile
983602168,2020-02-11 03:37:25,Domicile,Domicile
983602168,2020-02-11 03:42:28,Domicile,Domicile
983602168,2020-02-11 03:47:37,Domicile,Domicile
983602168,2020-02-11 03:52:40,Domicile,Domicile
983602168,2020-02-11 03:57:43,Domicile,Domicile
983602168,2020-02-11 04:02:44,Domicile,Domicile
983602168,2020-02-11 04:08:03,Domicile,Domicile
983602168,2020-02-11 04:13:43,Domicile,Domicile
983602168,2020-02-11 04:18:43,Domicile,Domicile
983602168,2020-02-11 04:24:00,Domicile,Domicile
983602168,2020-02-11 04:29:00,Domicile,Domicile
983602168,2020-02-11 04:34:22,Domicile,Domicile
983602168,2020-02-11 04:39:41,Domicile,Domicile
983602168,2020-02-11 04:44:41,Domicile,Domicile
983602168,2020-02-11 04:49:43,Domicile,Domicile
983602168,2020-02-11 04:54:43,Domicile,Domicile
983602168,2020-02-11 04:59:44,Domicile,Domicile
983602168,2020-02-11 05:04:45,Domicile,Domicile
983602168,2020-02-11 05:09:46,Domicile,Domicile
983602168,2020-02-11 05:14:46,Domicile,Domicile
983602168,2020-02-11 05:19:47,Domicile,Domicile
983602168,2020-02-11 05:24:47,Domicile,Domicile
983602168,2020-02-11 05:29:47,Domicile,Domicile
983602168,2020-02-11 05:34:47,Domicile,Domicile
983602168,2020-02-11 05:39:47,Domicile,Domicile
983602168,2020-02-11 05:44:48,Domicile,Domicile
983602168,2020-02-11 05:49:48,Domicile,Domicile
983602168,2020-02-11 05:54:48,Domicile,Domicile
983602168,2020-02-11 05:59:48,Domicile,Domicile
983602168,2020-02-11 06:04:48,Domicile,Domicile
983602168,2020-02-11 06:09:48,Domicile,Domicile
983602168,2020-02-11 06:14:48,Domicile,Domicile
983602168,2020-02-11 06:19:48,Domicile,Domicile
983602168,2020-02-11 06:24:48,Domicile,Domicile
983602168,2020-02-11 06:29:48,Domicile,Domicile
983602168,2020-02-11 06:34:48,Domicile,Domicile
983602168,2020-02-11 06:40:00,Domicile,Domicile
983602168,2020-02-11 06:45:00,Domicile,Domicile
983602168,2020-02-11 06:50:07,Domicile,Domicile
983602168,2020-02-11 06:55:07,Domicile,Domicile
983602168,2020-02-11 07:04:27,Domicile,Bureau
983602168,2020-02-11 07:09:27,Domicile,Bureau
983602168,2020-02-11 07:32:36,Domicile,Bureau
983602168,2020-02-11 07:38:31,Domicile,Bureau
983602168,2020-02-11 07:48:33,Walk,Bureau
983602168,2020-02-11 07:53:34,Walk,Bureau
983602168,2020-02-11 08:08:35,Walk,Bureau
983602168,2020-02-11 08:13:35,Walk,Bureau
983602168,2020-02-11 08:18:35,Walk,Bureau
983602168,2020-02-11 08:23:35,Walk,Bureau
983602168,2020-02-11 08:28:35,Walk,Bureau
983602168,2020-02-11 08:38:36,Bureau,3.0
983602168,2020-02-11 08:43:36,Bureau,3.0
983602168,2020-02-11 08:48:36,Bureau,3.0
983602168,2020-02-11 08:53:37,Bureau,3.0
983602168,2020-02-11 08:58:38,Bureau,3.0
983602168,2020-02-11 09:03:38,Bureau,3.0
983602168,2020-02-11 09:08:38,Bureau,3.0
983602168,2020-02-11 09:13:39,Bureau,3.0
983602168,2020-02-11 09:18:39,Bureau,3.0
983602168,2020-02-11 09:23:39,Bureau,3.0
983602168,2020-02-11 09:28:39,Bureau,3.0
983602168,2020-02-11 09:33:39,Bureau,3.0
983602168,2020-02-11 09:38:39,Bureau,3.0
983602168,2020-02-11 09:43:40,Bureau,3.0
983602168,2020-02-11 09:48:41,Bureau,Bureau
983602168,2020-02-11 09:53:41,Bureau,Bureau
983602168,2020-02-11 09:58:41,Bureau,Bureau
983602168,2020-02-11 10:03:41,Bureau,Bureau
983602168,2020-02-11 10:08:41,Bureau,Bureau
983602168,2020-02-11 10:13:41,Bureau,3.0
983602168,2020-02-11 10:18:41,Bureau,3.0
983602168,2020-02-11 10:23:42,Bureau,3.0
983602168,2020-02-11 10:28:43,Bureau,3.0
983602168,2020-02-11 10:33:43,Bureau,Bureau
983602168,2020-02-11 10:38:43,Bureau,Bureau
983602168,2020-02-11 10:43:43,Bureau,Bureau
983602168,2020-02-11 10:48:44,Bureau,3.0
983602168,2020-02-11 10:53:44,Bureau,3.0
983602168,2020-02-11 10:58:44,Bureau,Bureau
983602168,2020-02-11 11:03:45,Bureau,Bureau
983602168,2020-02-11 11:08:45,Bureau,Bureau
983602168,2020-02-11 11:13:45,Bureau,Bureau
983602168,2020-02-11 11:18:45,Bureau,Bureau
983602168,2020-02-11 11:23:45,Bureau,Bureau
983602168,2020-02-11 11:28:45,Bureau,4.0
983602168,2020-02-11 11:33:45,Bureau,2.5
983602168,2020-02-11 11:38:45,Bureau,2.5
983602168,2020-02-11 11:43:45,Bureau,2.5
983602168,2020-02-11 11:48:46,Bureau,2.5
983602168,2020-02-11 11:53:46,Bureau,2.5
983602168,2020-02-11 11:58:47,Bureau,3.0
983602168,2020-02-11 12:03:47,Bureau,3.0
983602168,2020-02-11 12:08:47,Bureau,3.0
983602168,2020-02-11 12:13:47,Bureau,4.0
983602168,2020-02-11 12:18:47,Bureau,3.0
983602168,2020-02-11 12:23:47,Bureau,3.0
983602168,2020-02-11 12:28:47,Bureau,3.0
983602168,2020-02-11 12:33:47,Bureau,3.0
983602168,2020-02-11 12:38:47,Bureau,Bureau
983602168,2020-02-11 12:43:47,Bureau,Bureau
983602168,2020-02-11 12:48:47,Bureau,Bureau
983602168,2020-02-11 12:53:47,Bureau,Bureau
983602168,2020-02-11 12:58:47,Bureau,Bureau
983602168,2020-02-11 13:03:48,Bureau,Bureau
983602168,2020-02-11 13:08:49,Bureau,Bureau
983602168,2020-02-11 13:13:49,Bureau,Bureau
983602168,2020-02-11 13:18:49,Bureau,Bureau
983602168,2020-02-11 13:23:49,Bureau,Bureau
983602168,2020-02-11 13:28:49,Bureau,Bureau
983602168,2020-02-11 13:33:50,Bureau,Bureau
983602168,2020-02-11 13:38:50,Bureau,Bureau
983602168,2020-02-11 13:43:50,Bureau,Bureau
983602168,2020-02-11 13:48:50,Bureau,Bureau
983602168,2020-02-11 13:53:51,Bureau,Bureau
983602168,2020-02-11 13:58:51,Bureau,Bureau
983602168,2020-02-11 14:03:52,Bureau,Bureau
983602168,2020-02-11 14:08:53,Bureau,Bureau
983602168,2020-02-11 14:13:53,Bureau,Bureau
983602168,2020-02-11 14:18:53,Bureau,Bureau
983602168,2020-02-11 14:23:53,Bureau,Bureau
983602168,2020-02-11 14:28:54,Bureau,Bureau
983602168,2020-02-11 14:33:55,Bureau,Bureau
983602168,2020-02-11 14:38:56,Bureau,Bureau
983602168,2020-02-11 14:43:56,Bureau,Bureau
983602168,2020-02-11 14:48:57,Bureau,Bureau
983602168,2020-02-11 14:53:57,Bureau,Bureau
983602168,2020-02-11 14:58:57,Bureau,Bureau
983602168,2020-02-11 15:03:57,Bureau,Bureau
983602168,2020-02-11 15:08:57,Bureau,Bureau
983602168,2020-02-11 15:13:58,Bureau,Bureau
983602168,2020-02-11 15:18:59,Bureau,Bureau
983602168,2020-02-11 15:23:59,Bureau,Bureau
983602168,2020-02-11 15:28:59,Bureau,3.0
983602168,2020-02-11 15:33:59,Bureau,3.0
983602168,2020-02-11 15:38:59,Bureau,3.0
983602168,2020-02-11 15:43:59,Bureau,3.0
983602168,2020-02-11 15:48:59,Bureau,3.0
983602168,2020-02-11 15:53:59,Bureau,3.0
983602168,2020-02-11 15:58:59,Bureau,3.0
983602168,2020-02-11 16:03:59,Bureau,Bureau
983602168,2020-02-11 16:08:59,Bureau,Bureau
983602168,2020-02-11 16:13:59,Bureau,Bureau
983602168,2020-02-11 16:18:59,Bureau,Bureau
983602168,2020-02-11 16:24:00,Bureau,Bureau
983602168,2020-02-11 16:29:01,Bureau,Bureau
983602168,2020-02-11 16:34:01,Bureau,4.0
983602168,2020-02-11 16:39:01,Bureau,Bureau
983602168,2020-02-11 16:44:02,Bureau,Bureau
983602168,2020-02-11 16:49:02,Bureau,Bureau
983602168,2020-02-11 16:54:02,Bureau,3.0
983602168,2020-02-11 16:59:02,Bureau,3.0
983602168,2020-02-11 17:04:02,Bureau,Bureau
983602168,2020-02-11 17:09:02,Bureau,3.0
983602168,2020-02-11 17:14:02,Bureau,Bureau
983602168,2020-02-11 17:19:03,Bureau,Bureau
983602168,2020-02-11 17:24:04,Bureau,3.0
983602168,2020-02-11 17:29:04,Bureau,3.0
983602168,2020-02-11 17:34:05,Bureau,3.0
983602168,2020-02-11 17:39:05,Bureau,3.0
983602168,2020-02-11 17:44:05,Bureau,3.0
983602168,2020-02-11 17:49:05,Bureau,3.0
983602168,2020-02-11 17:54:05,Bureau,Bureau
983602168,2020-02-11 17:59:06,Bureau,Bureau
983602168,2020-02-11 18:04:06,Bureau,3.0
983602168,2020-02-11 18:09:07,Bureau,3.0
983602168,2020-02-11 18:14:08,Bureau,Bureau
983602168,2020-02-11 18:19:09,Bureau,3.0
983602168,2020-02-11 18:24:09,Bureau,3.0
983602168,2020-02-11 18:29:09,Bureau,4.0
983602168,2020-02-11 18:34:09,Bureau,3.0
983602168,2020-02-11 18:39:09,Bureau,3.0
983602168,2020-02-11 18:44:09,Bureau,3.0
983602168,2020-02-11 18:49:10,Bureau,3.0
983602168,2020-02-11 18:54:11,Bureau,Bureau
983602168,2020-02-11 18:59:12,Bureau,Bureau
983602168,2020-02-11 19:04:12,Bureau,Bureau
983602168,2020-02-11 19:09:13,Bureau,Bureau
983602168,2020-02-11 19:14:13,Bureau,Bureau
983602168,2020-02-11 19:19:13,Bureau,Bureau
983602168,2020-02-11 19:24:14,Bureau,Bureau
983602168,2020-02-11 19:29:14,Bureau,Bureau
983602168,2020-02-11 19:34:15,Bureau,Bureau
983602168,2020-02-11 19:59:52,Bureau,Bureau
983602168,2020-02-11 20:04:52,Bureau,Bureau
983602168,2020-02-11 20:10:00,Bureau,Domicile
983602168,2020-02-11 20:15:01,Bureau,Domicile
983602168,2020-02-11 20:20:02,Bureau,Domicile
983602168,2020-02-11 20:25:19,Bureau,Domicile
983602168,2020-02-11 20:30:20,Bureau,Domicile
983602168,2020-02-11 20:40:21,Métro,Domicile
983602168,2020-02-11 20:45:21,Métro,Domicile
983602168,2020-02-11 20:50:21,Métro,Domicile
983602168,2020-02-11 20:55:32,Métro,Domicile
983602168,2020-02-11 21:05:40,Bus,Domicile
983602168,2020-02-11 21:15:41,Domicile,Domicile
983602168,2020-02-11 21:20:41,Domicile,indoor
983602168,2020-02-11 21:25:42,Domicile,indoor
983602168,2020-02-11 21:30:44,Domicile,indoor
983602168,2020-02-11 21:35:54,Domicile,Domicile
983602168,2020-02-11 21:41:22,Domicile,Domicile
983602168,2020-02-11 21:46:23,Domicile,Domicile
983602168,2020-02-11 21:51:23,Domicile,Domicile
983602168,2020-02-11 21:56:34,Domicile,Domicile
983602168,2020-02-11 22:01:34,Domicile,Domicile
983602168,2020-02-11 22:06:34,Domicile,Domicile
983602168,2020-02-11 22:11:34,Domicile,Domicile
983602168,2020-02-11 22:16:34,Domicile,Domicile
983602168,2020-02-11 22:21:35,Domicile,Domicile
983602168,2020-02-11 22:26:35,Domicile,Domicile
983602168,2020-02-11 22:31:36,Domicile,Domicile
983602168,2020-02-11 22:36:36,Domicile,Domicile
983602168,2020-02-11 22:41:37,Domicile,Domicile
983602168,2020-02-11 22:46:37,Domicile,Domicile
983602168,2020-02-11 22:51:38,Domicile,Domicile
983602168,2020-02-11 22:56:38,Domicile,Domicile
983602168,2020-02-11 23:01:38,Domicile,Domicile
983602168,2020-02-11 23:06:38,Domicile,Domicile
983602168,2020-02-11 23:11:38,Domicile,Domicile
983602168,2020-02-11 23:16:38,Domicile,Domicile
983602168,2020-02-11 23:21:38,Domicile,Domicile
983602168,2020-02-11 23:26:38,Domicile,Domicile
983602168,2020-02-11 23:31:38,Domicile,Domicile
983602168,2020-02-11 23:36:42,Domicile,Domicile
983602168,2020-02-12 00:01:53,Domicile,Domicile
983602168,2020-02-12 00:07:21,Domicile,Domicile
983602168,2020-02-12 00:12:21,Domicile,Domicile
983602168,2020-02-12 00:17:41,Domicile,Domicile
983602168,2020-02-12 00:24:29,Domicile,Domicile
983602168,2020-02-12 00:29:29,Domicile,Domicile
983602168,2020-02-12 00:34:30,Domicile,Domicile
983602168,2020-02-12 00:39:30,Domicile,Domicile
983602168,2020-02-12 00:44:30,Domicile,Domicile
983602168,2020-02-12 00:49:31,Domicile,Domicile
983602168,2020-02-12 00:54:31,Domicile,Domicile
983602168,2020-02-12 00:59:32,Domicile,Domicile
983602168,2020-02-12 01:04:33,Domicile,Domicile
983602168,2020-02-12 01:09:33,Domicile,Domicile
983602168,2020-02-12 01:14:33,Domicile,Domicile
983602168,2020-02-12 01:19:33,Domicile,Domicile
983602168,2020-02-12 01:24:33,Domicile,Domicile
983602168,2020-02-12 01:29:33,Domicile,Domicile
983602168,2020-02-12 01:34:34,Domicile,Domicile
983602168,2020-02-12 01:39:35,Domicile,Domicile
983602168,2020-02-12 01:44:35,Domicile,Domicile
983602168,2020-02-12 01:49:36,Domicile,Domicile
983602168,2020-02-12 01:54:36,Domicile,Domicile
983602168,2020-02-12 01:59:36,Domicile,Domicile
983602168,2020-02-12 02:04:36,Domicile,Domicile
983602168,2020-02-12 02:09:37,Domicile,Domicile
983602168,2020-02-12 02:14:37,Domicile,Domicile
983602168,2020-02-12 02:19:38,Domicile,Domicile
983602168,2020-02-12 02:24:38,Domicile,Domicile
983602168,2020-02-12 02:29:38,Domicile,Domicile
983602168,2020-02-12 02:34:38,Domicile,Domicile
983602168,2020-02-12 02:39:38,Domicile,Domicile
983602168,2020-02-12 02:44:38,Domicile,Domicile
983602168,2020-02-12 02:49:38,Domicile,Domicile
983602168,2020-02-12 02:54:38,Domicile,Domicile
983602168,2020-02-12 02:59:39,Domicile,Domicile
983602168,2020-02-12 03:04:40,Domicile,Domicile
983602168,2020-02-12 03:09:41,Domicile,Domicile
983602168,2020-02-12 03:14:41,Domicile,Domicile
983602168,2020-02-12 03:19:41,Domicile,Domicile
983602168,2020-02-12 03:24:41,Domicile,Domicile
983602168,2020-02-12 03:29:42,Domicile,Domicile
983602168,2020-02-12 03:34:42,Domicile,Domicile
983602168,2020-02-12 03:39:42,Domicile,Domicile
983602168,2020-02-12 03:44:42,Domicile,Domicile
983602168,2020-02-12 03:49:43,Domicile,Domicile
983602168,2020-02-12 03:54:44,Domicile,Domicile
983602168,2020-02-12 03:59:45,Domicile,Domicile
983602168,2020-02-12 04:04:46,Domicile,Domicile
983602168,2020-02-12 04:09:46,Domicile,Domicile
983602168,2020-02-12 04:14:47,Domicile,Domicile
983602168,2020-02-12 04:19:47,Domicile,Domicile
983602168,2020-02-12 04:24:47,Domicile,Domicile
983602168,2020-02-12 04:29:47,Domicile,Domicile
983602168,2020-02-12 04:34:47,Domicile,Domicile
983602168,2020-02-12 04:39:47,Domicile,Domicile
983602168,2020-02-12 04:44:47,Domicile,Domicile
983602168,2020-02-12 04:49:47,Domicile,Domicile
983602168,2020-02-12 04:54:47,Domicile,Domicile
983602168,2020-02-12 04:59:48,Domicile,Domicile
983602168,2020-02-12 05:04:48,Domicile,Domicile
983602168,2020-02-12 05:09:48,Domicile,Domicile
983602168,2020-02-12 05:14:48,Domicile,Domicile
983602168,2020-02-12 05:19:49,Domicile,Domicile
983602168,2020-02-12 05:24:50,Domicile,Domicile
983602168,2020-02-12 05:29:50,Domicile,Domicile
983602168,2020-02-12 05:34:51,Domicile,Domicile
983602168,2020-02-12 05:39:52,Domicile,Domicile
983602168,2020-02-12 05:45:32,Domicile,Domicile
983602168,2020-02-12 05:50:32,Domicile,Domicile
983602168,2020-02-12 05:55:32,Domicile,Domicile
983602168,2020-02-12 06:00:32,Domicile,Domicile
983602168,2020-02-12 06:05:32,Domicile,Domicile
983602168,2020-02-12 06:10:32,Domicile,Domicile
983602168,2020-02-12 06:15:32,Domicile,Domicile
983602168,2020-02-12 06:20:32,Domicile,Domicile
983602168,2020-02-12 06:25:32,Domicile,Domicile
983602168,2020-02-12 06:33:19,Domicile,Domicile
983602168,2020-02-12 06:51:23,Domicile,Domicile
983602168,2020-02-12 06:56:23,Domicile,Bureau
983602168,2020-02-12 07:03:53,Domicile,Bureau
983602168,2020-02-12 07:08:53,Domicile,Bureau
983602168,2020-02-12 07:25:53,Domicile,Bureau
983602168,2020-02-12 07:30:53,Domicile,Bureau
983602168,2020-02-12 07:35:54,Domicile,Bureau
983602168,2020-02-12 07:40:54,Domicile,Bureau
983602168,2020-02-12 07:45:54,Domicile,Bureau
983602168,2020-02-12 07:55:54,Métro,4.0
983602168,2020-02-12 08:00:54,Métro,Bureau
983602168,2020-02-12 08:10:54,Train,Bureau
983602168,2020-02-12 08:15:54,Train,3.0
983602168,2020-02-12 08:30:56,Bureau,3.0
983602168,2020-02-12 08:35:56,Bureau,3.0
983602168,2020-02-12 08:40:57,Bureau,Bureau
983602168,2020-02-12 08:45:57,Bureau,3.0
983602168,2020-02-12 08:50:57,Bureau,3.0
983602168,2020-02-12 08:55:57,Bureau,Bureau
983602168,2020-02-12 09:00:57,Bureau,Bureau
983602168,2020-02-12 09:05:58,Bureau,3.0
983602168,2020-02-12 09:10:59,Bureau,3.0
983602168,2020-02-12 09:15:59,Bureau,Bureau
983602168,2020-02-12 09:20:59,Bureau,Bureau
983602168,2020-02-12 09:25:59,Bureau,3.0
983602168,2020-02-12 09:30:59,Bureau,3.0
983602168,2020-02-12 09:35:59,Bureau,3.0
983602168,2020-02-12 09:40:59,Bureau,3.0
983602168,2020-02-12 09:45:59,Bureau,3.0
983602168,2020-02-12 09:50:59,Bureau,3.0
983602168,2020-02-12 09:55:59,Bureau,3.0
983602168,2020-02-12 10:00:59,Bureau,Bureau
983602168,2020-02-12 10:05:59,Bureau,Bureau
983602168,2020-02-12 10:10:59,Bureau,Bureau
983602168,2020-02-12 10:15:59,Bureau,Bureau
983602168,2020-02-12 10:20:59,Bureau,Bureau
983602168,2020-02-12 10:25:59,Bureau,Bureau
983602168,2020-02-12 10:30:59,Bureau,Bureau
983602168,2020-02-12 10:35:59,Bureau,Bureau
983602168,2020-02-12 10:40:59,Bureau,Bureau
983602168,2020-02-12 10:45:59,Bureau,Bureau
983602168,2020-02-12 10:51:00,Bureau,Bureau
983602168,2020-02-12 10:56:01,Bureau,Bureau
983602168,2020-02-12 11:01:02,Bureau,Bureau
983602168,2020-02-12 11:06:02,Bureau,Bureau
983602168,2020-02-12 11:11:02,Bureau,Bureau
983602168,2020-02-12 11:16:03,Bureau,4.0
983602168,2020-02-12 11:21:04,Bureau,4.0
983602168,2020-02-12 11:26:04,Bureau,4.0
983602168,2020-02-12 11:31:05,Bureau,Bureau
983602168,2020-02-12 11:36:05,Bureau,4.0
983602168,2020-02-12 11:41:05,Bureau,4.0
983602168,2020-02-12 11:46:05,Bureau,4.0
983602168,2020-02-12 11:51:05,Bureau,Bureau
983602168,2020-02-12 11:56:05,Bureau,Bureau
983602168,2020-02-12 12:01:05,Bureau,4.0
983602168,2020-02-12 12:06:06,Bureau,4.0
983602168,2020-02-12 12:11:07,Bureau,Bureau
983602168,2020-02-12 12:16:07,Bureau,Bureau
983602168,2020-02-12 12:21:07,Bureau,Bureau
983602168,2020-02-12 12:26:07,Bureau,Bureau
983602168,2020-02-12 12:31:07,Bureau,Bureau
983602168,2020-02-12 12:36:08,Bureau,Bureau
983602168,2020-02-12 12:41:08,Bureau,3.0
983602168,2020-02-12 12:46:08,Bureau,Bureau
983602168,2020-02-12 12:51:09,Bureau,Bureau
983602168,2020-02-12 12:56:09,Bureau,Bureau
983602168,2020-02-12 13:01:09,Bureau,Bureau
983602168,2020-02-12 13:06:09,Bureau,Bureau
983602168,2020-02-12 13:11:09,Bureau,Bureau
983602168,2020-02-12 13:16:09,Bureau,Bureau
983602168,2020-02-12 13:21:10,Bureau,Bureau
983602168,2020-02-12 13:26:11,Bureau,Bureau
983602168,2020-02-12 13:31:11,Bureau,Bureau
983602168,2020-02-12 13:36:11,Bureau,4.0
983602168,2020-02-12 13:41:12,Bureau,Bureau
983602168,2020-02-12 13:46:13,Bureau,Bureau
983602168,2020-02-12 13:51:14,Bureau,4.0
983602168,2020-02-12 13:56:15,Bureau,4.0
983602168,2020-02-12 14:01:15,Bureau,4.0
983602168,2020-02-12 14:06:15,Bureau,Bureau
983602168,2020-02-12 14:11:15,Bureau,Bureau
983602168,2020-02-12 14:16:15,Bureau,Bureau
983602168,2020-02-12 14:21:16,Bureau,Bureau
983602168,2020-02-12 14:26:17,Bureau,Bureau
983602168,2020-02-12 14:31:18,Bureau,Bureau
983602168,2020-02-12 14:36:19,Bureau,Bureau
983602168,2020-02-12 14:41:19,Bureau,4.0
983602168,2020-02-12 14:46:20,Bureau,Bureau
983602168,2020-02-12 14:51:21,Bureau,Bureau
983602168,2020-02-12 14:56:22,Bureau,4.0
983602168,2020-02-12 15:01:22,Bureau,Bureau
983602168,2020-02-12 15:06:23,Bureau,Bureau
983602168,2020-02-12 15:11:24,Bureau,Bureau
983602168,2020-02-12 15:16:25,Bureau,Bureau
983602168,2020-02-12 15:21:25,Bureau,Bureau
983602168,2020-02-12 15:26:26,Bureau,Bureau
983602168,2020-02-12 15:31:27,Bureau,Bureau
983602168,2020-02-12 15:36:28,Bureau,Bureau
983602168,2020-02-12 15:41:29,Bureau,Bureau
983602168,2020-02-12 15:46:29,Bureau,Bureau
983602168,2020-02-12 15:51:30,Bureau,Bureau
983602168,2020-02-12 15:56:30,Bureau,Bureau
983602168,2020-02-12 16:01:30,Bureau,Bureau
983602168,2020-02-12 16:06:31,Bureau,Bureau
983602168,2020-02-12 16:11:32,Bureau,Bureau
983602168,2020-02-12 16:16:32,Bureau,4.0
983602168,2020-02-12 16:21:32,Bureau,Bureau
983602168,2020-02-12 16:26:32,Bureau,Bureau
983602168,2020-02-12 16:31:33,Bureau,Bureau
983602168,2020-02-12 16:36:33,Bureau,Bureau
983602168,2020-02-12 16:41:33,Bureau,Bureau
983602168,2020-02-12 16:46:33,Bureau,Bureau
983602168,2020-02-12 16:51:33,Bureau,Bureau
983602168,2020-02-12 16:56:34,Bureau,Bureau
983602168,2020-02-12 17:01:35,Bureau,Bureau
983602168,2020-02-12 17:06:36,Bureau,Bureau
983602168,2020-02-12 17:11:37,Bureau,Bureau
983602168,2020-02-12 17:16:37,Bureau,Bureau
983602168,2020-02-12 17:21:37,Bureau,4.0
983602168,2020-02-12 17:26:38,Bureau,Bureau
983602168,2020-02-12 17:31:39,Bureau,Bureau
983602168,2020-02-12 17:36:39,Bureau,Bureau
983602168,2020-02-12 17:41:39,Bureau,Bureau
983602168,2020-02-12 17:46:39,Bureau,3.0
983602168,2020-02-12 17:51:40,Bureau,3.0
983602168,2020-02-12 17:56:41,Bureau,3.0
983602168,2020-02-12 18:01:42,Bureau,3.0
983602168,2020-02-12 18:06:43,Bureau,Bureau
983602168,2020-02-12 18:11:43,Bureau,3.0
983602168,2020-02-12 18:16:43,Bureau,3.0
983602168,2020-02-12 18:21:43,Bureau,3.0
983602168,2020-02-12 18:26:43,Bureau,4.0
983602168,2020-02-12 18:31:43,Bureau,4.0
983602168,2020-02-12 18:37:48,Bureau,4.0
983602168,2020-02-12 18:59:23,Bureau,4.0
983602168,2020-02-12 19:04:23,Bureau,indoor
983602168,2020-02-12 19:09:23,Bureau,Domicile
983602168,2020-02-12 19:15:33,Bureau,Domicile
983602168,2020-02-12 19:26:23,Bureau,Domicile
983602168,2020-02-12 19:31:41,Bureau,Domicile
983602168,2020-02-12 19:41:41,Métro,Domicile
983602168,2020-02-12 19:46:41,Métro,Domicile
983602168,2020-02-12 19:51:41,Métro,Domicile
983602168,2020-02-12 20:16:41,Domicile,Domicile
983602168,2020-02-12 20:21:44,Domicile,Domicile
983602168,2020-02-12 20:26:46,Domicile,Domicile
983602168,2020-02-12 20:32:02,Domicile,Domicile
983602168,2020-02-12 20:37:02,Domicile,Domicile
983602168,2020-02-12 20:42:21,Domicile,Domicile
983602168,2020-02-12 20:47:38,Domicile,Domicile
983602168,2020-02-12 20:52:38,Domicile,Domicile
983602168,2020-02-12 20:57:38,Domicile,Domicile
983602168,2020-02-12 21:02:38,Domicile,Domicile
983602168,2020-02-12 21:07:38,Domicile,Domicile
983602168,2020-02-12 21:12:38,Domicile,Domicile
983602168,2020-02-12 21:17:39,Domicile,5.0
983602168,2020-02-12 21:22:39,Domicile,5.0
983602168,2020-02-12 21:27:39,Domicile,5.0
983602168,2020-02-12 21:32:39,Domicile,5.0
983602168,2020-02-12 21:37:43,Domicile,Domicile
983602168,2020-02-12 21:43:03,Domicile,Domicile
983602168,2020-02-12 21:48:04,Domicile,Domicile
983602168,2020-02-12 21:53:05,Domicile,Domicile
983602168,2020-02-12 21:58:05,Domicile,Domicile
983602168,2020-02-12 22:03:05,Domicile,Domicile
983602168,2020-02-12 22:08:05,Domicile,Domicile
983602168,2020-02-12 22:13:05,Domicile,Domicile
983602168,2020-02-12 22:18:05,Domicile,Domicile
983602168,2020-02-12 22:23:05,Domicile,Domicile
983602168,2020-02-12 22:28:06,Domicile,Domicile
983602168,2020-02-12 22:33:06,Domicile,Domicile
983602168,2020-02-12 22:38:07,Domicile,Domicile
983602168,2020-02-12 22:43:07,Domicile,Domicile
983602168,2020-02-12 22:48:08,Domicile,Domicile
983602168,2020-02-12 22:53:09,Domicile,Domicile
983602168,2020-02-12 22:58:10,Domicile,Domicile
983602168,2020-02-12 23:03:11,Domicile,Domicile
983602168,2020-02-12 23:08:12,Domicile,Domicile
983602168,2020-02-12 23:13:12,Domicile,Domicile
983602168,2020-02-12 23:18:12,Domicile,Domicile
983602168,2020-02-12 23:23:13,Domicile,Domicile
983602168,2020-02-12 23:28:14,Domicile,Domicile
983602168,2020-02-12 23:33:15,Domicile,Domicile
983602168,2020-02-12 23:38:26,Domicile,Domicile
983602168,2020-02-12 23:44:14,Domicile,Domicile
983602168,2020-02-12 23:49:22,Domicile,Domicile
983602168,2020-02-12 23:55:22,Domicile,Domicile
983602168,2020-02-13 00:00:24,Domicile,Domicile
983602168,2020-02-13 00:06:22,Domicile,Domicile
983602168,2020-02-13 00:11:28,Domicile,Domicile
983602168,2020-02-13 00:16:35,Domicile,Domicile
983602168,2020-02-13 00:21:41,Domicile,Domicile
983602168,2020-02-13 00:26:42,Domicile,Domicile
983602168,2020-02-13 00:31:44,Domicile,Domicile
983602168,2020-02-13 00:37:02,Domicile,Domicile
983602168,2020-02-13 00:42:09,Domicile,Domicile
983602168,2020-02-13 00:47:19,Domicile,Domicile
983602168,2020-02-13 00:52:21,Domicile,Domicile
983602168,2020-02-13 00:57:24,Domicile,Domicile
983602168,2020-02-13 01:02:24,Domicile,Domicile
983602168,2020-02-13 01:07:42,Domicile,Domicile
983602168,2020-02-13 01:12:42,Domicile,Domicile
983602168,2020-02-13 01:17:46,Domicile,Domicile
983602168,2020-02-13 01:23:21,Domicile,Domicile
983602168,2020-02-13 01:28:21,Domicile,Domicile
983602168,2020-02-13 01:33:22,Domicile,Domicile
983602168,2020-02-13 01:38:23,Domicile,Domicile
983602168,2020-02-13 01:43:24,Domicile,Domicile
983602168,2020-02-13 01:48:24,Domicile,Domicile
983602168,2020-02-13 01:53:25,Domicile,Domicile
983602168,2020-02-13 01:58:25,Domicile,Domicile
983602168,2020-02-13 02:03:26,Domicile,Domicile
983602168,2020-02-13 02:08:27,Domicile,Domicile
983602168,2020-02-13 02:13:27,Domicile,Domicile
983602168,2020-02-13 02:18:28,Domicile,Domicile
983602168,2020-02-13 02:23:28,Domicile,Domicile
983602168,2020-02-13 02:28:29,Domicile,Domicile
983602168,2020-02-13 02:33:30,Domicile,Domicile
983602168,2020-02-13 02:38:30,Domicile,Domicile
983602168,2020-02-13 02:43:31,Domicile,Domicile
983602168,2020-02-13 02:48:31,Domicile,Domicile
983602168,2020-02-13 02:53:31,Domicile,Domicile
983602168,2020-02-13 02:58:31,Domicile,Domicile
983602168,2020-02-13 03:03:32,Domicile,Domicile
983602168,2020-02-13 03:08:32,Domicile,Domicile
983602168,2020-02-13 03:13:32,Domicile,Domicile
983602168,2020-02-13 03:18:32,Domicile,Domicile
983602168,2020-02-13 03:23:32,Domicile,Domicile
983602168,2020-02-13 03:28:32,Domicile,Domicile
983602168,2020-02-13 03:33:32,Domicile,Domicile
983602168,2020-02-13 03:38:32,Domicile,Domicile
983602168,2020-02-13 03:43:33,Domicile,Domicile
983602168,2020-02-13 03:48:43,Domicile,Domicile
983602168,2020-02-13 03:53:43,Domicile,Domicile
983602168,2020-02-13 03:58:44,Domicile,Domicile
983602168,2020-02-13 04:03:45,Domicile,Domicile
983602168,2020-02-13 04:08:45,Domicile,Domicile
983602168,2020-02-13 04:13:45,Domicile,Domicile
983602168,2020-02-13 04:18:45,Domicile,Domicile
983602168,2020-02-13 04:23:45,Domicile,Domicile
983602168,2020-02-13 04:28:45,Domicile,Domicile
983602168,2020-02-13 04:33:45,Domicile,Domicile
983602168,2020-02-13 04:38:45,Domicile,Domicile
983602168,2020-02-13 04:43:45,Domicile,Domicile
983602168,2020-02-13 04:48:45,Domicile,Domicile
983602168,2020-02-13 04:53:45,Domicile,Domicile
983602168,2020-02-13 04:58:46,Domicile,Domicile
983602168,2020-02-13 05:03:46,Domicile,Domicile
983602168,2020-02-13 05:08:46,Domicile,Domicile
983602168,2020-02-13 05:13:47,Domicile,Domicile
983602168,2020-02-13 05:18:47,Domicile,Domicile
983602168,2020-02-13 05:23:47,Domicile,Domicile
983602168,2020-02-13 05:28:47,Domicile,Domicile
983602168,2020-02-13 05:33:47,Domicile,Domicile
983602168,2020-02-13 05:38:49,Domicile,Domicile
983602168,2020-02-13 05:43:49,Domicile,Domicile
983602168,2020-02-13 05:48:50,Domicile,Domicile
983602168,2020-02-13 05:53:50,Domicile,Domicile
983602168,2020-02-13 05:58:50,Domicile,Domicile
983602168,2020-02-13 06:03:50,Domicile,Domicile
983602168,2020-02-13 06:10:41,Domicile,Domicile
983602168,2020-02-13 06:15:41,Domicile,Domicile
983602168,2020-02-13 06:20:52,Domicile,Domicile
983602168,2020-02-13 06:25:53,Domicile,Domicile
983602168,2020-02-13 06:30:53,Domicile,Domicile
983602168,2020-02-13 06:35:53,Domicile,Domicile
983602168,2020-02-13 06:41:01,Domicile,Domicile
983602168,2020-02-13 06:46:13,Domicile,Domicile
983602168,2020-02-13 06:51:13,Domicile,Domicile
983602168,2020-02-13 06:59:32,Domicile,Bureau
983602168,2020-02-13 07:04:32,Domicile,Bureau
983602168,2020-02-13 07:09:40,Domicile,Bureau
983602168,2020-02-13 07:26:47,Domicile,Bureau
983602168,2020-02-13 07:31:48,Domicile,Bureau
983602168,2020-02-13 07:36:48,Domicile,Bureau
983602168,2020-02-13 07:41:48,Domicile,Bureau
983602168,2020-02-13 07:51:49,Métro,Bureau
983602168,2020-02-13 07:56:49,Métro,Bureau
983602168,2020-02-13 08:11:49,Train,4.0
983602168,2020-02-13 08:16:49,Train,4.0
983602168,2020-02-13 08:31:50,Bureau,3.0
983602168,2020-02-13 08:36:50,Bureau,3.0
983602168,2020-02-13 08:41:50,Bureau,3.0
983602168,2020-02-13 08:46:51,Bureau,3.0
983602168,2020-02-13 08:51:51,Bureau,3.0
983602168,2020-02-13 08:56:51,Bureau,3.0
983602168,2020-02-13 09:01:51,Bureau,Bureau
983602168,2020-02-13 09:06:51,Bureau,3.0
983602168,2020-02-13 09:11:51,Bureau,Bureau
983602168,2020-02-13 09:16:51,Bureau,3.0
983602168,2020-02-13 09:21:51,Bureau,4.0
983602168,2020-02-13 09:26:51,Bureau,4.0
983602168,2020-02-13 09:31:51,Bureau,4.0
983602168,2020-02-13 09:36:51,Bureau,Bureau
983602168,2020-02-13 09:41:51,Bureau,4.0
983602168,2020-02-13 09:46:52,Bureau,Bureau
983602168,2020-02-13 09:51:53,Bureau,Bureau
983602168,2020-02-13 09:56:54,Bureau,Bureau
983602168,2020-02-13 10:01:54,Bureau,Bureau
983602168,2020-02-13 10:06:54,Bureau,Bureau
983602168,2020-02-13 10:11:54,Bureau,Bureau
983602168,2020-02-13 10:16:54,Bureau,4.0
983602168,2020-02-13 10:21:54,Bureau,4.0
983602168,2020-02-13 10:26:54,Bureau,4.0
983602168,2020-02-13 10:31:54,Bureau,4.0
983602168,2020-02-13 10:36:54,Bureau,Bureau
983602168,2020-02-13 10:41:54,Bureau,Bureau
983602168,2020-02-13 10:46:55,Bureau,Bureau
983602168,2020-02-13 10:51:55,Bureau,4.0
983602168,2020-02-13 10:56:56,Bureau,4.0
983602168,2020-02-13 11:01:57,Bureau,4.0
983602168,2020-02-13 11:06:57,Bureau,4.0
983602168,2020-02-13 11:11:57,Bureau,Bureau
983602168,2020-02-13 11:16:58,Bureau,3.0
983602168,2020-02-13 11:21:59,Bureau,3.0
983602168,2020-02-13 11:26:59,Bureau,Bureau
983602168,2020-02-13 11:31:59,Bureau,4.0
983602168,2020-02-13 11:36:59,Bureau,4.0
983602168,2020-02-13 11:41:59,Bureau,Bureau
983602168,2020-02-13 11:46:59,Bureau,Bureau
983602168,2020-02-13 11:51:59,Bureau,Bureau
983602168,2020-02-13 11:56:59,Bureau,Bureau
983602168,2020-02-13 12:01:59,Bureau,Bureau
983602168,2020-02-13 12:07:00,Bureau,Bureau
983602168,2020-02-13 12:12:00,Bureau,Bureau
983602168,2020-02-13 12:17:00,Bureau,Bureau
983602168,2020-02-13 12:22:01,Bureau,Bureau
983602168,2020-02-13 12:27:02,Bureau,Bureau
983602168,2020-02-13 13:00:27,Bureau,Bureau
983602168,2020-02-13 14:45:38,Bureau,Bureau
983602168,2020-02-13 14:50:39,Bureau,Bureau
983602168,2020-02-13 14:55:39,Bureau,Bureau
983602168,2020-02-13 15:00:40,Bureau,Bureau
983602168,2020-02-13 15:05:41,Bureau,Bureau
983602168,2020-02-13 15:10:42,Bureau,Bureau
983602168,2020-02-13 15:15:43,Bureau,Bureau
983602168,2020-02-13 15:20:44,Bureau,Bureau
983602168,2020-02-13 15:25:45,Bureau,Bureau
983602168,2020-02-13 15:30:46,Bureau,Bureau
983602168,2020-02-13 15:35:47,Bureau,Bureau
983602168,2020-02-13 15:40:47,Bureau,Bureau
983602168,2020-02-13 15:45:47,Bureau,Bureau
983602168,2020-02-13 15:50:47,Bureau,Bureau
983602168,2020-02-13 15:55:48,Bureau,Bureau
983602168,2020-02-13 16:00:48,Bureau,Bureau
983602168,2020-02-13 16:05:49,Bureau,Bureau
983602168,2020-02-13 16:10:49,Bureau,Bureau
983602168,2020-02-13 16:15:50,Bureau,Bureau
983602168,2020-02-13 16:20:51,Bureau,Bureau
983602168,2020-02-13 16:25:51,Bureau,Bureau
983602168,2020-02-13 16:30:52,Bureau,Bureau
983602168,2020-02-13 16:35:52,Bureau,3.0
983602168,2020-02-13 16:40:52,Bureau,Bureau
983602168,2020-02-13 16:45:52,Bureau,Bureau
983602168,2020-02-13 16:50:53,Bureau,Bureau
983602168,2020-02-13 16:55:54,Bureau,Bureau
983602168,2020-02-13 17:00:54,Bureau,Bureau
983602168,2020-02-13 17:05:55,Bureau,Bureau
983602168,2020-02-13 17:10:55,Bureau,Bureau
983602168,2020-02-13 17:15:55,Bureau,Bureau
983602168,2020-02-13 17:20:55,Bureau,Bureau
983602168,2020-02-13 17:25:55,Bureau,Bureau
983602168,2020-02-13 17:30:55,Bureau,Bureau
983602168,2020-02-13 17:35:55,Bureau,Bureau
983602168,2020-02-13 17:40:55,Bureau,Bureau
983602168,2020-02-13 17:45:55,Bureau,Bureau
983602168,2020-02-13 17:50:55,Bureau,3.0
983602168,2020-02-13 17:55:55,Bureau,3.0
983602168,2020-02-13 18:00:55,Bureau,3.0
983602168,2020-02-13 18:05:55,Bureau,Bureau
983602168,2020-02-13 18:10:55,Bureau,3.0
983602168,2020-02-13 18:15:55,Bureau,3.0
983602168,2020-02-13 18:20:55,Bureau,3.0
983602168,2020-02-13 18:25:56,Bureau,3.0
983602168,2020-02-13 18:31:43,Bureau,3.0
983602168,2020-02-13 18:57:34,Bureau,3.0
983602168,2020-02-13 19:02:34,Bureau,3.0
983602168,2020-02-13 19:09:24,Bureau,indoor
983602168,2020-02-13 19:12:34,Bureau,Domicile
983602168,2020-02-13 19:17:35,Bureau,Domicile
983602168,2020-02-13 19:22:36,Bureau,Domicile
983602168,2020-02-13 19:37:48,Métro,Domicile
983602168,2020-02-13 19:42:49,Métro,Domicile
983602168,2020-02-13 19:47:49,Métro,Domicile
983602168,2020-02-13 19:52:50,Métro,Domicile
983602168,2020-02-13 20:19:01,Domicile,Domicile
983602168,2020-02-13 20:24:01,Domicile,Domicile
983602168,2020-02-13 20:29:02,Domicile,Domicile
983602168,2020-02-13 20:34:21,Domicile,Domicile
983602168,2020-02-13 20:39:40,Domicile,Domicile
983602168,2020-02-13 20:44:58,Domicile,Domicile
983602168,2020-02-13 20:50:02,Domicile,Domicile
983602168,2020-02-13 20:56:22,Domicile,Domicile
983602168,2020-02-13 21:01:29,Domicile,Domicile
983602168,2020-02-13 21:06:44,Domicile,Domicile
983602168,2020-02-13 21:12:41,Domicile,Domicile
983602168,2020-02-13 21:17:53,Domicile,Domicile
983602168,2020-02-13 21:22:55,Domicile,Domicile
983602168,2020-02-13 21:28:12,Domicile,Domicile
983602168,2020-02-13 21:33:21,Domicile,Domicile
983602168,2020-02-13 21:38:26,Domicile,Domicile
983602168,2020-02-13 21:44:17,Domicile,Domicile
983602168,2020-02-13 21:49:18,Domicile,Domicile
983602168,2020-02-13 21:54:38,Domicile,Domicile
983602168,2020-02-13 21:59:44,Domicile,Domicile
983602168,2020-02-13 22:05:47,Domicile,Domicile
983602168,2020-02-13 22:11:02,Domicile,Domicile
983602168,2020-02-13 22:16:25,Domicile,Domicile
983602168,2020-02-13 22:21:45,Domicile,Domicile
983602168,2020-02-13 22:27:45,Domicile,Domicile
983602168,2020-02-13 22:33:01,Domicile,Domicile
983602168,2020-02-13 22:39:01,Domicile,Domicile
983602168,2020-02-13 22:44:02,Domicile,Domicile
983602168,2020-02-13 22:49:34,Domicile,Domicile
983602168,2020-02-13 22:54:42,Domicile,Domicile
983602168,2020-02-13 23:00:36,Domicile,Domicile
983602168,2020-02-13 23:06:13,Domicile,Domicile
983602168,2020-02-13 23:11:22,Domicile,Domicile
983602168,2020-02-13 23:16:26,Domicile,Domicile
983602168,2020-02-13 23:22:25,Domicile,Domicile
983602168,2020-02-13 23:27:42,Domicile,Domicile
983602168,2020-02-13 23:33:01,Domicile,Domicile
983602168,2020-02-13 23:38:01,Domicile,Domicile
983602168,2020-02-13 23:43:07,Domicile,Domicile
983602168,2020-02-13 23:48:22,Domicile,Domicile
983602168,2020-02-13 23:53:41,Domicile,Domicile
983602168,2020-02-13 23:58:57,Domicile,Domicile
983602168,2020-02-14 00:04:01,Domicile,Domicile
983602168,2020-02-14 00:09:07,Domicile,Domicile
983602168,2020-02-14 00:14:07,Domicile,Domicile
983602168,2020-02-14 00:19:27,Domicile,Domicile
983602168,2020-02-14 00:24:47,Domicile,Domicile
983602168,2020-02-14 00:30:42,Domicile,Domicile
983602168,2020-02-14 00:36:57,Domicile,Domicile
983602168,2020-02-14 00:42:41,Domicile,Domicile
983602168,2020-02-14 00:48:57,Domicile,Domicile
983602168,2020-02-14 00:53:57,Domicile,Domicile
983602168,2020-02-14 00:59:01,Domicile,Domicile
983602168,2020-02-14 01:04:02,Domicile,Domicile
983602168,2020-02-14 01:09:45,Domicile,Domicile
983602168,2020-02-14 01:14:47,Domicile,Domicile
983602168,2020-02-14 01:20:01,Domicile,Domicile
983602168,2020-02-14 01:25:47,Domicile,Domicile
983602168,2020-02-14 01:30:48,Domicile,Domicile
983602168,2020-02-14 01:35:48,Domicile,Domicile
983602168,2020-02-14 01:40:48,Domicile,Domicile
983602168,2020-02-14 01:45:49,Domicile,Domicile
983602168,2020-02-14 01:50:50,Domicile,Domicile
983602168,2020-02-14 01:55:51,Domicile,Domicile
983602168,2020-02-14 02:00:51,Domicile,Domicile
983602168,2020-02-14 02:05:51,Domicile,Domicile
983602168,2020-02-14 02:10:51,Domicile,Domicile
983602168,2020-02-14 02:15:52,Domicile,Domicile
983602168,2020-02-14 02:20:52,Domicile,Domicile
983602168,2020-02-14 02:25:52,Domicile,Domicile
983602168,2020-02-14 02:30:53,Domicile,Domicile
983602168,2020-02-14 02:35:54,Domicile,Domicile
983602168,2020-02-14 02:40:55,Domicile,Domicile
983602168,2020-02-14 02:45:55,Domicile,Domicile
983602168,2020-02-14 02:51:41,Domicile,Domicile
983602168,2020-02-14 02:56:42,Domicile,Domicile
983602168,2020-02-14 03:01:52,Domicile,Domicile
983602168,2020-02-14 03:06:52,Domicile,Domicile
983602168,2020-02-14 03:11:53,Domicile,Domicile
983602168,2020-02-14 03:16:54,Domicile,Domicile
983602168,2020-02-14 03:22:27,Domicile,Domicile
983602168,2020-02-14 03:27:33,Domicile,Domicile
983602168,2020-02-14 03:32:37,Domicile,Domicile
983602168,2020-02-14 03:37:57,Domicile,Domicile
983602168,2020-02-14 03:43:43,Domicile,Domicile
983602168,2020-02-14 03:49:26,Domicile,Domicile
983602168,2020-02-14 03:54:47,Domicile,Domicile
983602168,2020-02-14 04:00:01,Domicile,Domicile
983602168,2020-02-14 04:05:05,Domicile,Domicile
983602168,2020-02-14 04:10:22,Domicile,Domicile
983602168,2020-02-14 04:15:32,Domicile,Domicile
983602168,2020-02-14 04:20:32,Domicile,Domicile
983602168,2020-02-14 04:26:01,Domicile,Domicile
983602168,2020-02-14 04:31:05,Domicile,Domicile
983602168,2020-02-14 04:36:22,Domicile,Domicile
983602168,2020-02-14 04:41:22,Domicile,Domicile
983602168,2020-02-14 04:46:22,Domicile,Domicile
983602168,2020-02-14 04:51:22,Domicile,Domicile
983602168,2020-02-14 04:57:01,Domicile,Domicile
983602168,2020-02-14 05:02:41,Domicile,Domicile
983602168,2020-02-14 05:07:47,Domicile,Domicile
983602168,2020-02-14 05:13:01,Domicile,Domicile
983602168,2020-02-14 05:18:12,Domicile,Domicile
983602168,2020-02-14 05:23:27,Domicile,Domicile
983602168,2020-02-14 05:28:32,Domicile,Domicile
983602168,2020-02-14 05:33:47,Domicile,Domicile
983602168,2020-02-14 05:39:01,Domicile,Domicile
983602168,2020-02-14 05:45:06,Domicile,Domicile
983602168,2020-02-14 05:50:22,Domicile,Domicile
983602168,2020-02-14 05:55:39,Domicile,Domicile
983602168,2020-02-14 06:01:13,Domicile,Domicile
983602168,2020-02-14 06:06:34,Domicile,Domicile
983602168,2020-02-14 06:11:42,Domicile,Domicile
983602168,2020-02-14 06:16:52,Domicile,Domicile
983602168,2020-02-14 06:22:00,Domicile,Domicile
983602168,2020-02-14 06:27:07,Domicile,Domicile
983602168,2020-02-14 06:32:22,Domicile,Domicile
983602168,2020-02-14 06:37:40,Domicile,Domicile
983602168,2020-02-14 06:43:42,Domicile,Domicile
983602168,2020-02-14 06:49:05,Domicile,Domicile
983602168,2020-02-14 06:54:12,Domicile,Bureau
983602168,2020-02-14 06:59:53,Domicile,Bureau
983602168,2020-02-14 07:05:20,Domicile,Bureau
983602168,2020-02-14 07:10:20,Domicile,Bureau
983602168,2020-02-14 07:17:08,Domicile,Bureau
983602168,2020-02-14 07:32:09,Domicile,Bureau
983602168,2020-02-14 07:37:10,Domicile,Bureau
983602168,2020-02-14 07:42:11,Domicile,Bureau
983602168,2020-02-14 07:47:11,Domicile,Bureau
983602168,2020-02-14 07:57:13,Métro,Bureau
983602168,2020-02-14 08:02:13,Métro,3.0
983602168,2020-02-14 08:12:15,Train,3.0
983602168,2020-02-14 08:17:15,Train,3.0
983602168,2020-02-14 08:22:16,Train,3.0
983602168,2020-02-14 08:37:17,Bureau,3.0
983602168,2020-02-14 08:42:17,Bureau,3.0
983602168,2020-02-14 08:47:18,Bureau,3.0
983602168,2020-02-14 08:52:18,Bureau,3.0
983602168,2020-02-14 08:57:18,Bureau,3.0
983602168,2020-02-14 09:02:19,Bureau,3.0
983602168,2020-02-14 09:07:19,Bureau,3.0
983602168,2020-02-14 09:12:19,Bureau,3.0
983602168,2020-02-14 09:17:19,Bureau,4.0
983602168,2020-02-14 09:22:19,Bureau,3.0
983602168,2020-02-14 09:27:19,Bureau,3.0
983602168,2020-02-14 09:32:19,Bureau,3.0
983602168,2020-02-14 09:37:20,Bureau,3.0
983602168,2020-02-14 09:42:20,Bureau,3.0
983602168,2020-02-14 09:47:20,Bureau,3.0
983602168,2020-02-14 09:52:21,Bureau,3.0
983602168,2020-02-14 09:57:21,Bureau,3.0
983602168,2020-02-14 10:02:21,Bureau,3.0
983602168,2020-02-14 10:07:21,Bureau,4.0
983602168,2020-02-14 10:12:21,Bureau,3.0
983602168,2020-02-14 10:17:21,Bureau,3.0
983602168,2020-02-14 10:22:21,Bureau,Bureau
983602168,2020-02-14 10:27:21,Bureau,4.0
983602168,2020-02-14 10:32:22,Bureau,Bureau
983602168,2020-02-14 10:37:23,Bureau,Bureau
983602168,2020-02-14 10:42:24,Bureau,3.0
983602168,2020-02-14 10:47:25,Bureau,3.0
983602168,2020-02-14 10:52:25,Bureau,3.0
983602168,2020-02-14 10:57:26,Bureau,3.0
983602168,2020-02-14 11:02:27,Bureau,3.0
983602168,2020-02-14 11:07:28,Bureau,4.0
983602168,2020-02-14 11:12:29,Bureau,4.0
983602168,2020-02-14 11:17:29,Bureau,3.0
983602168,2020-02-14 11:22:29,Bureau,3.0
983602168,2020-02-14 11:27:29,Bureau,Bureau
983602168,2020-02-14 11:32:30,Bureau,Bureau
983602168,2020-02-14 11:37:53,Bureau,Bureau
983602168,2020-02-14 11:44:13,Bureau,Bureau
983602168,2020-02-14 11:49:13,Bureau,Bureau
983602168,2020-02-14 11:57:54,Bureau,Bureau
983602168,2020-02-14 12:03:10,Bureau,Bureau
983602168,2020-02-14 12:12:27,Bureau,Bureau
983602168,2020-02-14 12:17:27,Bureau,Bureau
983602168,2020-02-14 12:26:15,Bureau,Bureau
983602168,2020-02-14 12:35:04,Bureau,indoor
983602168,2020-02-14 19:02:24,Bureau,indoor
983602168,2020-02-14 19:07:25,Bureau,indoor
983602168,2020-02-14 19:12:33,Bureau,indoor
983602168,2020-02-14 19:17:53,Bureau,indoor
983602168,2020-02-14 19:25:00,Bureau,indoor
983602168,2020-02-14 19:40:31,Métro,Métro
983602168,2020-02-14 19:45:33,Métro,Domicile
983602168,2020-02-14 19:50:44,Métro,Domicile
983602168,2020-02-14 19:55:57,Métro,Domicile
983602168,2020-02-14 20:12:13,Walk,Domicile
983602168,2020-02-14 20:22:22,Magasin,Domicile
983602168,2020-02-14 20:28:01,Magasin,Domicile
983602168,2020-02-14 20:43:21,Domicile,Domicile
983602168,2020-02-14 20:48:22,Domicile,Domicile
983602168,2020-02-14 20:53:23,Domicile,Domicile
983602168,2020-02-14 20:59:02,Domicile,Domicile
983602168,2020-02-14 21:04:14,Domicile,Domicile
983602168,2020-02-14 21:09:34,Domicile,Domicile
983602168,2020-02-14 21:15:01,Domicile,Domicile
983602168,2020-02-14 21:20:01,Domicile,Domicile
983602168,2020-02-14 21:25:52,Domicile,Domicile
983602168,2020-02-14 21:30:56,Domicile,Domicile
983602168,2020-02-14 21:36:33,Domicile,Domicile
983602168,2020-02-14 21:41:45,Domicile,Domicile
983602168,2020-02-14 21:46:47,Domicile,Domicile
983602168,2020-02-14 21:52:07,Domicile,Domicile
983602168,2020-02-14 21:58:02,Domicile,Domicile
983602168,2020-02-14 22:03:36,Domicile,Domicile
983602168,2020-02-14 22:09:01,Domicile,Domicile
983602168,2020-02-14 22:14:41,Domicile,Domicile
983602168,2020-02-14 22:20:13,Domicile,Domicile
983602168,2020-02-14 22:25:41,Domicile,Domicile
983602168,2020-02-14 22:31:42,Domicile,Domicile
983602168,2020-02-14 22:36:51,Domicile,Domicile
983602168,2020-02-14 22:41:53,Domicile,Domicile
983602168,2020-02-14 22:47:52,Domicile,Domicile
983602168,2020-02-14 22:53:01,Domicile,Domicile
983602168,2020-02-14 22:58:01,Domicile,Domicile
983602168,2020-02-14 23:03:08,Domicile,Domicile
983602168,2020-02-14 23:08:38,Domicile,Domicile
983602168,2020-02-14 23:14:01,Domicile,Domicile
983602168,2020-02-14 23:19:47,Domicile,Domicile
983602168,2020-02-14 23:25:54,Domicile,Domicile
983602168,2020-02-14 23:31:01,Domicile,Domicile
983602168,2020-02-14 23:36:27,Domicile,Domicile
983602168,2020-02-14 23:41:34,Domicile,Domicile
983602168,2020-02-14 23:46:40,Domicile,Domicile
983602168,2020-02-14 23:52:39,Domicile,Domicile
983602168,2020-02-14 23:58:01,Domicile,Domicile
983602168,2020-02-15 00:03:12,Domicile,Domicile
983602168,2020-02-15 00:09:02,Domicile,Domicile
983602168,2020-02-15 00:14:35,Domicile,Domicile
983602168,2020-02-15 00:19:40,Domicile,indoor
983602168,2020-02-15 00:24:41,Domicile,Domicile
983602168,2020-02-15 00:29:43,Domicile,Domicile
983602168,2020-02-15 00:34:47,Domicile,indoor
983602168,2020-02-15 00:40:12,Domicile,Domicile
983602168,2020-02-15 00:45:37,Domicile,Domicile
983602168,2020-02-15 00:50:40,Domicile,Domicile
983602168,2020-02-15 00:56:00,Domicile,Domicile
983602168,2020-02-15 01:01:11,Domicile,Domicile
983602168,2020-02-15 01:06:31,Domicile,Domicile
983602168,2020-02-15 01:11:35,Domicile,Domicile
983602168,2020-02-15 01:16:51,Domicile,Domicile
983602168,2020-02-15 01:21:55,Domicile,indoor
983602168,2020-02-15 01:26:58,Domicile,indoor
983602168,2020-02-15 01:32:00,Domicile,Domicile
983602168,2020-02-15 01:37:14,Domicile,Domicile
983602168,2020-02-15 01:42:37,Domicile,Domicile
983602168,2020-02-15 01:47:51,Domicile,Domicile
983602168,2020-02-15 01:53:00,Domicile,Domicile
983602168,2020-02-15 01:58:34,Domicile,Domicile
983602168,2020-02-15 02:03:42,Domicile,Domicile
983602168,2020-02-15 02:09:00,Domicile,Domicile
983602168,2020-02-15 02:14:00,Domicile,Domicile
983602168,2020-02-15 02:19:40,Domicile,Domicile
983602168,2020-02-15 02:24:43,Domicile,Domicile
983602168,2020-02-15 02:29:47,Domicile,Domicile
983602168,2020-02-15 02:34:47,Domicile,indoor
983602168,2020-02-15 02:40:00,Domicile,indoor
983602168,2020-02-15 02:45:00,Domicile,indoor
983602168,2020-02-15 02:50:00,Domicile,Domicile
983602168,2020-02-15 02:55:00,Domicile,Domicile
985935431,2020-01-31 12:05:34,Domicile,indoor
985935431,2020-01-31 13:06:54,Domicile,indoor
985935431,2020-01-31 13:11:54,Domicile,indoor
985935431,2020-01-31 13:16:54,Domicile,indoor
985935431,2020-01-31 13:21:55,Domicile,indoor
985935431,2020-01-31 13:26:55,Domicile,indoor
985935431,2020-01-31 13:31:56,Domicile,indoor
985935431,2020-01-31 13:36:57,Domicile,indoor
985935431,2020-01-31 13:41:57,Domicile,indoor
985935431,2020-01-31 13:46:57,Domicile,indoor
985935431,2020-01-31 13:51:58,Domicile,indoor
985935431,2020-01-31 13:56:59,Domicile,indoor
985935431,2020-01-31 14:01:59,Domicile,indoor
985935431,2020-01-31 14:07:00,Running,indoor
985935431,2020-01-31 14:12:00,Running,indoor
985935431,2020-01-31 14:17:00,Running,indoor
985935431,2020-01-31 14:22:01,Running,indoor
985935431,2020-01-31 14:27:01,Running,indoor
985935431,2020-01-31 14:32:01,Running,indoor
985935431,2020-02-01 17:04:44,Bureau,indoor
985935431,2020-02-01 17:09:52,Bureau,indoor
985935431,2020-02-01 17:14:53,Bureau,indoor
985935431,2020-02-01 17:19:54,Bureau,indoor
985935431,2020-02-01 17:24:54,Bureau,indoor
985935431,2020-02-02 09:59:01,Domicile,Bureau
985935431,2020-02-02 10:04:01,Domicile,Bureau
985935431,2020-02-02 10:09:01,Domicile,Bureau
985935431,2020-02-02 10:14:02,Domicile,Bureau
985935431,2020-02-02 10:19:03,Domicile,3.0
985935431,2020-02-02 10:24:04,Domicile,3.0
985935431,2020-02-02 10:29:04,Domicile,3.0
985935431,2020-02-02 10:34:05,Domicile,indoor
985935431,2020-02-02 10:39:05,Domicile,indoor
985935431,2020-02-03 04:54:21,Domicile,indoor
985935431,2020-02-03 04:59:21,Domicile,indoor
985935431,2020-02-03 10:48:49,Domicile,indoor
985935431,2020-02-03 10:53:49,Domicile,indoor
985935431,2020-02-03 10:58:49,Domicile,indoor
985935431,2020-02-03 11:04:01,Domicile,5.0
985935431,2020-02-03 11:09:01,Domicile,5.0
985935431,2020-02-03 11:14:20,Domicile,indoor
985935431,2020-02-03 11:20:45,Domicile,indoor
985935431,2020-02-03 11:25:45,Domicile,5.0
985935431,2020-02-03 11:30:45,Domicile,indoor
985935431,2020-02-03 11:40:45,Walk,indoor
985935431,2020-02-05 07:56:10,Domicile,indoor
985935431,2020-02-05 08:01:10,Domicile,indoor
985935431,2020-02-05 08:06:11,Domicile,indoor
985935431,2020-02-05 08:11:12,Domicile,indoor
985935431,2020-02-05 08:48:01,Domicile,indoor
985935431,2020-02-05 08:53:08,Domicile,indoor
985935431,2020-02-05 14:16:49,Bureau,indoor
985935431,2020-02-05 14:21:49,Bureau,indoor
985935431,2020-02-05 14:26:49,Bureau,2.0
985935431,2020-02-05 14:31:49,Bureau,2.0
985935431,2020-02-05 14:36:49,Bureau,2.0
985935431,2020-02-05 14:41:49,Bureau,indoor
985935431,2020-02-05 14:47:50,Bureau,indoor
985935431,2020-02-05 15:10:23,Bureau,7.0
985935431,2020-02-05 15:27:29,Train,indoor
985935431,2020-02-05 15:32:29,Train,Train
985935431,2020-02-05 15:37:29,Train,indoor
985935431,2020-02-05 15:48:13,Métro,Métro
985935431,2020-02-05 15:53:39,Métro,Métro
985935431,2020-02-05 19:32:02,Domicile,indoor
985935431,2020-02-05 22:49:51,Domicile,Domicile
985935431,2020-02-05 22:54:59,Domicile,Domicile
985935431,2020-02-05 23:01:13,Domicile,Domicile
985935431,2020-02-05 23:06:34,Domicile,Domicile
985935431,2020-02-05 23:12:14,Domicile,Domicile
985935431,2020-02-05 23:17:33,Domicile,Domicile
985935431,2020-02-05 23:22:42,Domicile,Domicile
985935431,2020-02-05 23:27:51,Domicile,Domicile
985935431,2020-02-05 23:33:44,Domicile,Domicile
985935431,2020-02-05 23:38:58,Domicile,Domicile
985935431,2020-02-05 23:44:41,Domicile,Domicile
985935431,2020-02-05 23:49:47,Domicile,Domicile
985935431,2020-02-05 23:54:57,Domicile,Domicile
985935431,2020-02-06 00:00:18,Domicile,Domicile
985935431,2020-02-06 00:05:33,Domicile,Domicile
985935431,2020-02-06 00:10:59,Domicile,Domicile
985935431,2020-02-06 00:16:01,Domicile,Domicile
985935431,2020-02-06 00:21:53,Domicile,Domicile
985935431,2020-02-06 00:27:01,Domicile,Domicile
985935431,2020-02-06 00:32:24,Domicile,Domicile
985935431,2020-02-06 00:37:41,Domicile,Domicile
985935431,2020-02-06 00:43:01,Domicile,Domicile
985935431,2020-02-06 00:48:18,Domicile,Domicile
985935431,2020-02-06 00:54:25,Domicile,Domicile
985935431,2020-02-06 00:59:41,Domicile,Domicile
985935431,2020-02-06 01:05:03,Domicile,Domicile
985935431,2020-02-06 01:10:26,Domicile,Domicile
985935431,2020-02-06 01:15:26,Domicile,Domicile
985935431,2020-02-06 01:20:37,Domicile,Domicile
985935431,2020-02-06 01:25:41,Domicile,Domicile
985935431,2020-02-06 01:30:58,Domicile,Domicile
985935431,2020-02-06 01:36:41,Domicile,Domicile
985935431,2020-02-06 01:41:49,Domicile,Domicile
985935431,2020-02-06 01:47:48,Domicile,Domicile
985935431,2020-02-06 01:53:47,Domicile,Domicile
985935431,2020-02-06 01:59:01,Domicile,Domicile
985935431,2020-02-06 02:04:18,Domicile,Domicile
985935431,2020-02-06 02:09:46,Domicile,Domicile
985935431,2020-02-06 02:14:50,Domicile,Domicile
985935431,2020-02-06 02:20:54,Domicile,Domicile
985935431,2020-02-06 02:25:55,Domicile,Domicile
985935431,2020-02-06 02:30:56,Domicile,Domicile
985935431,2020-02-06 02:36:01,Domicile,Domicile
985935431,2020-02-06 02:41:56,Domicile,Domicile
985935431,2020-02-06 02:47:35,Domicile,Domicile
985935431,2020-02-06 02:52:48,Domicile,Domicile
986002161,2020-03-03 20:03:30,Voiture,Voiture
986002161,2020-03-03 20:08:31,Voiture,indoor
986002161,2020-03-03 20:13:32,Voiture,Voiture
986002161,2020-03-03 20:18:33,Voiture,indoor
986002161,2020-03-03 20:23:34,Voiture,indoor
986002161,2020-03-04 10:36:14,Bureau,indoor
986002161,2020-03-04 10:41:14,Bureau,indoor
986002161,2020-03-04 10:47:20,Bureau,indoor
986002161,2020-03-04 10:52:30,Bureau,Bureau
986002161,2020-03-04 11:01:10,Bureau,Bureau
986002161,2020-03-04 11:06:45,Bureau,Bureau
986002161,2020-03-04 11:12:12,Bureau,Bureau
986002161,2020-03-04 11:19:23,Bureau,Bureau
986002161,2020-03-04 11:44:56,Bureau,Bureau
986002161,2020-03-04 11:49:57,Bureau,Bureau
986002161,2020-03-04 11:54:58,Bureau,Bureau
986002161,2020-03-04 11:59:59,Bureau,Bureau
986002161,2020-03-04 12:04:59,Bureau,Bureau
986002161,2020-03-04 12:09:59,Bureau,Bureau
986002161,2020-03-04 12:14:59,Bureau,Bureau
986002161,2020-03-04 12:19:59,Bureau,Bureau
986002161,2020-03-04 12:24:59,Bureau,Bureau
986002161,2020-03-04 12:30:01,Bureau,Bureau
986002161,2020-03-04 12:35:02,Bureau,Bureau
986002161,2020-03-04 12:40:03,Bureau,Bureau
986002161,2020-03-04 12:45:04,Bureau,Bureau
986002161,2020-03-04 12:50:04,Bureau,Bureau
986002161,2020-03-04 12:55:07,Bureau,Bureau
986002161,2020-03-04 13:00:07,Bureau,Bureau
986002161,2020-03-04 13:05:07,Bureau,Domicile
986002161,2020-03-04 13:10:08,Bureau,Domicile
986002161,2020-03-04 13:15:09,Bureau,Domicile
986002161,2020-03-04 13:20:10,Bureau,Domicile
986002161,2020-03-04 13:25:10,Bureau,Domicile
986002161,2020-03-04 13:30:12,Bureau,Domicile
986002161,2020-03-04 14:16:01,Bureau,Domicile
986002161,2020-03-04 14:21:01,Bureau,Domicile
986002161,2020-03-04 14:26:01,Bureau,Domicile
986002161,2020-03-04 21:53:03,Domicile,Domicile
986002161,2020-03-04 21:58:07,Domicile,Domicile
986002161,2020-03-04 22:04:32,Domicile,Domicile
986002161,2020-03-04 22:20:47,Domicile,Domicile
986002161,2020-03-04 22:36:26,Domicile,Domicile
986002161,2020-03-04 22:51:59,Domicile,Domicile
986002161,2020-03-04 23:07:01,Domicile,Domicile
986002161,2020-03-04 23:12:03,Domicile,Domicile
986002161,2020-03-04 23:17:05,Domicile,Domicile
986002161,2020-03-04 23:22:05,Domicile,Domicile
986002161,2020-03-04 23:27:06,Domicile,Domicile
986002161,2020-03-04 23:32:07,Domicile,Domicile
986002161,2020-03-04 23:37:07,Domicile,Domicile
986002161,2020-03-04 23:42:08,Domicile,Domicile
986002161,2020-03-04 23:47:20,Domicile,Domicile
986002161,2020-03-04 23:52:20,Domicile,Domicile
986002161,2020-03-04 23:57:21,Domicile,Domicile
986002161,2020-03-05 00:02:22,Domicile,Domicile
986002161,2020-03-05 00:07:22,Domicile,Domicile
986002161,2020-03-05 00:12:42,Domicile,Domicile
986002161,2020-03-05 00:17:43,Domicile,Domicile
986002161,2020-03-05 00:22:45,Domicile,Domicile
986002161,2020-03-05 00:27:45,Domicile,Domicile
986002161,2020-03-05 00:32:45,Domicile,Domicile
986002161,2020-03-05 00:37:45,Domicile,Domicile
986002161,2020-03-05 00:42:45,Domicile,Domicile
986002161,2020-03-05 00:47:45,Domicile,Domicile
986002161,2020-03-05 00:52:45,Domicile,Domicile
986002161,2020-03-05 00:57:45,Domicile,Domicile
986002161,2020-03-05 01:02:57,Domicile,Domicile
986002161,2020-03-05 01:07:57,Domicile,Domicile
986002161,2020-03-05 01:13:11,Domicile,Domicile
986002161,2020-03-05 01:18:43,Domicile,Domicile
986002161,2020-03-05 01:24:42,Domicile,Domicile
986002161,2020-03-05 01:29:42,Domicile,Domicile
986002161,2020-03-05 01:34:42,Domicile,Domicile
986002161,2020-03-05 01:40:22,Domicile,Domicile
986002161,2020-03-05 01:55:58,Domicile,Domicile
986002161,2020-03-05 02:11:28,Domicile,Domicile
986002161,2020-03-05 02:27:08,Domicile,Domicile
986002161,2020-03-05 02:42:47,Domicile,Domicile
986002161,2020-03-05 02:58:08,Domicile,Domicile
986002161,2020-03-05 03:13:47,Domicile,Domicile
986002161,2020-03-05 03:29:14,Domicile,Domicile
986002161,2020-03-05 03:45:41,Domicile,Domicile
986002161,2020-03-05 04:00:00,Domicile,Domicile
986002161,2020-03-05 04:15:37,Domicile,Domicile
986002161,2020-03-05 04:31:08,Domicile,Domicile
986002161,2020-03-05 04:46:39,Domicile,Domicile
986002161,2020-03-05 05:02:08,Domicile,Domicile
986002161,2020-03-05 05:17:47,Domicile,Domicile
986002161,2020-03-05 05:33:10,Domicile,Domicile
986002161,2020-03-05 05:48:41,Domicile,Domicile
986002161,2020-03-05 06:04:21,Domicile,Domicile
986002161,2020-03-05 06:10:36,Domicile,Domicile
986002161,2020-03-05 06:19:47,Domicile,Domicile
986002161,2020-03-05 06:35:21,Domicile,Domicile
986002161,2020-03-05 06:40:21,Domicile,Domicile
986002161,2020-03-05 06:45:21,Domicile,Domicile
986002161,2020-03-05 06:50:23,Domicile,Domicile
986002161,2020-03-05 06:55:37,Domicile,Domicile
986002161,2020-03-05 07:12:40,Domicile,Domicile
986002161,2020-03-05 07:27:45,Domicile,Domicile
986002161,2020-03-05 07:43:01,Domicile,Domicile
986002161,2020-03-05 07:54:14,Domicile,Domicile
986174566,2020-03-12 11:54:57,Bureau,6.0
986174566,2020-03-12 11:59:59,Bureau,6.0
986174566,2020-03-12 12:05:06,Bureau,6.0
986174566,2020-03-12 12:10:15,Bureau,6.0
986174566,2020-03-12 12:15:17,Bureau,6.0
986174566,2020-03-12 12:20:25,Bureau,6.0
986174566,2020-03-12 12:25:33,Bureau,6.0
986174566,2020-03-12 12:30:36,Bureau,6.0
986174566,2020-03-12 12:35:38,Bureau,6.0
986174566,2020-03-12 12:40:51,Bureau,6.0
986174566,2020-03-12 12:46:02,Bureau,6.0
986174566,2020-03-12 12:51:10,Bureau,6.0
986174566,2020-03-12 12:56:11,Bureau,6.0
986174566,2020-03-12 13:01:20,Bureau,6.0
986174566,2020-03-12 13:06:20,Bureau,6.0
986174566,2020-03-12 13:11:21,Bureau,indoor
986174566,2020-03-12 13:27:30,Bureau,indoor
986174566,2020-03-12 13:32:30,Bureau,indoor
986174566,2020-03-12 13:37:34,Bureau,indoor
986174566,2020-03-12 13:42:34,Bureau,indoor
986174566,2020-03-12 13:47:35,Bureau,indoor
986174566,2020-03-12 13:52:35,Bureau,indoor
986174566,2020-03-12 13:57:36,Bureau,indoor
986174566,2020-03-12 14:02:37,Bureau,5.0
986174566,2020-03-12 14:07:37,Bureau,5.0
986174566,2020-03-12 14:13:09,Bureau,5.0
986174566,2020-03-12 14:18:44,Bureau,5.0
986174566,2020-03-12 14:23:50,Bureau,5.0
986174566,2020-03-12 14:29:01,Bureau,5.0
986174566,2020-03-12 14:34:02,Bureau,5.0
986174566,2020-03-12 14:39:02,Bureau,5.0
986174566,2020-03-12 14:44:03,Bureau,5.0
986174566,2020-03-12 14:51:24,Bureau,Domicile
986174566,2020-03-12 14:56:25,Bureau,5.0
986174566,2020-03-12 15:01:26,Bureau,5.0
986174566,2020-03-12 15:06:27,Bureau,5.0
986174566,2020-03-12 15:11:36,Bureau,5.0
986174566,2020-03-12 15:16:36,Bureau,5.0
986174566,2020-03-12 15:21:36,Bureau,5.0
986174566,2020-03-12 15:26:37,Bureau,5.0
986174566,2020-03-12 15:32:23,Bureau,5.0
986174566,2020-03-12 15:38:02,Bureau,5.0
986174566,2020-03-12 15:43:43,Bureau,5.0
986174566,2020-03-12 15:49:10,Bureau,5.0
986174566,2020-03-12 15:58:35,Bureau,5.0
986174566,2020-03-12 16:03:40,Bureau,indoor
986174566,2020-03-12 16:09:19,Bureau,5.0
986174566,2020-03-12 16:14:36,Bureau,5.0
986174566,2020-03-12 16:30:02,Bureau,5.0
986174566,2020-03-12 16:35:13,Bureau,5.0
986174566,2020-03-12 16:46:18,Bureau,5.0
986174566,2020-03-12 17:00:57,Bureau,5.0
986174566,2020-03-12 17:16:44,Bureau,5.0
986174566,2020-03-12 17:32:24,Bureau,5.0
986174566,2020-03-12 17:47:35,Bureau,5.0
986174566,2020-03-12 18:03:22,Bureau,5.0
986174566,2020-03-12 18:37:32,Domicile,4.0
986174566,2020-03-12 18:42:36,Domicile,4.0
986174566,2020-03-12 18:48:47,Domicile,4.0
986174566,2020-03-12 18:53:48,Domicile,4.0
986174566,2020-03-12 18:58:48,Domicile,4.0
986174566,2020-03-12 19:03:49,Domicile,4.0
986174566,2020-03-12 19:08:50,Domicile,4.0
986174566,2020-03-12 19:18:38,Domicile,4.0
986174566,2020-03-12 19:23:38,Domicile,4.0
986174566,2020-03-12 19:28:38,Domicile,4.0
986174566,2020-03-12 19:34:10,Domicile,4.0
986174566,2020-03-12 19:39:10,Domicile,4.0
986174566,2020-03-12 19:44:34,Domicile,4.0
986174566,2020-03-12 19:49:34,Domicile,4.0
986174566,2020-03-12 19:54:35,Domicile,4.0
986174566,2020-03-12 20:04:47,Motorcycle,indoor
986174566,2020-03-12 20:09:47,Motorcycle,Motorcycle
986174566,2020-03-12 20:14:48,Motorcycle,Motorcycle
986174566,2020-03-12 20:25:55,Domicile,Domicile
986174566,2020-03-12 20:30:56,Domicile,Domicile
986174566,2020-03-12 20:35:56,Domicile,Domicile
986174566,2020-03-12 20:40:56,Domicile,Domicile
986174566,2020-03-12 20:45:57,Domicile,Domicile
986174566,2020-03-12 20:50:58,Domicile,Domicile
986174566,2020-03-12 20:55:58,Domicile,Domicile
986174566,2020-03-12 21:01:18,Domicile,Domicile
986174566,2020-03-12 21:06:19,Domicile,Domicile
986174566,2020-03-12 21:11:19,Domicile,Domicile
986174566,2020-03-12 21:16:20,Domicile,Domicile
986174566,2020-03-12 21:21:22,Domicile,Domicile
986174566,2020-03-12 21:42:37,Domicile,Domicile
986174566,2020-03-12 23:41:42,Domicile,Domicile
986174566,2020-03-13 00:43:47,Domicile,Domicile
986174566,2020-03-13 01:47:52,Domicile,Domicile
986174566,2020-03-13 02:16:24,Domicile,Domicile
986174566,2020-03-13 02:49:19,Domicile,Domicile
986174566,2020-03-13 05:06:31,Domicile,Domicile
986174566,2020-03-13 05:21:50,Domicile,Domicile
986174566,2020-03-13 07:27:32,Domicile,Domicile
986174566,2020-03-13 08:15:01,Domicile,Domicile
986174566,2020-03-13 08:28:19,Domicile,Domicile
986174566,2020-03-13 08:53:37,Domicile,Domicile
986174566,2020-03-13 09:04:10,Motorcycle,Domicile
986174566,2020-03-13 19:42:33,Motorcycle,Motorcycle
986174566,2020-03-13 19:47:37,Motorcycle,Motorcycle
986174566,2020-03-13 19:57:38,Domicile,indoor
986174566,2020-03-13 20:03:24,Domicile,indoor
986174566,2020-03-13 20:08:24,Domicile,Domicile
986174566,2020-03-13 20:56:56,Domicile,Domicile
986174566,2020-03-13 21:01:58,Domicile,Domicile
986174566,2020-03-13 21:06:59,Domicile,Domicile
986174566,2020-03-13 21:12:04,Domicile,Domicile
986174566,2020-03-13 21:17:13,Domicile,Domicile
986174566,2020-03-13 21:22:21,Domicile,Domicile
986174566,2020-03-13 21:27:28,Domicile,Domicile
986174566,2020-03-13 21:32:39,Domicile,Domicile
986174566,2020-03-13 21:37:42,Domicile,Domicile
986174566,2020-03-13 21:42:42,Domicile,Domicile
986174566,2020-03-13 21:47:43,Domicile,Domicile
986174566,2020-03-13 21:53:22,Domicile,Domicile
986174566,2020-03-13 21:58:22,Domicile,Domicile
986174566,2020-03-13 22:03:22,Domicile,Domicile
986174566,2020-03-13 22:08:43,Domicile,Domicile
986174566,2020-03-13 22:14:22,Domicile,Domicile
986174566,2020-03-13 22:19:22,Domicile,Domicile
986174566,2020-03-13 22:24:22,Domicile,Domicile
986174566,2020-03-13 22:29:22,Domicile,Domicile
986174566,2020-03-13 22:34:22,Domicile,Domicile
986174566,2020-03-13 22:39:22,Domicile,Domicile
986174566,2020-03-13 22:44:22,Domicile,Domicile
986174566,2020-03-13 22:49:22,Domicile,Domicile
986174566,2020-03-13 22:54:22,Domicile,Domicile
986174566,2020-03-13 22:59:22,Domicile,Domicile
986174566,2020-03-13 23:04:22,Domicile,Domicile
986174566,2020-03-13 23:09:25,Domicile,Domicile
986174566,2020-03-13 23:14:42,Domicile,Domicile
986174566,2020-03-13 23:20:02,Domicile,Domicile
986174566,2020-03-13 23:25:22,Domicile,Domicile
986174566,2020-03-13 23:30:24,Domicile,Domicile
986174566,2020-03-13 23:35:42,Domicile,Domicile
986174566,2020-03-13 23:40:42,Domicile,Domicile
986174566,2020-03-13 23:45:42,Domicile,Domicile
986174566,2020-03-13 23:51:02,Domicile,Domicile
986174566,2020-03-13 23:56:22,Domicile,Domicile
986174566,2020-03-14 00:01:22,Domicile,Domicile
986174566,2020-03-14 00:06:42,Domicile,Domicile
986174566,2020-03-14 00:11:42,Domicile,Domicile
986174566,2020-03-14 00:16:42,Domicile,Domicile
986174566,2020-03-14 00:21:45,Domicile,Domicile
986174566,2020-03-14 00:27:21,Domicile,Domicile
986174566,2020-03-14 00:32:21,Domicile,Domicile
986174566,2020-03-14 00:37:22,Domicile,Domicile
986174566,2020-03-14 00:42:42,Domicile,Domicile
986174566,2020-03-14 00:47:42,Domicile,Domicile
986174566,2020-03-14 00:52:49,Domicile,Domicile
986174566,2020-03-14 00:58:21,Domicile,Domicile
986174566,2020-03-14 01:03:22,Domicile,Domicile
986174566,2020-03-14 01:08:22,Domicile,Domicile
986174566,2020-03-14 01:13:29,Domicile,Domicile
986174566,2020-03-14 01:18:48,Domicile,Domicile
986174566,2020-03-14 01:23:48,Domicile,Domicile
986174566,2020-03-14 01:28:49,Domicile,Domicile
986174566,2020-03-14 01:33:57,Domicile,Domicile
986174566,2020-03-14 01:39:06,Domicile,Domicile
986174566,2020-03-14 01:44:22,Domicile,Domicile
986174566,2020-03-14 01:49:28,Domicile,Domicile
986174566,2020-03-14 01:54:44,Domicile,Domicile
986174566,2020-03-14 02:00:02,Domicile,Domicile
986174566,2020-03-14 02:05:21,Domicile,Domicile
986174566,2020-03-14 02:10:29,Domicile,Domicile
986174566,2020-03-14 02:15:47,Domicile,Domicile
986174566,2020-03-14 02:21:05,Domicile,Domicile
986174566,2020-03-14 02:26:24,Domicile,Domicile
986174566,2020-03-14 02:31:43,Domicile,Domicile
986174566,2020-03-14 02:37:02,Domicile,Domicile
986174566,2020-03-14 02:42:21,Domicile,Domicile
986174566,2020-03-14 02:47:29,Domicile,Domicile
986174566,2020-03-14 02:52:49,Domicile,Domicile
986174566,2020-03-14 02:58:08,Domicile,Domicile
986174566,2020-03-14 03:03:26,Domicile,Domicile
986174566,2020-03-14 03:08:26,Domicile,Domicile
986174566,2020-03-14 03:13:45,Domicile,Domicile
986174566,2020-03-14 03:19:04,Domicile,Domicile
986174566,2020-03-14 03:24:22,Domicile,Domicile
986174566,2020-03-14 03:29:42,Domicile,Domicile
986174566,2020-03-14 03:34:51,Domicile,Domicile
986174566,2020-03-14 03:40:30,Domicile,Domicile
986174566,2020-03-14 03:45:38,Domicile,Domicile
986174566,2020-03-14 03:50:46,Domicile,Domicile
986174566,2020-03-14 03:56:04,Domicile,Domicile
986174566,2020-03-14 04:01:21,Domicile,Domicile
986174566,2020-03-14 04:06:24,Domicile,Domicile
986174566,2020-03-14 04:12:41,Domicile,Domicile
986174566,2020-03-14 04:17:48,Domicile,Domicile
986174566,2020-03-14 04:23:02,Domicile,Domicile
986174566,2020-03-14 04:28:22,Domicile,Domicile
986174566,2020-03-14 04:33:25,Domicile,Domicile
986174566,2020-03-14 04:38:44,Domicile,Domicile
986174566,2020-03-14 04:44:01,Domicile,Domicile
986174566,2020-03-14 04:49:08,Domicile,Domicile
986174566,2020-03-14 04:54:08,Domicile,Domicile
986174566,2020-03-14 04:59:23,Domicile,Domicile
986174566,2020-03-14 05:04:42,Domicile,Domicile
986174566,2020-03-14 05:09:43,Domicile,Domicile
986174566,2020-03-14 05:15:02,Domicile,Domicile
986174566,2020-03-14 05:20:22,Domicile,Domicile
986174566,2020-03-14 05:25:30,Domicile,Domicile
986174566,2020-03-14 05:30:48,Domicile,Domicile
986174566,2020-03-14 05:35:48,Domicile,Domicile
986174566,2020-03-14 05:41:03,Domicile,Domicile
986174566,2020-03-14 05:46:24,Domicile,Domicile
986174566,2020-03-14 05:51:42,Domicile,Domicile
986174566,2020-03-14 05:57:01,Domicile,Domicile
986174566,2020-03-14 06:02:07,Domicile,Domicile
986174566,2020-03-14 06:07:24,Domicile,Domicile
986174566,2020-03-14 06:13:01,Domicile,Domicile
986174566,2020-03-14 06:18:06,Domicile,Domicile
986174566,2020-03-14 06:23:26,Domicile,Domicile
986174566,2020-03-14 06:28:42,Domicile,Domicile
986174566,2020-03-14 06:33:51,Domicile,Domicile
986174566,2020-03-14 06:39:01,Domicile,Domicile
986174566,2020-03-14 06:44:09,Domicile,Domicile
986174566,2020-03-14 06:49:22,Domicile,Domicile
986174566,2020-03-14 06:54:24,Domicile,Domicile
986174566,2020-03-14 07:00:01,Domicile,Domicile
986174566,2020-03-14 07:05:07,Domicile,Domicile
986174566,2020-03-14 07:10:27,Domicile,Domicile
986174566,2020-03-14 07:15:46,Domicile,Domicile
986174566,2020-03-14 07:21:06,Domicile,Domicile
986174566,2020-03-14 07:26:24,Domicile,Domicile
986174566,2020-03-14 07:31:42,Domicile,Domicile
986174566,2020-03-14 07:36:51,Domicile,Domicile
986174566,2020-03-14 07:42:06,Domicile,Domicile
986174566,2020-03-14 07:47:25,Domicile,Domicile
986174566,2020-03-14 07:53:01,Domicile,Domicile
986174566,2020-03-14 07:58:08,Domicile,Domicile
986174566,2020-03-14 08:03:26,Domicile,Domicile
986174566,2020-03-14 08:08:27,Domicile,Domicile
986174566,2020-03-14 08:13:43,Domicile,Domicile
986174566,2020-03-14 08:19:02,Domicile,Domicile
986174566,2020-03-14 08:24:22,Domicile,Domicile
986174566,2020-03-14 08:29:30,Domicile,Domicile
986174566,2020-03-14 08:34:45,Domicile,Domicile
986174566,2020-03-14 08:39:45,Domicile,Domicile
986174566,2020-03-14 08:45:01,Domicile,Domicile
986174566,2020-03-14 08:50:22,Domicile,Domicile
986174566,2020-03-14 08:55:31,Domicile,Domicile
986174566,2020-03-14 09:00:42,Domicile,Domicile
986174566,2020-03-14 09:05:51,Domicile,Domicile
986174566,2020-03-14 09:11:04,Domicile,Domicile
986174566,2020-03-14 09:16:23,Domicile,Domicile
986174566,2020-03-14 09:21:42,Domicile,Domicile
986174566,2020-03-14 09:26:52,Domicile,Domicile
986174566,2020-03-14 09:32:00,Domicile,Domicile
986174566,2020-03-14 09:37:09,Domicile,Domicile
986174566,2020-03-14 09:42:09,Domicile,Domicile
986174566,2020-03-14 09:47:28,Domicile,Domicile
986174566,2020-03-14 09:52:47,Domicile,Domicile
986174566,2020-03-14 09:58:05,Domicile,Domicile
986174566,2020-03-14 10:03:22,Domicile,Domicile
986174566,2020-03-14 10:08:43,Domicile,Domicile
986174566,2020-03-14 10:14:22,Domicile,Domicile
986174566,2020-03-14 10:19:23,Domicile,Domicile
986174566,2020-03-14 10:30:01,Magasin,Domicile
986174566,2020-03-14 10:40:07,Magasin,Domicile
986174566,2020-03-14 10:51:51,Magasin,Domicile
986174566,2020-03-14 11:02:49,Magasin,Domicile
986174566,2020-03-14 11:13:50,Domicile,Domicile
986174566,2020-03-14 11:19:13,Domicile,Domicile
986174566,2020-03-14 11:24:25,Domicile,Domicile
986174566,2020-03-14 11:34:57,Walk,Domicile
986174566,2020-03-14 11:45:04,Métro,Domicile
986174566,2020-03-14 11:50:04,Métro,Domicile
986174566,2020-03-14 12:05:12,Domicile,Domicile
986174566,2020-03-14 12:10:12,Domicile,Domicile
986174566,2020-03-14 12:15:13,Domicile,Domicile
986174566,2020-03-14 12:20:13,Domicile,Domicile
986174566,2020-03-14 12:25:14,Domicile,Domicile
986174566,2020-03-14 12:31:09,Domicile,Domicile
986174566,2020-03-14 12:36:09,Domicile,Domicile
986174566,2020-03-14 12:42:09,Domicile,Domicile
986174566,2020-03-14 13:16:56,Domicile,Domicile
986174566,2020-03-14 13:21:57,Domicile,Domicile
986174566,2020-03-14 13:26:57,Domicile,Domicile
986174566,2020-03-14 13:31:57,Domicile,Domicile
986174566,2020-03-14 13:36:57,Domicile,Domicile
986174566,2020-03-14 13:41:58,Domicile,Domicile
986174566,2020-03-14 13:46:59,Domicile,Domicile
986174566,2020-03-14 13:51:59,Domicile,Domicile
986174566,2020-03-14 13:57:00,Domicile,Domicile
986174566,2020-03-14 14:02:00,Domicile,Domicile
986174566,2020-03-14 14:07:00,Domicile,Domicile
986174566,2020-03-14 14:12:01,Domicile,Domicile
986174566,2020-03-14 14:17:02,Domicile,Domicile
986174566,2020-03-14 14:22:02,Domicile,Domicile
986174566,2020-03-14 14:27:03,Domicile,Domicile
986174566,2020-03-14 14:32:05,Domicile,Domicile
986174566,2020-03-14 14:37:06,Domicile,Domicile
986174566,2020-03-14 14:42:06,Domicile,Domicile
986174566,2020-03-14 14:47:06,Domicile,Domicile
986174566,2020-03-14 14:52:07,Domicile,Domicile
986174566,2020-03-14 14:57:07,Domicile,Domicile
986174566,2020-03-14 15:02:07,Domicile,Domicile
986174566,2020-03-14 15:07:08,Domicile,Domicile
986174566,2020-03-14 15:12:09,Domicile,Domicile
986174566,2020-03-14 15:17:09,Domicile,Domicile
986174566,2020-03-14 15:22:10,Domicile,Domicile
986174566,2020-03-14 15:27:11,Domicile,Domicile
986174566,2020-03-14 15:32:12,Domicile,Domicile
986174566,2020-03-14 15:37:13,Domicile,Domicile
986174566,2020-03-14 15:42:14,Domicile,Domicile
986174566,2020-03-14 15:47:15,Domicile,Domicile
986174566,2020-03-14 15:52:15,Domicile,Domicile
986174566,2020-03-14 15:57:16,Domicile,Domicile
986174566,2020-03-14 16:02:16,Domicile,Domicile
986174566,2020-03-14 16:07:17,Domicile,Domicile
986174566,2020-03-14 16:12:17,Domicile,Domicile
986174566,2020-03-14 16:17:18,Domicile,Domicile
986174566,2020-03-14 16:22:19,Domicile,Domicile
986174566,2020-03-14 16:27:20,Domicile,Domicile
986174566,2020-03-14 16:32:21,Domicile,Domicile
986174566,2020-03-14 16:37:40,Domicile,Domicile
986174566,2020-03-14 16:42:56,Domicile,indoor
986174566,2020-03-14 16:47:57,Domicile,indoor
986174566,2020-03-14 16:52:57,Domicile,indoor
986174566,2020-03-14 16:58:45,Domicile,Domicile
986174566,2020-03-14 17:03:46,Domicile,Domicile
986174566,2020-03-14 17:09:25,Domicile,Domicile
986174566,2020-03-14 17:14:30,Domicile,Domicile
986174566,2020-03-14 17:19:36,Domicile,Domicile
986174566,2020-03-14 17:24:47,Domicile,Domicile
986174566,2020-03-14 17:29:48,Domicile,Domicile
986174566,2020-03-14 17:34:48,Domicile,Domicile
986174566,2020-03-14 17:39:51,Domicile,Domicile
986174566,2020-03-14 17:45:18,Domicile,Domicile
986174566,2020-03-14 17:50:19,Domicile,Domicile
986174566,2020-03-14 18:00:22,Walk,Domicile
986174566,2020-03-14 18:05:23,Walk,Domicile
986174566,2020-03-14 18:10:24,Walk,Domicile
986174566,2020-03-14 18:15:24,Walk,Domicile
986174566,2020-03-14 18:20:24,Walk,Domicile
986174566,2020-03-14 18:30:29,Métro,Domicile
986174566,2020-03-14 18:45:31,Domicile,Domicile
986174566,2020-03-14 18:50:31,Domicile,Domicile
986174566,2020-03-14 18:55:32,Domicile,Domicile
986174566,2020-03-14 19:00:51,Domicile,Domicile
986174566,2020-03-14 19:05:52,Domicile,Domicile
986174566,2020-03-14 19:10:55,Domicile,Domicile
986174566,2020-03-14 19:16:07,Domicile,Domicile
986174566,2020-03-14 19:21:07,Domicile,Domicile
986174566,2020-03-14 19:26:10,Domicile,Domicile
986174566,2020-03-14 19:31:25,Domicile,Domicile
986174566,2020-03-14 19:36:35,Domicile,Domicile
986174566,2020-03-14 19:41:52,Domicile,Domicile
986174566,2020-03-14 19:46:53,Domicile,Domicile
986174566,2020-03-14 19:51:54,Domicile,Domicile
986174566,2020-03-14 19:56:58,Domicile,Domicile
986174566,2020-03-14 20:02:06,Domicile,Domicile
986174566,2020-03-14 20:07:14,Domicile,Domicile
986174566,2020-03-14 20:12:30,Domicile,Domicile
986174566,2020-03-14 20:17:38,Domicile,Domicile
986174566,2020-03-14 20:23:38,Domicile,Domicile
986174566,2020-03-14 20:28:39,Domicile,Domicile
986174566,2020-03-14 20:33:49,Domicile,Domicile
986174566,2020-03-14 20:39:04,Domicile,Domicile
986174566,2020-03-14 20:44:04,Domicile,Domicile
986174566,2020-03-14 20:49:10,Domicile,Domicile
986174566,2020-03-14 20:54:11,Domicile,Domicile
986174566,2020-03-14 20:59:12,Domicile,Domicile
986174566,2020-03-14 21:04:13,Domicile,Domicile
986174566,2020-03-14 21:09:14,Domicile,Domicile
986174566,2020-03-14 21:14:32,Domicile,Domicile
986174566,2020-03-14 21:19:33,Domicile,Domicile
986174566,2020-03-14 21:24:34,Domicile,Domicile
986174566,2020-03-14 21:29:35,Domicile,Domicile
986174566,2020-03-14 21:34:36,Domicile,Domicile
986174566,2020-03-14 21:39:37,Domicile,Domicile
986174566,2020-03-14 21:44:38,Domicile,Domicile
986174566,2020-03-14 21:49:38,Domicile,Domicile
986174566,2020-03-14 21:54:38,Domicile,Domicile
986174566,2020-03-14 21:59:52,Domicile,Domicile
986174566,2020-03-14 22:05:09,Domicile,Domicile
986174566,2020-03-14 22:10:24,Domicile,Domicile
986174566,2020-03-14 22:15:33,Domicile,Domicile
986174566,2020-03-14 22:20:35,Domicile,Domicile
986174566,2020-03-14 22:25:44,Domicile,Domicile
986174566,2020-03-14 22:31:04,Domicile,Domicile
986174566,2020-03-14 22:36:58,Domicile,Domicile
986174566,2020-03-14 22:42:08,Domicile,Domicile
986174566,2020-03-14 22:47:08,Domicile,Domicile
986174566,2020-03-14 22:53:25,Domicile,Domicile
986174566,2020-03-14 22:58:42,Domicile,Domicile
986174566,2020-03-14 23:03:47,Domicile,Domicile
986174566,2020-03-14 23:09:13,Domicile,Domicile
986174566,2020-03-14 23:15:01,Domicile,Domicile
986174566,2020-03-14 23:20:54,Domicile,Domicile
986174566,2020-03-14 23:26:33,Domicile,Domicile
986174566,2020-03-14 23:31:48,Domicile,Domicile
986174566,2020-03-14 23:37:25,Domicile,Domicile
986174566,2020-03-14 23:42:25,Domicile,Domicile
986174566,2020-03-14 23:47:41,Domicile,Domicile
986174566,2020-03-14 23:52:49,Domicile,Domicile
986174566,2020-03-14 23:58:07,Domicile,Domicile
986174566,2020-03-15 00:03:41,Domicile,Domicile
986174566,2020-03-15 00:08:48,Domicile,Domicile
986174566,2020-03-15 00:14:04,Domicile,Domicile
986174566,2020-03-15 00:19:21,Domicile,Domicile
986174566,2020-03-15 00:24:29,Domicile,Domicile
986174566,2020-03-15 00:29:41,Domicile,Domicile
986174566,2020-03-15 00:34:48,Domicile,Domicile
986174566,2020-03-15 00:40:02,Domicile,Domicile
986174566,2020-03-15 00:45:21,Domicile,Domicile
986174566,2020-03-15 00:50:32,Domicile,Domicile
986174566,2020-03-15 00:55:39,Domicile,Domicile
986174566,2020-03-15 01:01:01,Domicile,Domicile
986174566,2020-03-15 01:06:10,Domicile,Domicile
986174566,2020-03-15 01:11:29,Domicile,Domicile
986174566,2020-03-15 01:16:47,Domicile,Domicile
986174566,2020-03-15 01:22:02,Domicile,Domicile
986174566,2020-03-15 01:27:22,Domicile,Domicile
986174566,2020-03-15 01:32:31,Domicile,Domicile
986174566,2020-03-15 01:37:47,Domicile,Domicile
986174566,2020-03-15 01:42:47,Domicile,Domicile
986174566,2020-03-15 01:48:04,Domicile,Domicile
986174566,2020-03-15 01:53:22,Domicile,Domicile
986174566,2020-03-15 01:58:30,Domicile,Domicile
986174566,2020-03-15 02:03:49,Domicile,Domicile
986174566,2020-03-15 02:09:22,Domicile,Domicile
986174566,2020-03-15 02:14:31,Domicile,Domicile
986174566,2020-03-15 02:19:50,Domicile,Domicile
986174566,2020-03-15 02:25:09,Domicile,Domicile
986174566,2020-03-15 02:30:28,Domicile,Domicile
986174566,2020-03-15 02:35:48,Domicile,Domicile
986174566,2020-03-15 02:41:06,Domicile,Domicile
986174566,2020-03-15 02:46:24,Domicile,Domicile
986174566,2020-03-15 02:52:01,Domicile,Domicile
986174566,2020-03-15 02:57:22,Domicile,Domicile
986174566,2020-03-15 03:02:22,Domicile,Domicile
986174566,2020-03-15 03:07:29,Domicile,Domicile
986174566,2020-03-15 03:12:47,Domicile,Domicile
986174566,2020-03-15 03:18:06,Domicile,Domicile
986174566,2020-03-15 03:23:25,Domicile,Domicile
986174566,2020-03-15 03:28:42,Domicile,Domicile
986174566,2020-03-15 03:33:48,Domicile,Domicile
986174566,2020-03-15 03:39:04,Domicile,Domicile
986174566,2020-03-15 03:44:24,Domicile,Domicile
986174566,2020-03-15 03:50:01,Domicile,Domicile
986174566,2020-03-15 03:55:08,Domicile,Domicile
986174566,2020-03-15 04:00:17,Domicile,Domicile
986174566,2020-03-15 04:05:26,Domicile,Domicile
986174566,2020-03-15 04:10:26,Domicile,Domicile
986174566,2020-03-15 04:15:34,Domicile,Domicile
986174566,2020-03-15 04:20:41,Domicile,Domicile
986174566,2020-03-15 04:25:50,Domicile,Domicile
986174566,2020-03-15 04:31:08,Domicile,Domicile
986174566,2020-03-15 04:36:25,Domicile,Domicile
986174566,2020-03-15 04:41:41,Domicile,Domicile
986174566,2020-03-15 04:46:48,Domicile,Domicile
986174566,2020-03-15 04:52:05,Domicile,Domicile
986174566,2020-03-15 04:57:22,Domicile,Domicile
986174566,2020-03-15 05:02:50,Domicile,Domicile
986174566,2020-03-15 05:08:08,Domicile,Domicile
986174566,2020-03-15 05:13:24,Domicile,Domicile
986174566,2020-03-15 05:19:01,Domicile,Domicile
986174566,2020-03-15 05:24:08,Domicile,Domicile
986174566,2020-03-15 05:29:25,Domicile,Domicile
986174566,2020-03-15 05:34:42,Domicile,Domicile
986174566,2020-03-15 05:39:50,Domicile,Domicile
986174566,2020-03-15 05:45:08,Domicile,Domicile
986174566,2020-03-15 05:50:24,Domicile,Domicile
986174566,2020-03-15 05:55:42,Domicile,Domicile
986174566,2020-03-15 06:00:50,Domicile,Domicile
986174566,2020-03-15 06:06:10,Domicile,Domicile
986174566,2020-03-15 06:11:25,Domicile,Domicile
986174566,2020-03-15 06:16:42,Domicile,Domicile
986174566,2020-03-15 06:21:51,Domicile,Domicile
986174566,2020-03-15 06:26:55,Domicile,Domicile
986174566,2020-03-15 06:32:06,Domicile,Domicile
986174566,2020-03-15 06:37:06,Domicile,Domicile
986174566,2020-03-15 06:42:21,Domicile,Domicile
986174566,2020-03-15 06:47:29,Domicile,Domicile
986174566,2020-03-15 06:52:43,Domicile,Domicile
986174566,2020-03-15 06:57:51,Domicile,Domicile
986174566,2020-03-15 07:03:47,Domicile,Domicile
986174566,2020-03-15 07:09:05,Domicile,Domicile
986174566,2020-03-15 07:14:44,Domicile,Domicile
986174566,2020-03-15 07:20:01,Domicile,Domicile
986174566,2020-03-15 07:25:10,Domicile,Domicile
986174566,2020-03-15 07:30:26,Domicile,Domicile
986174566,2020-03-15 07:35:43,Domicile,Domicile
986174566,2020-03-15 07:41:01,Domicile,Domicile
986174566,2020-03-15 07:46:10,Domicile,Domicile
986174566,2020-03-15 07:51:26,Domicile,Domicile
986174566,2020-03-15 07:56:42,Domicile,Domicile
986174566,2020-03-15 08:01:49,Domicile,Domicile
986174566,2020-03-15 08:07:45,Domicile,Domicile
986174566,2020-03-15 08:13:03,Domicile,Domicile
986174566,2020-03-15 08:18:21,Domicile,Domicile
986174566,2020-03-15 08:23:27,Domicile,Domicile
986174566,2020-03-15 08:28:41,Domicile,Domicile
986174566,2020-03-15 08:33:48,Domicile,Domicile
986174566,2020-03-15 08:39:22,Domicile,Domicile
986174566,2020-03-15 08:44:26,Domicile,Domicile
986174566,2020-03-15 08:49:44,Domicile,Domicile
986174566,2020-03-15 08:55:03,Domicile,Domicile
986174566,2020-03-15 09:00:22,Domicile,Domicile
986174566,2020-03-15 09:05:25,Domicile,Domicile
986174566,2020-03-15 09:11:01,Domicile,Domicile
986174566,2020-03-15 09:16:06,Domicile,Domicile
986174566,2020-03-15 09:21:25,Domicile,Domicile
986174566,2020-03-15 09:26:27,Domicile,Domicile
986174566,2020-03-15 09:31:42,Domicile,Domicile
986174566,2020-03-15 09:36:47,Domicile,Domicile
986174566,2020-03-15 09:42:06,Domicile,Domicile
986174566,2020-03-15 09:47:22,Domicile,Domicile
986174566,2020-03-15 09:52:28,Domicile,Domicile
986174566,2020-03-15 09:57:47,Domicile,Domicile
986174566,2020-03-15 10:03:06,Domicile,Domicile
986174566,2020-03-15 10:08:15,Domicile,Domicile
986174566,2020-03-15 10:13:24,Domicile,Domicile
986174566,2020-03-15 10:18:42,Domicile,Domicile
986174566,2020-03-15 10:23:42,Domicile,Domicile
986174566,2020-03-15 10:28:42,Domicile,Domicile
986174566,2020-03-15 10:33:42,Domicile,Domicile
986174566,2020-03-15 10:38:51,Domicile,Domicile
986174566,2020-03-15 10:44:10,Domicile,Domicile
986174566,2020-03-15 10:49:29,Domicile,Domicile
986174566,2020-03-15 10:54:37,Domicile,Domicile
986174566,2020-03-15 10:59:39,Domicile,Domicile
986174566,2020-03-15 11:04:39,Domicile,Domicile
986174566,2020-03-15 11:09:47,Domicile,Domicile
986174566,2020-03-15 11:24:48,Gare,8.0
986174566,2020-03-15 11:34:49,Vélo,Vélo
986174566,2020-03-15 11:39:49,Vélo,Vélo
986174566,2020-03-15 11:44:49,Vélo,Vélo
986174566,2020-03-15 11:49:50,Vélo,Vélo
986174566,2020-03-15 11:59:51,Domicile,4.0
986174566,2020-03-15 12:04:52,Domicile,4.0
986174566,2020-03-15 12:09:53,Domicile,4.0
986174566,2020-03-15 12:14:53,Domicile,4.0
986174566,2020-03-15 12:19:53,Domicile,4.0
986174566,2020-03-15 12:24:54,Domicile,4.0
986174566,2020-03-15 12:29:55,Domicile,4.0
986174566,2020-03-15 12:34:56,Domicile,4.0
986174566,2020-03-15 12:39:57,Domicile,4.0
986174566,2020-03-15 12:47:01,Domicile,4.0
986174566,2020-03-15 12:52:12,Domicile,4.0
986174566,2020-03-15 12:57:12,Domicile,4.0
986174566,2020-03-15 13:02:12,Domicile,4.0
986174566,2020-03-15 13:07:13,Domicile,4.0
986174566,2020-03-15 13:12:14,Domicile,4.0
986174566,2020-03-15 13:17:14,Domicile,4.0
986174566,2020-03-15 13:25:17,Domicile,4.0
986174566,2020-03-15 13:30:59,Domicile,4.0
986174566,2020-03-15 13:39:15,Domicile,4.0
986174566,2020-03-15 13:44:16,Domicile,4.0
986174566,2020-03-15 13:52:37,Domicile,4.0
986174566,2020-03-15 13:58:15,Domicile,4.0
986174566,2020-03-15 14:03:15,Domicile,4.0
986174566,2020-03-15 14:09:15,Domicile,4.0
986174566,2020-03-15 14:14:16,Domicile,4.0
986174566,2020-03-15 14:19:16,Domicile,4.0
986174566,2020-03-15 14:24:16,Domicile,4.0
986174566,2020-03-15 14:36:08,Domicile,indoor
986174566,2020-03-15 14:41:08,Domicile,indoor
986174566,2020-03-15 14:46:14,Domicile,4.0
986174566,2020-03-15 14:51:15,Domicile,4.0
986174566,2020-03-15 14:56:48,Domicile,4.0
986174566,2020-03-15 15:01:50,Domicile,4.0
986174566,2020-03-15 15:06:51,Domicile,4.0
986174566,2020-03-15 15:12:04,Domicile,4.0
986174566,2020-03-15 15:17:05,Domicile,4.0
986174566,2020-03-15 15:22:06,Domicile,4.0
986174566,2020-03-15 15:27:06,Domicile,4.0
986174566,2020-03-15 15:32:07,Domicile,4.0
986174566,2020-03-15 15:37:07,Domicile,4.0
986174566,2020-03-15 15:42:08,Domicile,4.0
986174566,2020-03-15 15:47:09,Domicile,4.0
986174566,2020-03-15 15:52:20,Domicile,4.0
986174566,2020-03-15 15:57:21,Domicile,4.0
986174566,2020-03-15 16:02:23,Domicile,4.0
986174566,2020-03-15 16:07:24,Domicile,4.0
986174566,2020-03-15 16:12:50,Domicile,4.0
986174566,2020-03-15 16:17:50,Domicile,4.0
986174566,2020-03-15 16:23:50,Domicile,4.0
986174566,2020-03-15 16:28:51,Domicile,4.0
986174566,2020-03-15 16:33:59,Domicile,4.0
986174566,2020-03-15 16:39:17,Domicile,4.0
986174566,2020-03-15 16:44:37,Domicile,4.0
986174566,2020-03-15 16:49:54,Domicile,4.0
986174566,2020-03-15 16:55:50,Domicile,4.0
986174566,2020-03-15 17:01:07,Domicile,4.0
986174566,2020-03-15 17:06:23,Domicile,4.0
986174566,2020-03-15 17:11:44,Domicile,4.0
986174566,2020-03-15 17:22:06,Bus,indoor
986174566,2020-03-15 17:41:40,Walk,indoor
986174566,2020-03-15 17:46:40,Walk,indoor
986174566,2020-03-15 17:51:40,Walk,indoor
986174566,2020-03-15 17:56:41,Walk,indoor
986174566,2020-03-15 18:01:42,Walk,indoor
986174566,2020-03-15 18:06:43,Walk,indoor
986174566,2020-03-15 18:11:44,Walk,indoor
986174566,2020-03-15 18:16:44,Walk,indoor
986174566,2020-03-15 18:21:45,Walk,indoor
986174566,2020-03-15 18:26:46,Walk,indoor
986174566,2020-03-15 18:31:47,Walk,indoor
986174566,2020-03-15 18:36:48,Walk,indoor
986174566,2020-03-15 18:46:50,Domicile,indoor
986174566,2020-03-15 18:52:13,Domicile,Domicile
986174566,2020-03-15 18:57:20,Domicile,Domicile
986174566,2020-03-15 19:02:27,Domicile,Domicile
986174566,2020-03-15 19:07:28,Domicile,Domicile
986174566,2020-03-15 19:12:31,Domicile,Domicile
986174566,2020-03-15 19:17:38,Domicile,Domicile
986174566,2020-03-15 19:22:48,Domicile,Domicile
986174566,2020-03-15 19:28:08,Domicile,Domicile
986174566,2020-03-15 19:33:16,Domicile,Domicile
986174566,2020-03-15 19:38:22,Domicile,Bureau
986174566,2020-03-15 19:43:27,Domicile,Bureau
986174566,2020-03-15 19:48:42,Domicile,Bureau
986174566,2020-03-15 19:53:49,Domicile,Bureau
986174566,2020-03-15 19:59:00,Domicile,Bureau
986174566,2020-03-15 20:04:13,Domicile,Bureau
986174566,2020-03-15 20:09:15,Domicile,Bureau
986174566,2020-03-15 20:14:15,Domicile,Bureau
986174566,2020-03-15 20:19:33,Domicile,Bureau
986174566,2020-03-15 20:24:35,Domicile,Bureau
986174566,2020-03-15 20:29:35,Domicile,Bureau
986174566,2020-03-15 20:34:40,Domicile,Bureau
986174566,2020-03-15 20:39:46,Domicile,Bureau
986174566,2020-03-15 20:44:47,Domicile,Bureau
986174566,2020-03-15 20:49:47,Domicile,Bureau
986174566,2020-03-15 20:54:56,Domicile,Bureau
986174566,2020-03-15 21:00:16,Domicile,Bureau
986174566,2020-03-15 21:05:17,Domicile,Bureau
986174566,2020-03-15 21:10:34,Domicile,Bureau
986174566,2020-03-15 21:15:36,Domicile,Bureau
986174566,2020-03-15 21:20:51,Domicile,Bureau
986174566,2020-03-15 21:26:06,Domicile,Bureau
986174566,2020-03-15 21:31:11,Domicile,Bureau
986174566,2020-03-15 21:36:23,Domicile,Bureau
986174566,2020-03-15 21:41:23,Domicile,Bureau
986174566,2020-03-15 21:46:34,Domicile,Bureau
986174566,2020-03-15 21:51:35,Domicile,Bureau
986174566,2020-03-15 21:56:37,Domicile,Bureau
986174566,2020-03-15 22:01:41,Domicile,Bureau
986174566,2020-03-15 22:06:41,Domicile,Bureau
986174566,2020-03-15 22:11:49,Domicile,Bureau
986174566,2020-03-15 22:16:52,Domicile,Bureau
986174566,2020-03-15 22:22:12,Domicile,Bureau
986174566,2020-03-15 22:27:20,Domicile,Bureau
986174566,2020-03-15 22:32:20,Domicile,Bureau
986174566,2020-03-15 22:37:23,Domicile,Bureau
986174566,2020-03-15 22:42:26,Domicile,Bureau
986174566,2020-03-15 22:47:29,Domicile,Bureau
986174566,2020-03-15 22:52:31,Domicile,Bureau
986174566,2020-03-15 22:57:35,Domicile,Bureau
986174566,2020-03-15 23:02:38,Domicile,Bureau
986174566,2020-03-15 23:07:44,Domicile,Bureau
986174566,2020-03-15 23:12:54,Domicile,Bureau
986174566,2020-03-15 23:17:56,Domicile,Bureau
986174566,2020-03-15 23:23:08,Domicile,Domicile
986174566,2020-03-15 23:28:20,Domicile,Domicile
986174566,2020-03-15 23:33:21,Domicile,Domicile
986174566,2020-03-15 23:38:29,Domicile,Domicile
986174566,2020-03-15 23:43:49,Domicile,Domicile
986174566,2020-03-15 23:48:59,Domicile,Domicile
986174566,2020-03-15 23:54:07,Domicile,Domicile
986174566,2020-03-15 23:59:25,Domicile,Domicile
986174566,2020-03-16 00:04:42,Domicile,Domicile
986174566,2020-03-16 00:09:51,Domicile,Domicile
986174566,2020-03-16 00:15:08,Domicile,Domicile
986174566,2020-03-16 00:20:25,Domicile,Domicile
986174566,2020-03-16 00:25:42,Domicile,Domicile
986174566,2020-03-16 00:31:01,Domicile,Domicile
986174566,2020-03-16 00:36:10,Domicile,Domicile
986174566,2020-03-16 00:41:30,Domicile,Domicile
986174566,2020-03-16 00:46:47,Domicile,Domicile
986174566,2020-03-16 00:52:05,Domicile,Domicile
986174566,2020-03-16 00:57:21,Domicile,Domicile
986174566,2020-03-16 01:02:29,Domicile,Domicile
986174566,2020-03-16 01:07:49,Domicile,Domicile
986174566,2020-03-16 01:13:07,Domicile,Domicile
986174566,2020-03-16 01:18:24,Domicile,Domicile
986174566,2020-03-16 01:23:41,Domicile,Domicile
986174566,2020-03-16 01:28:48,Domicile,Domicile
986174566,2020-03-16 01:34:07,Domicile,Domicile
986174566,2020-03-16 01:39:26,Domicile,Domicile
986174566,2020-03-16 01:45:01,Domicile,Domicile
986174566,2020-03-16 01:50:08,Domicile,Domicile
986174566,2020-03-16 01:55:25,Domicile,Domicile
986174566,2020-03-16 02:00:44,Domicile,Domicile
986174566,2020-03-16 02:06:01,Domicile,Domicile
986174566,2020-03-16 02:11:09,Domicile,Domicile
986174566,2020-03-16 02:16:22,Domicile,Domicile
986174566,2020-03-16 02:21:29,Domicile,Domicile
986174566,2020-03-16 02:26:46,Domicile,Domicile
986174566,2020-03-16 02:32:03,Domicile,Domicile
986174566,2020-03-16 02:37:22,Domicile,Domicile
986174566,2020-03-16 02:42:31,Domicile,Domicile
986174566,2020-03-16 02:47:49,Domicile,Domicile
986174566,2020-03-16 02:52:59,Domicile,Domicile
986174566,2020-03-16 02:58:07,Domicile,Domicile
986174566,2020-03-16 03:03:37,Domicile,Domicile
986174566,2020-03-16 03:08:46,Domicile,Domicile
986174566,2020-03-16 03:14:04,Domicile,Domicile
986174566,2020-03-16 03:19:22,Domicile,Domicile
986174566,2020-03-16 03:24:30,Domicile,Domicile
986174566,2020-03-16 03:29:46,Domicile,Domicile
986174566,2020-03-16 03:35:44,Domicile,Domicile
986174566,2020-03-16 03:41:42,Domicile,Domicile
986174566,2020-03-16 03:46:51,Domicile,Domicile
986174566,2020-03-16 03:51:57,Domicile,Domicile
986174566,2020-03-16 03:57:06,Domicile,Domicile
986174566,2020-03-16 04:02:24,Domicile,Domicile
986174566,2020-03-16 04:07:42,Domicile,Domicile
986174566,2020-03-16 04:12:46,Domicile,Domicile
986174566,2020-03-16 04:18:02,Domicile,Domicile
986174566,2020-03-16 04:23:07,Domicile,Domicile
986174566,2020-03-16 04:28:23,Domicile,Domicile
986174566,2020-03-16 04:33:26,Domicile,Domicile
986174566,2020-03-16 04:38:44,Domicile,Domicile
986174566,2020-03-16 04:43:45,Domicile,Domicile
986174566,2020-03-16 04:49:43,Domicile,Domicile
986174566,2020-03-16 04:55:01,Domicile,Domicile
986174566,2020-03-16 05:00:09,Domicile,Domicile
986174566,2020-03-16 05:05:25,Domicile,Domicile
986174566,2020-03-16 05:10:53,Domicile,Domicile
986174566,2020-03-16 05:16:01,Domicile,Domicile
986174566,2020-03-16 05:21:22,Domicile,Domicile
986174566,2020-03-16 05:26:24,Domicile,Domicile
986174566,2020-03-16 05:31:29,Domicile,Domicile
986174566,2020-03-16 05:37:01,Domicile,Domicile
986174566,2020-03-16 05:42:22,Domicile,Domicile
986174566,2020-03-16 05:47:31,Domicile,Domicile
986174566,2020-03-16 05:53:01,Domicile,Domicile
986174566,2020-03-16 05:58:04,Domicile,Domicile
986174566,2020-03-16 06:03:23,Domicile,Domicile
986174566,2020-03-16 06:08:29,Domicile,Domicile
986174566,2020-03-16 06:13:43,Domicile,Domicile
986174566,2020-03-16 06:19:01,Domicile,Domicile
986174566,2020-03-16 06:24:10,Domicile,Domicile
986174566,2020-03-16 06:29:27,Domicile,Domicile
986174566,2020-03-16 06:34:43,Domicile,Domicile
986174566,2020-03-16 06:39:46,Domicile,Domicile
986174566,2020-03-16 06:44:46,Domicile,Domicile
986174566,2020-03-16 06:50:01,Domicile,Domicile
986174566,2020-03-16 06:55:10,Domicile,Domicile
986174566,2020-03-16 07:00:27,Domicile,Domicile
986174566,2020-03-16 07:05:44,Domicile,Domicile
986174566,2020-03-16 07:11:43,Domicile,Domicile
986174566,2020-03-16 07:16:51,Domicile,Domicile
986174566,2020-03-16 07:22:05,Domicile,Domicile
986174566,2020-03-16 07:27:24,Domicile,Domicile
986174566,2020-03-16 07:32:42,Domicile,Domicile
986174566,2020-03-16 07:38:01,Domicile,Domicile
986174566,2020-03-16 07:43:04,Domicile,Domicile
986174566,2020-03-16 07:48:24,Domicile,Domicile
986174566,2020-03-16 07:53:24,Domicile,Domicile
986174566,2020-03-16 07:58:27,Domicile,Domicile
986174566,2020-03-16 08:03:44,Domicile,Domicile
986174566,2020-03-16 08:08:44,Domicile,Domicile
986174566,2020-03-16 08:13:44,Domicile,Domicile
986174566,2020-03-16 08:19:03,Domicile,Domicile
986174566,2020-03-16 08:24:24,Domicile,Domicile
986174566,2020-03-16 08:30:01,Domicile,Domicile
986174566,2020-03-16 08:35:22,Domicile,Domicile
986174566,2020-03-16 08:40:22,Domicile,Domicile
986174566,2020-03-16 08:45:25,Domicile,Domicile
986174566,2020-03-16 08:50:29,Domicile,Domicile
986174566,2020-03-16 08:55:46,Domicile,Domicile
986174566,2020-03-16 09:01:07,Domicile,Domicile
986174566,2020-03-16 09:06:25,Domicile,Domicile
986174566,2020-03-16 09:12:01,Domicile,Domicile
986174566,2020-03-16 09:17:54,Domicile,Domicile
986174566,2020-03-16 09:23:16,Domicile,Domicile
986174566,2020-03-16 09:28:29,Domicile,Domicile
986174566,2020-03-16 09:33:30,Domicile,Domicile
986174566,2020-03-16 09:39:44,Domicile,Domicile
986174566,2020-03-16 09:44:55,Domicile,Domicile
986174566,2020-03-16 09:50:01,Domicile,Domicile
986174566,2020-03-16 09:55:52,Domicile,Domicile
986174566,2020-03-16 10:00:58,Domicile,Domicile
986174566,2020-03-16 10:06:01,Domicile,Domicile
986174566,2020-03-16 10:11:01,Domicile,Domicile
986174566,2020-03-16 10:16:06,Domicile,Domicile
986174566,2020-03-16 10:21:23,Domicile,Domicile
986174566,2020-03-16 10:26:50,Domicile,Domicile
986174566,2020-03-16 10:32:01,Domicile,Domicile
986174566,2020-03-16 10:37:15,Domicile,Domicile
986174566,2020-03-16 10:42:16,Domicile,Domicile
986174566,2020-03-16 10:47:31,Domicile,Domicile
986174566,2020-03-16 10:52:58,Domicile,Domicile
986174566,2020-03-16 10:58:09,Domicile,Domicile
986174566,2020-03-16 11:03:23,Domicile,Domicile
986174566,2020-03-16 11:08:26,Domicile,Domicile
986174566,2020-03-16 11:13:40,Domicile,Domicile
986174566,2020-03-16 11:18:52,Domicile,Domicile
986174566,2020-03-16 11:24:10,Domicile,Domicile
986174566,2020-03-16 11:29:23,Domicile,Domicile
986174566,2020-03-16 11:34:32,Domicile,Domicile
986174566,2020-03-16 11:39:47,Domicile,Domicile
986174566,2020-03-16 11:45:09,Domicile,Domicile
986174566,2020-03-16 11:50:24,Domicile,Domicile
986174566,2020-03-16 11:55:38,Domicile,Domicile
986174566,2020-03-16 12:00:39,Domicile,Domicile
986174566,2020-03-16 12:05:39,Domicile,Domicile
986174566,2020-03-16 12:10:40,Domicile,Domicile
986174566,2020-03-16 12:15:50,Domicile,Domicile
986174566,2020-03-16 12:20:50,Domicile,Domicile
986174566,2020-03-16 12:25:57,Domicile,Domicile
986174566,2020-03-16 12:30:57,Domicile,Domicile
986174566,2020-03-16 12:35:58,Domicile,Domicile
986174566,2020-03-16 12:40:58,Domicile,Domicile
986174566,2020-03-16 12:45:59,Domicile,Domicile
986174566,2020-03-16 12:50:59,Domicile,Domicile
986174566,2020-03-16 12:55:59,Domicile,Domicile
986174566,2020-03-16 13:00:59,Domicile,Domicile
986174566,2020-03-16 13:05:59,Domicile,Domicile
986174566,2020-03-16 13:11:00,Domicile,Domicile
986174566,2020-03-16 13:16:00,Domicile,Domicile
986174566,2020-03-16 13:21:00,Domicile,Domicile
986174566,2020-03-16 13:26:01,Domicile,Domicile
986174566,2020-03-16 13:31:01,Domicile,Domicile
986174566,2020-03-16 13:36:02,Domicile,indoor
986174566,2020-03-16 13:41:07,Domicile,Domicile
986174566,2020-03-16 13:46:08,Domicile,Domicile
986174566,2020-03-16 13:51:22,Domicile,Domicile
986174566,2020-03-16 13:56:23,Domicile,Domicile
986174566,2020-03-16 14:01:23,Domicile,7.0
986174566,2020-03-16 14:06:23,Domicile,7.0
986174566,2020-03-16 14:11:24,Domicile,7.0
986174566,2020-03-16 14:16:25,Domicile,7.0
986174566,2020-03-16 14:21:26,Domicile,indoor
986174566,2020-03-16 14:26:27,Domicile,indoor
986174566,2020-03-16 14:31:28,Domicile,indoor
986174566,2020-03-16 14:36:29,Domicile,indoor
986174566,2020-03-16 14:41:33,Domicile,indoor
986174566,2020-03-16 14:46:45,Domicile,indoor
986174566,2020-03-16 14:51:46,Domicile,indoor
986174566,2020-03-16 14:56:51,Domicile,Domicile
986174566,2020-03-16 15:01:51,Domicile,Domicile
986174566,2020-03-16 15:06:51,Domicile,Domicile
986174566,2020-03-16 15:11:51,Domicile,Domicile
986174566,2020-03-16 15:16:52,Domicile,Domicile
986174566,2020-03-16 15:21:53,Domicile,Domicile
986174566,2020-03-16 15:26:53,Domicile,Domicile
986174566,2020-03-16 15:31:54,Domicile,indoor
986174566,2020-03-16 15:36:54,Domicile,Domicile
986174566,2020-03-16 15:41:55,Domicile,Domicile
986174566,2020-03-16 15:46:55,Domicile,Domicile
986174566,2020-03-16 15:51:55,Domicile,Domicile
986174566,2020-03-16 15:56:55,Domicile,Domicile
986174566,2020-03-16 16:01:56,Domicile,Domicile
986174566,2020-03-16 16:06:56,Domicile,Domicile
986174566,2020-03-16 16:11:57,Domicile,Domicile
986174566,2020-03-16 16:17:39,Domicile,Domicile
986174566,2020-03-16 16:22:40,Domicile,Domicile
986174566,2020-03-16 16:27:50,Domicile,Domicile
986174566,2020-03-16 16:33:38,Domicile,Domicile
986174566,2020-03-16 16:38:38,Domicile,Domicile
986174566,2020-03-16 16:43:46,Domicile,Domicile
986174566,2020-03-16 16:49:01,Domicile,Domicile
986174566,2020-03-16 16:54:12,Domicile,Domicile
986174566,2020-03-16 16:59:25,Domicile,Domicile
986174566,2020-03-16 17:04:43,Domicile,Domicile
986174566,2020-03-16 17:10:03,Domicile,Domicile
986174566,2020-03-16 17:15:38,Domicile,Domicile
986174566,2020-03-16 17:20:52,Domicile,Domicile
986174566,2020-03-16 17:26:07,Domicile,Domicile
986174566,2020-03-16 17:31:09,Domicile,Domicile
986174566,2020-03-16 17:36:25,Domicile,Domicile
986174566,2020-03-16 17:41:31,Domicile,Domicile
986174566,2020-03-16 17:46:42,Domicile,Domicile
986174566,2020-03-16 17:52:14,Domicile,Domicile
986174566,2020-03-16 17:57:26,Domicile,Domicile
986174566,2020-03-16 18:02:39,Domicile,Domicile
986174566,2020-03-16 18:07:53,Domicile,Domicile
986174566,2020-03-16 18:13:07,Domicile,Domicile
986174566,2020-03-16 18:18:38,Domicile,Domicile
986174566,2020-03-16 18:23:39,Domicile,Domicile
986174566,2020-03-16 18:28:53,Domicile,Domicile
986174566,2020-03-16 18:33:54,Domicile,Domicile
986174566,2020-03-16 18:39:09,Domicile,Domicile
986174566,2020-03-16 18:44:16,Domicile,Domicile
986174566,2020-03-16 18:49:34,Domicile,Domicile
986174566,2020-03-16 18:54:48,Domicile,Domicile
986174566,2020-03-16 19:00:10,Domicile,Domicile
986174566,2020-03-16 19:05:23,Domicile,Domicile
986174566,2020-03-16 19:10:38,Domicile,Domicile
986174566,2020-03-16 19:15:57,Domicile,Domicile
986174566,2020-03-16 19:21:09,Domicile,Domicile
986174566,2020-03-16 19:26:26,Domicile,Domicile
986174566,2020-03-16 19:31:42,Domicile,Domicile
986174566,2020-03-16 19:36:58,Domicile,Domicile
986174566,2020-03-16 19:42:03,Domicile,Domicile
986174566,2020-03-16 19:47:23,Domicile,Domicile
986174566,2020-03-16 19:52:26,Domicile,Domicile
986174566,2020-03-16 19:57:38,Domicile,Domicile
986174566,2020-03-16 20:02:55,Domicile,Domicile
986174566,2020-03-16 20:08:08,Domicile,Domicile
986174566,2020-03-16 20:13:21,Domicile,Domicile
986174566,2020-03-16 20:18:32,Domicile,Domicile
986174566,2020-03-16 20:23:44,Domicile,Domicile
986174566,2020-03-16 20:28:50,Domicile,Domicile
986174566,2020-03-16 20:34:00,Domicile,Domicile
986174566,2020-03-16 20:39:14,Domicile,Domicile
986174566,2020-03-16 20:44:25,Domicile,Domicile
986174566,2020-03-16 20:49:25,Domicile,Domicile
986174566,2020-03-16 20:54:38,Domicile,Domicile
986174566,2020-03-16 20:59:52,Domicile,Domicile
986174566,2020-03-16 21:04:53,Domicile,Domicile
986174566,2020-03-16 21:10:07,Domicile,Domicile
986174566,2020-03-16 21:15:24,Domicile,Domicile
986174566,2020-03-16 21:20:26,Domicile,Domicile
986174566,2020-03-16 21:25:40,Domicile,Domicile
986174566,2020-03-16 21:30:54,Domicile,Domicile
986174566,2020-03-16 21:35:57,Domicile,Domicile
986174566,2020-03-16 21:41:10,Domicile,Domicile
986174566,2020-03-16 21:46:24,Domicile,Domicile
986174566,2020-03-16 21:51:32,Domicile,Domicile
986174566,2020-03-16 21:56:43,Domicile,Domicile
986174566,2020-03-16 22:02:15,Domicile,Domicile
986174566,2020-03-16 22:07:36,Domicile,Domicile
986174566,2020-03-16 22:12:54,Domicile,Domicile
986174566,2020-03-16 22:18:10,Domicile,Domicile
986174566,2020-03-16 22:23:32,Domicile,Domicile
986174566,2020-03-16 22:28:55,Domicile,Domicile
986174566,2020-03-16 22:34:07,Domicile,Domicile
986174566,2020-03-16 22:39:24,Domicile,Domicile
986174566,2020-03-16 22:44:37,Domicile,Domicile
986174566,2020-03-16 22:49:54,Domicile,Domicile
986174566,2020-03-16 22:55:07,Domicile,Domicile
986174566,2020-03-16 23:00:07,Domicile,Domicile
986174566,2020-03-16 23:05:38,Domicile,Domicile
986174566,2020-03-16 23:10:54,Domicile,Domicile
986174566,2020-03-16 23:16:11,Domicile,Domicile
986174566,2020-03-16 23:21:32,Domicile,Domicile
986174566,2020-03-16 23:26:43,Domicile,Domicile
986174566,2020-03-16 23:31:57,Domicile,Domicile
986174566,2020-03-16 23:37:07,Domicile,Domicile
986174566,2020-03-16 23:42:24,Domicile,Domicile
986174566,2020-03-16 23:47:37,Domicile,Domicile
986174566,2020-03-16 23:52:39,Domicile,Domicile
986174566,2020-03-16 23:57:41,Domicile,Domicile
986174566,2020-03-17 00:02:52,Domicile,Domicile
986174566,2020-03-17 00:08:04,Domicile,Domicile
986174566,2020-03-17 00:13:15,Domicile,Domicile
986174566,2020-03-17 00:18:28,Domicile,Domicile
986174566,2020-03-17 00:23:44,Domicile,Domicile
986174566,2020-03-17 00:28:59,Domicile,Domicile
986174566,2020-03-17 00:34:03,Domicile,Domicile
986174566,2020-03-17 00:39:06,Domicile,Domicile
986174566,2020-03-17 00:44:09,Domicile,Domicile
986174566,2020-03-17 00:49:24,Domicile,Domicile
986174566,2020-03-17 00:54:26,Domicile,Domicile
986174566,2020-03-17 00:59:37,Domicile,Domicile
986174566,2020-03-17 01:04:37,Domicile,Domicile
986174566,2020-03-17 01:09:38,Domicile,Domicile
986174566,2020-03-17 01:14:39,Domicile,Domicile
986174566,2020-03-17 01:19:39,Domicile,Domicile
986174566,2020-03-17 01:24:40,Domicile,Domicile
986174566,2020-03-17 01:29:40,Domicile,Domicile
986174566,2020-03-17 01:34:41,Domicile,Domicile
986174566,2020-03-17 01:39:42,Domicile,Domicile
986174566,2020-03-17 01:44:43,Domicile,Domicile
986174566,2020-03-17 01:50:01,Domicile,Domicile
986174566,2020-03-17 01:55:02,Domicile,Domicile
986174566,2020-03-17 02:00:02,Domicile,Domicile
986174566,2020-03-17 02:05:03,Domicile,Domicile
986174566,2020-03-17 02:10:04,Domicile,Domicile
986174566,2020-03-17 02:15:05,Domicile,Domicile
986174566,2020-03-17 02:20:05,Domicile,Domicile
986174566,2020-03-17 02:25:06,Domicile,Domicile
986174566,2020-03-17 02:30:07,Domicile,Domicile
986174566,2020-03-17 02:35:08,Domicile,Domicile
986174566,2020-03-17 02:40:08,Domicile,Domicile
986174566,2020-03-17 02:45:08,Domicile,Domicile
986174566,2020-03-17 02:50:08,Domicile,Domicile
986174566,2020-03-17 02:55:08,Domicile,Domicile
986174566,2020-03-17 03:00:09,Domicile,Domicile
986174566,2020-03-17 03:05:10,Domicile,Domicile
986174566,2020-03-17 03:10:11,Domicile,Domicile
986174566,2020-03-17 03:15:11,Domicile,Domicile
986174566,2020-03-17 03:20:12,Domicile,Domicile
986174566,2020-03-17 03:25:12,Domicile,Domicile
986174566,2020-03-17 03:30:13,Domicile,Domicile
986174566,2020-03-17 03:35:14,Domicile,Domicile
986174566,2020-03-17 03:40:14,Domicile,Domicile
986174566,2020-03-17 03:45:15,Domicile,Domicile
986174566,2020-03-17 03:50:16,Domicile,Domicile
986174566,2020-03-17 03:55:17,Domicile,Domicile
986174566,2020-03-17 04:00:31,Domicile,Domicile
986174566,2020-03-17 04:05:37,Domicile,Domicile
986174566,2020-03-17 04:10:52,Domicile,Domicile
986174566,2020-03-17 04:16:12,Domicile,Domicile
986174566,2020-03-17 04:21:24,Domicile,Domicile
986174566,2020-03-17 04:26:24,Domicile,Domicile
986174566,2020-03-17 04:31:25,Domicile,Domicile
986174566,2020-03-17 04:36:26,Domicile,Domicile
986174566,2020-03-17 04:41:26,Domicile,Domicile
986174566,2020-03-17 04:46:26,Domicile,Domicile
986174566,2020-03-17 04:51:26,Domicile,Domicile
986174566,2020-03-17 04:56:31,Domicile,Domicile
986174566,2020-03-17 05:01:31,Domicile,Domicile
986174566,2020-03-17 05:06:31,Domicile,Domicile
986174566,2020-03-17 05:11:49,Domicile,Domicile
986174566,2020-03-17 05:16:50,Domicile,Domicile
986174566,2020-03-17 05:22:04,Domicile,Domicile
986174566,2020-03-17 05:27:11,Domicile,Domicile
986174566,2020-03-17 05:32:14,Domicile,Domicile
986174566,2020-03-17 05:37:14,Domicile,Domicile
986174566,2020-03-17 05:42:24,Domicile,Domicile
986174566,2020-03-17 05:47:39,Domicile,Domicile
986174566,2020-03-17 05:52:39,Domicile,Domicile
986174566,2020-03-17 05:57:40,Domicile,Domicile
986174566,2020-03-17 06:02:41,Domicile,Domicile
986174566,2020-03-17 06:07:42,Domicile,Domicile
986174566,2020-03-17 06:12:43,Domicile,Domicile
986174566,2020-03-17 06:17:44,Domicile,Domicile
986174566,2020-03-17 06:22:44,Domicile,Domicile
986174566,2020-03-17 06:27:44,Domicile,Domicile
986174566,2020-03-17 06:32:45,Domicile,Domicile
986174566,2020-03-17 06:37:46,Domicile,Domicile
986174566,2020-03-17 06:42:47,Domicile,Domicile
986174566,2020-03-17 06:47:48,Domicile,Domicile
986174566,2020-03-17 06:52:58,Domicile,Domicile
986174566,2020-03-17 06:58:27,Domicile,Domicile
986174566,2020-03-17 07:03:51,Domicile,Domicile
986174566,2020-03-17 07:09:01,Domicile,Domicile
986174566,2020-03-17 07:14:16,Domicile,Domicile
986174566,2020-03-17 07:19:17,Domicile,Domicile
986174566,2020-03-17 07:24:25,Domicile,Domicile
986174566,2020-03-17 07:29:34,Domicile,Domicile
986174566,2020-03-17 07:34:35,Domicile,Domicile
986174566,2020-03-17 07:39:51,Domicile,Domicile
986174566,2020-03-17 07:45:09,Domicile,Domicile
986174566,2020-03-17 07:50:22,Domicile,Domicile
986174566,2020-03-17 07:55:36,Domicile,Domicile
986174566,2020-03-17 08:01:36,Domicile,Domicile
986174566,2020-03-17 08:06:39,Domicile,Domicile
986174566,2020-03-17 08:11:45,Domicile,Domicile
986174566,2020-03-17 08:17:02,Domicile,Domicile
986174566,2020-03-17 08:22:21,Domicile,Domicile
986174566,2020-03-17 08:27:37,Domicile,Domicile
986174566,2020-03-17 08:32:38,Domicile,Domicile
986174566,2020-03-17 08:37:41,Domicile,Domicile
986174566,2020-03-17 08:42:54,Domicile,Domicile
986174566,2020-03-17 08:48:05,Domicile,Domicile
986174566,2020-03-17 08:53:18,Domicile,Domicile
986174566,2020-03-17 08:58:39,Domicile,Domicile
986174566,2020-03-17 09:03:49,Domicile,Domicile
986174566,2020-03-17 09:08:50,Domicile,Domicile
986174566,2020-03-17 09:13:50,Domicile,Domicile
986174566,2020-03-17 09:18:50,Domicile,Domicile
986174566,2020-03-17 09:23:50,Domicile,Domicile
986174566,2020-03-17 09:29:00,Domicile,Domicile
986174566,2020-03-17 09:34:01,Domicile,Domicile
986174566,2020-03-17 09:39:22,Domicile,Domicile
986174566,2020-03-17 09:44:22,Domicile,Domicile
986174566,2020-03-17 09:49:22,Domicile,Domicile
986174566,2020-03-17 09:54:23,Domicile,Domicile
986174566,2020-03-17 09:59:46,Domicile,Domicile
986174566,2020-03-17 10:04:47,Domicile,Domicile
986174566,2020-03-17 10:10:05,Domicile,Domicile
986174566,2020-03-17 10:15:12,Domicile,Domicile
986174566,2020-03-17 10:20:25,Domicile,Domicile
986174566,2020-03-17 10:25:34,Domicile,Domicile
986174566,2020-03-17 10:30:50,Domicile,Domicile
986174566,2020-03-17 10:36:07,Domicile,Domicile
986174566,2020-03-17 10:41:10,Domicile,Domicile
986174566,2020-03-17 10:46:24,Domicile,Domicile
986174566,2020-03-17 10:51:27,Domicile,Domicile
986174566,2020-03-17 10:56:40,Domicile,Domicile
986174566,2020-03-17 11:01:53,Domicile,Domicile
986174566,2020-03-17 11:07:06,Domicile,Domicile
986174566,2020-03-17 11:12:38,Domicile,Domicile
986174566,2020-03-17 11:17:38,Domicile,Domicile
986174566,2020-03-17 11:23:37,Domicile,Domicile
986174566,2020-03-17 11:28:41,Domicile,Domicile
986174566,2020-03-17 11:33:46,Domicile,Domicile
986174566,2020-03-17 11:38:59,Domicile,Domicile
986174566,2020-03-17 11:44:10,Domicile,Bureau
986174566,2020-03-17 11:49:19,Domicile,Bureau
986174566,2020-03-17 11:54:22,Domicile,Bureau
986174566,2020-03-17 11:59:49,Domicile,Bureau
986174566,2020-03-17 12:04:51,Domicile,Bureau
986174566,2020-03-17 12:09:56,Domicile,Bureau
986174566,2020-03-17 12:15:03,Domicile,Bureau
986174566,2020-03-17 12:20:06,Domicile,Bureau
986174566,2020-03-17 12:25:16,Domicile,Bureau
986174566,2020-03-17 12:30:20,Domicile,Bureau
986174566,2020-03-17 12:35:22,Domicile,Bureau
986174566,2020-03-17 12:40:31,Domicile,Bureau
986174566,2020-03-17 12:45:53,Domicile,Bureau
986174566,2020-03-17 12:51:02,Domicile,Bureau
986174566,2020-03-17 12:56:02,Domicile,Bureau
986174566,2020-03-17 13:01:05,Domicile,Bureau
986174566,2020-03-17 13:06:14,Domicile,Bureau
986174566,2020-03-17 13:11:15,Domicile,Bureau
986174566,2020-03-17 13:16:17,Domicile,Bureau
986174566,2020-03-17 13:21:29,Domicile,Bureau
986174566,2020-03-17 13:26:33,Domicile,Bureau
986174566,2020-03-17 13:31:36,Domicile,Bureau
986174566,2020-03-17 13:36:48,Domicile,Bureau
986174566,2020-03-17 13:41:58,Domicile,Bureau
986174566,2020-03-17 13:46:59,Domicile,Bureau
986174566,2020-03-17 13:52:02,Domicile,Bureau
986174566,2020-03-17 13:57:02,Domicile,Bureau
986174566,2020-03-17 14:02:11,Domicile,Bureau
986174566,2020-03-17 14:07:13,Domicile,Domicile
986174566,2020-03-17 14:12:13,Domicile,Domicile
986174566,2020-03-17 14:17:14,Domicile,Domicile
986174566,2020-03-17 14:22:14,Domicile,Domicile
986174566,2020-03-17 14:27:14,Domicile,Domicile
986174566,2020-03-17 14:32:15,Domicile,Domicile
986174566,2020-03-17 14:37:15,Domicile,Domicile
986174566,2020-03-17 14:42:15,Domicile,Domicile
986174566,2020-03-17 14:47:23,Domicile,Domicile
986174566,2020-03-17 14:52:24,Domicile,Domicile
986174566,2020-03-17 14:57:25,Domicile,Domicile
986174566,2020-03-17 15:02:26,Domicile,Domicile
986174566,2020-03-17 15:07:26,Domicile,Domicile
986174566,2020-03-17 15:12:26,Domicile,Domicile
986174566,2020-03-17 15:17:26,Domicile,Domicile
986174566,2020-03-17 15:22:26,Domicile,Domicile
986174566,2020-03-17 15:27:27,Domicile,Domicile
986174566,2020-03-17 15:32:28,Domicile,Domicile
986174566,2020-03-17 15:37:28,Domicile,Domicile
986174566,2020-03-17 15:42:33,Domicile,Domicile
986174566,2020-03-17 15:47:33,Domicile,Domicile
986174566,2020-03-17 15:52:44,Domicile,Domicile
986174566,2020-03-17 15:57:45,Domicile,Domicile
986174566,2020-03-17 16:02:54,Domicile,Domicile
986174566,2020-03-17 16:07:54,Domicile,Domicile
986174566,2020-03-17 16:12:55,Domicile,Domicile
986174566,2020-03-17 16:18:05,Domicile,Domicile
986174566,2020-03-17 16:23:11,Domicile,Domicile
986174566,2020-03-17 16:28:11,Domicile,Domicile
986174566,2020-03-17 16:33:11,Domicile,Domicile
986174566,2020-03-17 16:38:21,Domicile,Domicile
986174566,2020-03-17 16:43:25,Domicile,Domicile
986174566,2020-03-17 16:48:26,Domicile,Domicile
986174566,2020-03-17 16:53:47,Domicile,Domicile
986174566,2020-03-17 16:59:01,Domicile,Bureau
986174566,2020-03-17 17:04:13,Domicile,Bureau
986174566,2020-03-17 17:09:23,Domicile,Bureau
986174566,2020-03-17 17:14:33,Domicile,Bureau
986174566,2020-03-17 17:19:38,Domicile,Bureau
986174566,2020-03-17 17:24:46,Domicile,Bureau
986174566,2020-03-17 17:30:12,Domicile,Bureau
986174566,2020-03-17 17:35:26,Domicile,Bureau
986174566,2020-03-17 17:40:37,Domicile,Bureau
986174566,2020-03-17 17:45:44,Domicile,Bureau
986174566,2020-03-17 17:50:47,Domicile,Bureau
986174566,2020-03-17 17:56:05,Domicile,Bureau
986174566,2020-03-17 18:01:17,Domicile,Bureau
986174566,2020-03-17 18:06:22,Domicile,Bureau
986174566,2020-03-17 18:11:28,Domicile,Bureau
986174566,2020-03-17 18:16:57,Domicile,Bureau
986174566,2020-03-17 18:22:05,Domicile,Bureau
986174566,2020-03-17 18:27:10,Domicile,Bureau
986174566,2020-03-17 18:32:49,Domicile,Bureau
986174566,2020-03-17 18:37:49,Domicile,Bureau
986174566,2020-03-17 18:42:56,Domicile,Bureau
986174566,2020-03-17 18:48:07,Domicile,Bureau
986174566,2020-03-17 18:53:11,Domicile,Bureau
986174566,2020-03-17 18:58:11,Domicile,Bureau
986174566,2020-03-17 19:03:41,Domicile,Bureau
986174566,2020-03-17 19:08:47,Domicile,Bureau
986174566,2020-03-17 19:13:48,Domicile,Bureau
986174566,2020-03-17 19:18:53,Domicile,Bureau
986174566,2020-03-17 19:24:01,Domicile,Bureau
986174566,2020-03-17 19:29:04,Domicile,Bureau
986174566,2020-03-17 19:34:05,Domicile,Bureau
986174566,2020-03-17 19:39:05,Domicile,Bureau
986174566,2020-03-17 19:44:33,Domicile,Bureau
986174566,2020-03-17 19:49:42,Domicile,Bureau
986174566,2020-03-17 19:54:49,Domicile,Bureau
986174566,2020-03-17 19:59:56,Domicile,Bureau
986174566,2020-03-17 20:04:57,Domicile,Bureau
986174566,2020-03-17 20:10:02,Domicile,Bureau
986174566,2020-03-17 20:15:11,Domicile,Bureau
986174566,2020-03-17 20:20:12,Domicile,Bureau
986174566,2020-03-17 20:25:17,Domicile,Bureau
986174566,2020-03-17 20:30:26,Domicile,Bureau
986174566,2020-03-17 20:35:35,Domicile,Bureau
986174566,2020-03-17 20:40:39,Domicile,Bureau
986174566,2020-03-17 20:45:53,Domicile,Bureau
986174566,2020-03-17 20:51:22,Domicile,Bureau
986174566,2020-03-17 20:56:26,Domicile,Bureau
986174566,2020-03-17 21:01:33,Domicile,Bureau
986174566,2020-03-17 21:06:54,Domicile,Bureau
986174566,2020-03-17 21:11:54,Domicile,Bureau
986174566,2020-03-17 21:17:04,Domicile,Bureau
986174566,2020-03-17 21:22:06,Domicile,Bureau
986174566,2020-03-17 21:27:12,Domicile,Bureau
986174566,2020-03-17 21:32:17,Domicile,Bureau
986174566,2020-03-17 21:37:41,Domicile,Bureau
986174566,2020-03-17 21:42:51,Domicile,Bureau
986174566,2020-03-17 21:47:51,Domicile,Bureau
986174566,2020-03-17 21:52:51,Domicile,Bureau
986174566,2020-03-17 21:57:51,Domicile,Bureau
986174566,2020-03-17 22:03:08,Domicile,Bureau
986174566,2020-03-17 22:08:37,Domicile,Bureau
986174566,2020-03-17 22:13:47,Domicile,Bureau
986174566,2020-03-17 22:18:48,Domicile,Bureau
986174566,2020-03-17 22:23:51,Domicile,Bureau
986174566,2020-03-17 22:28:54,Domicile,Bureau
986174566,2020-03-17 22:34:02,Domicile,Bureau
986174566,2020-03-17 22:39:04,Domicile,Bureau
986174566,2020-03-17 22:44:11,Domicile,Bureau
986174566,2020-03-17 22:49:25,Domicile,Bureau
986174566,2020-03-17 22:54:31,Domicile,Bureau
986174566,2020-03-17 22:59:34,Domicile,Bureau
986174566,2020-03-17 23:04:43,Domicile,Bureau
986174566,2020-03-17 23:10:00,Domicile,Bureau
986174566,2020-03-17 23:15:06,Domicile,Bureau
986174566,2020-03-17 23:20:06,Domicile,Bureau
986174566,2020-03-17 23:25:12,Domicile,Bureau
986174566,2020-03-17 23:30:37,Domicile,Bureau
986174566,2020-03-17 23:35:46,Domicile,Bureau
986174566,2020-03-17 23:41:11,Domicile,Bureau
986174566,2020-03-17 23:46:11,Domicile,Bureau
986174566,2020-03-17 23:51:12,Domicile,Bureau
986174566,2020-03-17 23:56:13,Domicile,Bureau
986174566,2020-03-18 00:01:21,Domicile,Bureau
986174566,2020-03-18 00:06:52,Domicile,Bureau
986174566,2020-03-18 00:12:00,Domicile,Bureau
986174566,2020-03-18 00:17:05,Domicile,Bureau
986174566,2020-03-18 00:22:10,Domicile,Bureau
986174566,2020-03-18 00:27:18,Domicile,Bureau
986174566,2020-03-18 00:32:40,Domicile,Bureau
986174566,2020-03-18 00:37:43,Domicile,Bureau
986174566,2020-03-18 00:42:43,Domicile,Bureau
986174566,2020-03-18 00:47:48,Domicile,Bureau
986174566,2020-03-18 00:53:17,Domicile,Bureau
986174566,2020-03-18 00:58:23,Domicile,Bureau
986884172,2020-03-12 07:12:42,Domicile,indoor
986884172,2020-03-12 15:01:26,Bureau,2.0
986884172,2020-03-12 15:06:37,Bureau,2.0
986884172,2020-03-12 15:11:42,Bureau,2.0
986884172,2020-03-12 15:16:53,Bureau,2.0
986884172,2020-03-12 15:22:04,Bureau,2.0
986884172,2020-03-12 15:27:41,Bureau,2.0
986884172,2020-03-12 15:32:57,Bureau,2.0
986884172,2020-03-12 15:38:13,Bureau,2.0
986884172,2020-03-12 15:43:31,Bureau,2.0
986884172,2020-03-12 15:48:50,Bureau,2.0
986884172,2020-03-12 15:53:52,Bureau,2.0
986884172,2020-03-12 15:58:56,Bureau,2.0
986884172,2020-03-12 16:04:12,Bureau,2.0
986884172,2020-03-12 16:09:30,Bureau,2.0
986884172,2020-03-12 16:14:48,Bureau,2.0
986884172,2020-03-12 16:19:50,Bureau,indoor
986884172,2020-03-12 16:24:50,Bureau,indoor
986884172,2020-03-12 16:29:51,Bureau,indoor
986884172,2020-03-12 16:34:51,Bureau,indoor
986884172,2020-03-12 16:39:51,Bureau,Domicile
986884172,2020-03-12 16:44:51,Bureau,Domicile
986884172,2020-03-12 16:49:54,Bureau,Domicile
986884172,2020-03-12 16:54:58,Bureau,Domicile
986884172,2020-03-12 17:00:00,Bureau,Domicile
986884172,2020-03-12 17:05:13,Bureau,Domicile
986884172,2020-03-12 17:10:22,Bureau,Domicile
986884172,2020-03-12 17:15:33,Bureau,Domicile
986884172,2020-03-12 17:34:04,Voiture,Domicile
986884172,2020-03-12 17:44:24,Domicile,Domicile
986884172,2020-03-12 17:49:41,Domicile,Domicile
986884172,2020-03-12 18:07:07,Domicile,Domicile
986884172,2020-03-12 18:22:55,Domicile,Domicile
986884172,2020-03-12 18:38:07,Domicile,Domicile
986884172,2020-03-12 18:53:49,Domicile,Domicile
986884172,2020-03-12 19:09:28,Domicile,Domicile
986884172,2020-03-12 19:25:09,Domicile,Domicile
986884172,2020-03-12 19:40:45,Domicile,Domicile
986884172,2020-03-12 19:56:09,Domicile,Domicile
986884172,2020-03-12 20:11:38,Domicile,Domicile
986884172,2020-03-12 20:26:40,Domicile,Domicile
986884172,2020-03-12 20:42:28,Domicile,Domicile
986884172,2020-03-12 20:55:53,Domicile,Domicile
986884172,2020-03-12 21:12:01,Domicile,Domicile
986884172,2020-03-12 21:17:01,Domicile,Domicile
986884172,2020-03-12 21:22:20,Domicile,Domicile
986884172,2020-03-12 21:38:27,Domicile,Domicile
986884172,2020-03-12 21:47:47,Domicile,Domicile
986884172,2020-03-12 21:52:55,Domicile,Domicile
986884172,2020-03-12 21:58:02,Domicile,Domicile
986884172,2020-03-12 22:03:05,Domicile,Domicile
986884172,2020-03-12 22:08:12,Domicile,Domicile
986884172,2020-03-12 22:25:18,Domicile,Domicile
986884172,2020-03-12 22:40:42,Domicile,Domicile
986884172,2020-03-12 22:55:58,Domicile,Domicile
986884172,2020-03-12 23:11:26,Domicile,Domicile
986884172,2020-03-12 23:26:46,Domicile,Domicile
986884172,2020-03-12 23:42:07,Domicile,Domicile
986884172,2020-03-12 23:57:27,Domicile,Domicile
986884172,2020-03-13 00:13:17,Domicile,Domicile
986884172,2020-03-13 00:28:16,Domicile,Domicile
986884172,2020-03-13 00:43:39,Domicile,Domicile
986884172,2020-03-13 00:59:02,Domicile,Domicile
986884172,2020-03-13 01:14:47,Domicile,Domicile
986884172,2020-03-13 01:30:22,Domicile,Domicile
986884172,2020-03-13 01:45:47,Domicile,Domicile
986884172,2020-03-13 02:01:21,Domicile,Domicile
986884172,2020-03-13 02:16:23,Domicile,Domicile
986884172,2020-03-13 02:32:10,Domicile,Domicile
986884172,2020-03-13 02:47:29,Domicile,Domicile
986884172,2020-03-13 03:03:09,Domicile,Domicile
986884172,2020-03-13 03:18:14,Domicile,Domicile
986884172,2020-03-13 03:33:46,Domicile,Domicile
986884172,2020-03-13 03:49:03,Domicile,Domicile
986884172,2020-03-13 04:04:28,Domicile,Domicile
986884172,2020-03-13 04:20:07,Domicile,Domicile
986884172,2020-03-13 04:35:32,Domicile,Domicile
986884172,2020-03-13 04:51:14,Domicile,Domicile
986884172,2020-03-13 05:06:47,Domicile,Domicile
986884172,2020-03-13 05:22:08,Domicile,Domicile
986884172,2020-03-13 05:37:09,Domicile,Domicile
986884172,2020-03-13 05:52:52,Domicile,Domicile
986884172,2020-03-13 06:07:53,Domicile,Domicile
986884172,2020-03-13 06:23:18,Domicile,Domicile
986884172,2020-03-13 06:38:47,Domicile,Domicile
986884172,2020-03-13 06:54:29,Domicile,Domicile
986884172,2020-03-13 07:10:08,Domicile,Domicile
986884172,2020-03-13 07:25:47,Domicile,Domicile
986884172,2020-03-13 07:41:44,Domicile,Domicile
986884172,2020-03-13 07:56:25,Domicile,Domicile
986884172,2020-03-13 08:12:21,Domicile,Domicile
986884172,2020-03-13 08:27:47,Domicile,Domicile
986884172,2020-03-13 08:43:21,Domicile,Domicile
986884172,2020-03-13 08:58:28,Domicile,Domicile
986884172,2020-03-13 09:14:08,Domicile,Domicile
986884172,2020-03-13 09:29:47,Domicile,Domicile
986884172,2020-03-13 09:41:17,Domicile,Domicile
986884172,2020-03-13 09:46:21,Domicile,Domicile
986884172,2020-03-13 09:51:45,Domicile,Domicile
986884172,2020-03-13 09:57:24,Domicile,Domicile
986884172,2020-03-13 10:02:56,Domicile,Domicile
986884172,2020-03-13 10:08:08,Domicile,Domicile
986884172,2020-03-13 10:13:22,Domicile,Domicile
986884172,2020-03-13 10:26:28,Domicile,Domicile
986884172,2020-03-13 10:41:53,Domicile,Domicile
986884172,2020-03-13 10:57:21,Domicile,Domicile
986884172,2020-03-13 11:12:47,Domicile,Domicile
986884172,2020-03-13 11:28:01,Domicile,Domicile
986884172,2020-03-13 11:38:14,Domicile,Domicile
986884172,2020-03-13 11:43:31,Domicile,Domicile
986884172,2020-03-13 11:58:03,Domicile,Domicile
986884172,2020-03-13 12:14:45,Domicile,Domicile
986884172,2020-03-13 12:30:23,Domicile,Domicile
986884172,2020-03-13 12:46:03,Domicile,Domicile
986884172,2020-03-13 13:01:32,Domicile,Domicile
986884172,2020-03-13 13:17:31,Domicile,Domicile
986884172,2020-03-13 13:32:47,Domicile,Domicile
986884172,2020-03-13 13:48:43,Domicile,Domicile
986884172,2020-03-13 14:03:52,Domicile,Domicile
986884172,2020-03-13 14:13:54,Domicile,Domicile
986884172,2020-03-13 14:19:15,Domicile,Domicile
986884172,2020-03-13 14:34:44,Domicile,Domicile
986884172,2020-03-13 14:39:54,Domicile,Domicile
986884172,2020-03-13 14:44:59,Domicile,Domicile
986884172,2020-03-13 14:50:14,Domicile,Domicile
986884172,2020-03-13 15:03:34,Domicile,Domicile
986884172,2020-03-13 15:18:41,Domicile,Domicile
986884172,2020-03-13 15:34:09,Domicile,Domicile
986884172,2020-03-13 15:39:13,Domicile,Domicile
986884172,2020-03-13 15:44:14,Domicile,Domicile
986884172,2020-03-13 15:49:23,Domicile,Domicile
986884172,2020-03-13 15:54:44,Domicile,Domicile
986884172,2020-03-13 15:59:47,Domicile,Domicile
986884172,2020-03-13 16:13:28,Domicile,Domicile
986884172,2020-03-13 16:28:37,Domicile,Domicile
986884172,2020-03-13 16:44:31,Domicile,Domicile
986884172,2020-03-13 17:00:09,Domicile,Domicile
986884172,2020-03-13 17:15:47,Domicile,Domicile
986884172,2020-03-13 17:31:09,Domicile,Domicile
986884172,2020-03-13 17:46:27,Domicile,Domicile
986884172,2020-03-13 18:02:09,Domicile,Domicile
986884172,2020-03-13 18:17:42,Domicile,Domicile
986884172,2020-03-13 18:32:48,Domicile,Domicile
986884172,2020-03-13 18:48:47,Domicile,Domicile
986884172,2020-03-13 19:04:01,Domicile,Domicile
986884172,2020-03-13 19:19:47,Domicile,Domicile
986884172,2020-03-13 19:34:49,Domicile,Domicile
986884172,2020-03-13 19:50:40,Domicile,Domicile
986884172,2020-03-13 20:05:27,Domicile,Domicile
986884172,2020-03-13 20:10:32,Domicile,Domicile
986884172,2020-03-13 20:15:37,Domicile,Domicile
986884172,2020-03-13 20:28:29,Domicile,Domicile
986884172,2020-03-13 20:44:09,Domicile,Domicile
986884172,2020-03-13 20:59:47,Domicile,Domicile
986884172,2020-03-13 21:05:23,Domicile,Domicile
986884172,2020-03-13 21:10:43,Domicile,Domicile
986884172,2020-03-13 21:25:09,Domicile,Domicile
986884172,2020-03-13 21:40:31,Domicile,Domicile
986884172,2020-03-13 21:56:13,Domicile,Domicile
986884172,2020-03-13 22:10:59,Domicile,Domicile
986884172,2020-03-13 22:26:13,Domicile,Domicile
986884172,2020-03-13 22:41:56,Domicile,Domicile
986884172,2020-03-13 22:57:16,Domicile,Domicile
986884172,2020-03-13 23:12:58,Domicile,Domicile
986884172,2020-03-13 23:28:20,Domicile,Domicile
986884172,2020-03-13 23:43:23,Domicile,Domicile
986884172,2020-03-13 23:58:50,Domicile,Domicile
986884172,2020-03-14 00:14:10,Domicile,Domicile
986884172,2020-03-14 00:29:49,Domicile,Domicile
986884172,2020-03-14 00:45:13,Domicile,Domicile
986884172,2020-03-14 01:00:47,Domicile,Domicile
986884172,2020-03-14 01:16:15,Domicile,Domicile
986884172,2020-03-14 01:31:40,Domicile,Domicile
986884172,2020-03-14 01:47:03,Domicile,Domicile
986884172,2020-03-14 02:02:29,Domicile,Domicile
986884172,2020-03-14 02:17:50,Domicile,Domicile
986884172,2020-03-14 02:33:13,Domicile,Domicile
986884172,2020-03-14 02:48:58,Domicile,Domicile
986884172,2020-03-14 03:04:12,Domicile,Domicile
986884172,2020-03-14 03:19:55,Domicile,Domicile
986884172,2020-03-14 03:35:11,Domicile,Domicile
986884172,2020-03-14 03:50:40,Domicile,Domicile
986884172,2020-03-14 04:06:00,Domicile,Domicile
986884172,2020-03-14 04:21:24,Domicile,Domicile
986884172,2020-03-14 04:36:58,Domicile,Domicile
986884172,2020-03-14 04:52:11,Domicile,Domicile
986884172,2020-03-14 05:07:35,Domicile,Domicile
986884172,2020-03-14 05:23:16,Domicile,Domicile
986884172,2020-03-14 05:38:30,Domicile,Domicile
986884172,2020-03-14 05:53:53,Domicile,Domicile
986884172,2020-03-14 06:09:16,Domicile,Domicile
986884172,2020-03-14 06:24:52,Domicile,Domicile
986884172,2020-03-14 06:40:18,Domicile,Domicile
986884172,2020-03-14 06:55:44,Domicile,Domicile
986884172,2020-03-14 07:11:21,Domicile,Domicile
986884172,2020-03-14 07:26:46,Domicile,Domicile
986884172,2020-03-14 07:42:14,Domicile,Domicile
986884172,2020-03-14 07:57:35,Domicile,Domicile
986884172,2020-03-14 08:12:49,Domicile,Domicile
986884172,2020-03-14 08:28:13,Domicile,Domicile
986884172,2020-03-14 08:43:44,Domicile,Domicile
986884172,2020-03-14 08:59:03,Domicile,Domicile
986884172,2020-03-14 09:14:32,Domicile,Domicile
986884172,2020-03-14 09:19:44,Domicile,Domicile
986884172,2020-03-14 09:24:52,Domicile,Domicile
986884172,2020-03-14 09:39:42,Domicile,Domicile
986884172,2020-03-14 09:55:24,Domicile,Domicile
986884172,2020-03-14 10:10:42,Domicile,Domicile
986884172,2020-03-14 10:17:17,Domicile,Domicile
986884172,2020-03-14 10:31:22,Domicile,Domicile
986884172,2020-03-14 10:36:28,Domicile,Domicile
986884172,2020-03-14 10:49:15,Domicile,Domicile
986884172,2020-03-14 11:05:24,Domicile,Domicile
986884172,2020-03-14 11:20:25,Domicile,Domicile
986884172,2020-03-14 11:36:02,Domicile,Domicile
986884172,2020-03-14 11:51:33,Domicile,Domicile
986884172,2020-03-14 12:03:35,Domicile,Domicile
986884172,2020-03-14 12:08:40,Domicile,Domicile
986884172,2020-03-14 12:24:51,Domicile,Domicile
986884172,2020-03-14 12:41:42,Domicile,Domicile
986884172,2020-03-14 12:51:31,Domicile,Domicile
986884172,2020-03-14 13:03:33,Domicile,indoor
986884172,2020-03-14 13:08:34,Domicile,indoor
986884172,2020-03-14 13:13:34,Domicile,indoor
986884172,2020-03-14 13:18:35,Domicile,indoor
986884172,2020-03-14 13:23:35,Domicile,indoor
986884172,2020-03-14 13:28:36,Domicile,indoor
986884172,2020-03-14 13:33:37,Domicile,indoor
986884172,2020-03-14 13:38:38,Domicile,3.0
986884172,2020-03-14 13:43:38,Domicile,3.0
986884172,2020-03-14 13:48:38,Domicile,3.0
986884172,2020-03-14 13:53:38,Domicile,3.0
986884172,2020-03-14 13:58:38,Domicile,3.0
986884172,2020-03-14 14:14:54,Voiture,3.0
986884172,2020-03-14 14:19:54,Voiture,3.0
986884172,2020-03-14 14:25:26,Voiture,3.0
986884172,2020-03-14 14:31:43,Voiture,3.0
986884172,2020-03-14 14:51:46,Domicile,3.0
986884172,2020-03-14 14:56:46,Domicile,3.0
986884172,2020-03-14 15:01:47,Domicile,3.0
986884172,2020-03-14 15:06:47,Domicile,3.0
986884172,2020-03-14 15:15:04,Domicile,3.0
986884172,2020-03-14 15:24:39,Domicile,3.0
986884172,2020-03-14 16:48:49,Domicile,3.0
986884172,2020-03-14 16:53:49,Domicile,indoor
986884172,2020-03-14 16:58:50,Domicile,indoor
986884172,2020-03-14 17:03:51,Domicile,indoor
986884172,2020-03-14 17:08:52,Domicile,indoor
986884172,2020-03-14 17:13:53,Domicile,indoor
986884172,2020-03-14 17:18:53,Domicile,indoor
986884172,2020-03-14 17:24:15,Domicile,indoor
986884172,2020-03-14 17:29:16,Domicile,indoor
986884172,2020-03-14 17:34:16,Domicile,8.0
986884172,2020-03-14 17:39:17,Domicile,8.0
986884172,2020-03-14 18:46:01,Domicile,indoor
986884172,2020-03-14 18:51:02,Domicile,indoor
986884172,2020-03-14 18:56:02,Domicile,indoor
986884172,2020-03-14 19:01:02,Domicile,indoor
986884172,2020-03-14 19:06:03,Domicile,indoor
986884172,2020-03-14 19:11:03,Domicile,indoor
986884172,2020-03-14 19:16:03,Domicile,indoor
986884172,2020-03-14 19:21:03,Domicile,Domicile
986884172,2020-03-14 19:26:05,Domicile,Domicile
986884172,2020-03-14 19:31:34,Domicile,Domicile
986884172,2020-03-14 19:47:02,Voiture,Domicile
986884172,2020-03-14 20:02:27,Voiture,Domicile
986884172,2020-03-14 20:33:42,Domicile,Domicile
986884172,2020-03-14 20:49:08,Domicile,Domicile
986884172,2020-03-14 21:04:33,Domicile,Domicile
986884172,2020-03-14 21:19:55,Domicile,Domicile
986884172,2020-03-14 21:35:41,Domicile,Domicile
986884172,2020-03-14 21:50:42,Domicile,Domicile
986884172,2020-03-14 22:00:05,Domicile,Domicile
986884172,2020-03-14 22:05:09,Domicile,Domicile
986884172,2020-03-14 22:10:22,Domicile,Domicile
986884172,2020-03-14 22:26:14,Domicile,Domicile
986884172,2020-03-14 22:41:45,Domicile,Domicile
986884172,2020-03-14 22:57:27,Domicile,Domicile
986884172,2020-03-14 23:12:47,Domicile,Domicile
986884172,2020-03-14 23:28:09,Domicile,Domicile
986884172,2020-03-14 23:43:27,Domicile,Domicile
986884172,2020-03-14 23:59:10,Domicile,Domicile
986884172,2020-03-15 00:14:17,Domicile,Domicile
986884172,2020-03-15 00:29:40,Domicile,Domicile
986884172,2020-03-15 00:44:59,Domicile,Domicile
986884172,2020-03-15 01:00:51,Domicile,Domicile
986884172,2020-03-15 01:16:26,Domicile,Domicile
986884172,2020-03-15 01:31:36,Domicile,Domicile
986884172,2020-03-15 01:47:14,Domicile,Domicile
986884172,2020-03-15 02:02:37,Domicile,Domicile
986884172,2020-03-15 02:18:02,Domicile,Domicile
986884172,2020-03-15 02:33:47,Domicile,Domicile
986884172,2020-03-15 02:48:56,Domicile,Domicile
986884172,2020-03-15 03:04:14,Domicile,Domicile
986884172,2020-03-15 03:19:47,Domicile,Domicile
986884172,2020-03-15 03:35:29,Domicile,Domicile
986884172,2020-03-15 03:50:34,Domicile,Domicile
986884172,2020-03-15 04:06:27,Domicile,Domicile
986884172,2020-03-15 04:22:09,Domicile,Domicile
986884172,2020-03-15 04:37:21,Domicile,Domicile
986884172,2020-03-15 04:52:22,Domicile,Domicile
986884172,2020-03-15 05:08:05,Domicile,Domicile
986884172,2020-03-15 05:23:35,Domicile,Domicile
986884172,2020-03-15 05:38:55,Domicile,Domicile
986884172,2020-03-15 05:54:27,Domicile,Domicile
986884172,2020-03-15 06:10:21,Domicile,Domicile
986884172,2020-03-15 06:25:47,Domicile,Domicile
986884172,2020-03-15 06:41:01,Domicile,Domicile
986884172,2020-03-15 06:57:12,Domicile,Domicile
986884172,2020-03-15 07:12:16,Domicile,Domicile
986884172,2020-03-15 07:27:33,Domicile,Domicile
986884172,2020-03-15 07:43:27,Domicile,Domicile
986884172,2020-03-15 07:58:22,Domicile,Domicile
986884172,2020-03-15 08:14:22,Domicile,Domicile
986884172,2020-03-15 08:30:03,Domicile,Domicile
986884172,2020-03-15 08:45:21,Domicile,Domicile
986884172,2020-03-15 09:01:01,Domicile,Domicile
986884172,2020-03-15 09:16:47,Domicile,Domicile
986884172,2020-03-15 09:31:55,Domicile,Domicile
986884172,2020-03-15 09:47:32,Domicile,Domicile
986884172,2020-03-15 10:03:27,Domicile,Domicile
986884172,2020-03-15 10:13:58,Domicile,Domicile
986884172,2020-03-15 10:19:03,Domicile,Domicile
986884172,2020-03-15 10:32:38,Domicile,Domicile
986884172,2020-03-15 10:48:00,Domicile,Domicile
986884172,2020-03-15 11:03:14,Domicile,Domicile
986884172,2020-03-15 11:18:48,Domicile,Domicile
986884172,2020-03-15 11:34:15,Domicile,Domicile
986884172,2020-03-15 11:50:01,Domicile,Domicile
986884172,2020-03-15 12:05:23,Domicile,Domicile
986884172,2020-03-15 12:20:59,Domicile,Domicile
986884172,2020-03-15 12:36:01,Domicile,Domicile
986884172,2020-03-15 12:51:59,Domicile,Domicile
986884172,2020-03-15 13:06:54,Domicile,Domicile
986884172,2020-03-15 13:22:28,Domicile,Domicile
986884172,2020-03-15 13:32:04,Domicile,Domicile
986884172,2020-03-15 13:37:05,Domicile,Domicile
986884172,2020-03-15 13:49:41,Domicile,Domicile
986884172,2020-03-15 13:54:44,Domicile,Domicile
986884172,2020-03-15 14:10:28,Domicile,Domicile
986884172,2020-03-15 14:25:50,Domicile,Domicile
986884172,2020-03-15 14:41:23,Domicile,Domicile
986884172,2020-03-15 14:56:27,Domicile,Domicile
986884172,2020-03-15 15:11:50,Domicile,Domicile
986884172,2020-03-15 15:27:44,Domicile,Domicile
986884172,2020-03-15 15:43:05,Domicile,Domicile
986884172,2020-03-15 15:58:21,Domicile,Domicile
986884172,2020-03-15 16:14:08,Domicile,Domicile
986884172,2020-03-15 16:29:50,Domicile,Domicile
986884172,2020-03-15 16:44:34,Domicile,Domicile
986884172,2020-03-15 16:51:44,Domicile,Domicile
986884172,2020-03-15 17:08:10,Domicile,Domicile
986884172,2020-03-15 17:23:42,Domicile,Domicile
986884172,2020-03-15 17:39:34,Domicile,Domicile
986884172,2020-03-15 17:44:50,Domicile,Domicile
986884172,2020-03-15 17:59:27,Domicile,Domicile
986884172,2020-03-15 18:14:50,Domicile,Domicile
986884172,2020-03-15 18:30:31,Domicile,Domicile
986884172,2020-03-15 18:45:51,Domicile,Domicile
986884172,2020-03-15 19:01:43,Domicile,Domicile
986884172,2020-03-15 19:16:47,Domicile,Domicile
986884172,2020-03-15 19:32:44,Domicile,Domicile
986884172,2020-03-15 19:40:43,Domicile,Domicile
986884172,2020-03-15 19:45:57,Domicile,Domicile
986884172,2020-03-15 19:51:11,Domicile,Domicile
986884172,2020-03-15 20:05:01,Domicile,Domicile
986884172,2020-03-15 20:20:36,Domicile,Domicile
986884172,2020-03-15 20:36:29,Domicile,Domicile
986884172,2020-03-15 20:41:31,Domicile,Domicile
986884172,2020-03-15 20:46:32,Domicile,Domicile
986884172,2020-03-15 20:56:17,Domicile,Domicile
986884172,2020-03-15 21:01:29,Domicile,Domicile
986884172,2020-03-15 21:16:31,Domicile,Domicile
986884172,2020-03-15 21:32:10,Domicile,Domicile
986884172,2020-03-15 21:47:47,Domicile,Domicile
986884172,2020-03-15 22:03:10,Domicile,Domicile
986884172,2020-03-15 22:18:47,Domicile,Domicile
986884172,2020-03-15 22:34:24,Domicile,Domicile
986884172,2020-03-15 22:49:47,Domicile,Domicile
986884172,2020-03-15 23:05:20,Domicile,Domicile
986884172,2020-03-15 23:20:47,Domicile,Domicile
986884172,2020-03-15 23:35:48,Domicile,Domicile
986884172,2020-03-15 23:51:49,Domicile,Domicile
986884172,2020-03-16 00:07:07,Domicile,Domicile
986884172,2020-03-16 00:22:55,Domicile,Domicile
986884172,2020-03-16 00:38:09,Domicile,Domicile
986884172,2020-03-16 00:53:39,Domicile,Domicile
986884172,2020-03-16 01:09:07,Domicile,Domicile
986884172,2020-03-16 01:24:45,Domicile,Domicile
986884172,2020-03-16 01:40:09,Domicile,Domicile
986884172,2020-03-16 01:55:47,Domicile,Domicile
986884172,2020-03-16 02:11:01,Domicile,Domicile
986884172,2020-03-16 02:26:28,Domicile,Domicile
986884172,2020-03-16 02:41:56,Domicile,Domicile
986884172,2020-03-16 02:56:58,Domicile,Domicile
986884172,2020-03-16 03:12:27,Domicile,Domicile
986884172,2020-03-16 03:28:07,Domicile,Domicile
986884172,2020-03-16 03:43:31,Domicile,Domicile
986884172,2020-03-16 03:59:22,Domicile,Domicile
986884172,2020-03-16 04:14:21,Domicile,Domicile
986884172,2020-03-16 04:29:44,Domicile,Domicile
986884172,2020-03-16 04:45:28,Domicile,Domicile
986884172,2020-03-16 05:01:09,Domicile,Domicile
986884172,2020-03-16 05:16:31,Domicile,Domicile
986884172,2020-03-16 05:32:09,Domicile,Domicile
986884172,2020-03-16 05:47:39,Domicile,Domicile
986884172,2020-03-16 06:02:58,Domicile,Domicile
986884172,2020-03-16 06:18:48,Domicile,Domicile
986884172,2020-03-16 06:34:09,Domicile,Domicile
986884172,2020-03-16 06:49:47,Domicile,Domicile
986884172,2020-03-16 07:04:49,Domicile,Domicile
986884172,2020-03-16 07:20:19,Domicile,Domicile
986884172,2020-03-16 07:32:31,Domicile,Domicile
986884172,2020-03-16 07:37:32,Domicile,Domicile
986884172,2020-03-16 07:42:32,Domicile,2.0
986884172,2020-03-16 07:47:43,Domicile,2.0
986884172,2020-03-16 07:52:49,Domicile,2.0
986884172,2020-03-16 07:58:22,Domicile,2.0
986884172,2020-03-16 08:03:31,Domicile,2.0
986884172,2020-03-16 08:08:31,Domicile,2.0
986884172,2020-03-16 08:13:33,Domicile,2.0
986884172,2020-03-16 08:23:34,Voiture,2.0
986884172,2020-03-16 08:33:57,Bureau,Bureau
986884172,2020-03-16 08:39:06,Bureau,Bureau
986884172,2020-03-16 08:44:14,Bureau,2.0
986884172,2020-03-16 08:49:41,Bureau,Bureau
986884172,2020-03-16 08:54:43,Bureau,Bureau
986884172,2020-03-16 08:59:43,Bureau,Bureau
986884172,2020-03-16 09:05:01,Bureau,Bureau
986884172,2020-03-16 09:10:18,Bureau,Bureau
986884172,2020-03-16 09:15:19,Bureau,2.0
986884172,2020-03-16 09:20:41,Bureau,Bureau
986884172,2020-03-16 09:26:20,Bureau,Bureau
986884172,2020-03-16 09:31:35,Bureau,2.0
986884172,2020-03-16 09:36:39,Bureau,Bureau
986884172,2020-03-16 09:41:49,Bureau,Bureau
986884172,2020-03-16 09:46:57,Bureau,5.0
986884172,2020-03-16 09:52:11,Bureau,5.0
986884172,2020-03-16 09:57:30,Bureau,5.0
986884172,2020-03-16 10:02:52,Bureau,2.0
986884172,2020-03-16 10:08:10,Bureau,5.0
986884172,2020-03-16 10:13:22,Bureau,5.0
986884172,2020-03-16 10:18:24,Bureau,2.0
986884172,2020-03-16 10:23:43,Bureau,5.0
986884172,2020-03-16 10:28:47,Bureau,5.0
986884172,2020-03-16 10:34:00,Bureau,2.0
986884172,2020-03-16 10:39:06,Bureau,5.0
986884172,2020-03-16 10:44:14,Bureau,5.0
986884172,2020-03-16 10:49:37,Bureau,2.0
986884172,2020-03-16 10:54:40,Bureau,5.0
986884172,2020-03-16 10:59:53,Bureau,5.0
986884172,2020-03-16 11:05:00,Bureau,2.0
986884172,2020-03-16 11:10:01,Bureau,5.0
986884172,2020-03-16 11:15:07,Bureau,5.0
986884172,2020-03-16 11:20:24,Bureau,2.0
986884172,2020-03-16 11:25:40,Bureau,5.0
986884172,2020-03-16 11:30:52,Bureau,5.0
986884172,2020-03-16 11:36:03,Bureau,2.0
986884172,2020-03-16 11:41:08,Bureau,5.0
986884172,2020-03-16 11:46:22,Bureau,5.0
986884172,2020-03-16 11:51:35,Bureau,2.0
986884172,2020-03-16 11:56:52,Bureau,5.0
986884172,2020-03-16 12:02:04,Bureau,5.0
986884172,2020-03-16 12:07:43,Bureau,2.0
986884172,2020-03-16 12:12:45,Bureau,5.0
986884172,2020-03-16 12:17:51,Bureau,5.0
986884172,2020-03-16 12:23:13,Bureau,2.0
986884172,2020-03-16 12:28:33,Bureau,5.0
986884172,2020-03-16 12:33:37,Bureau,5.0
986884172,2020-03-16 12:38:39,Bureau,2.0
986884172,2020-03-16 12:43:55,Bureau,5.0
986884172,2020-03-16 12:49:00,Bureau,5.0
986884172,2020-03-16 12:54:01,Bureau,2.0
986884172,2020-03-16 12:59:20,Bureau,5.0
986884172,2020-03-16 13:04:41,Bureau,5.0
986884172,2020-03-16 13:10:00,Bureau,2.0
986884172,2020-03-16 13:15:07,Bureau,5.0
986884172,2020-03-16 13:20:12,Bureau,5.0
986884172,2020-03-16 13:25:21,Bureau,2.0
986884172,2020-03-16 13:30:40,Bureau,5.0
986884172,2020-03-16 13:35:52,Bureau,5.0
986884172,2020-03-16 13:40:53,Bureau,2.0
986884172,2020-03-16 13:45:55,Bureau,5.0
986884172,2020-03-16 13:51:07,Bureau,5.0
986884172,2020-03-16 13:56:07,Bureau,2.0
986884172,2020-03-16 14:01:10,Bureau,5.0
986884172,2020-03-16 14:06:14,Bureau,5.0
986884172,2020-03-16 14:11:22,Bureau,2.0
986884172,2020-03-16 14:16:32,Bureau,5.0
986884172,2020-03-16 14:21:45,Bureau,5.0
986884172,2020-03-16 14:26:45,Bureau,2.0
986884172,2020-03-16 14:31:54,Bureau,5.0
986884172,2020-03-16 14:37:12,Bureau,5.0
986884172,2020-03-16 14:42:13,Bureau,2.0
986884172,2020-03-16 14:47:32,Bureau,5.0
986884172,2020-03-16 14:52:52,Bureau,5.0
986884172,2020-03-16 14:58:21,Bureau,5.0
986884172,2020-03-16 15:03:30,Bureau,5.0
986884172,2020-03-16 15:08:41,Bureau,5.0
986884172,2020-03-16 15:13:56,Bureau,5.0
986884172,2020-03-16 15:18:58,Bureau,5.0
986884172,2020-03-16 15:24:14,Bureau,5.0
986884172,2020-03-16 15:29:22,Bureau,5.0
986884172,2020-03-16 15:34:29,Bureau,5.0
986884172,2020-03-16 15:39:32,Bureau,5.0
986884172,2020-03-16 15:44:53,Bureau,5.0
986884172,2020-03-16 15:49:59,Bureau,5.0
986884172,2020-03-16 15:55:19,Bureau,5.0
986884172,2020-03-16 16:00:19,Bureau,Bureau
986884172,2020-03-16 16:05:29,Bureau,Bureau
986884172,2020-03-16 16:10:37,Bureau,indoor
986884172,2020-03-16 16:25:56,Bureau,indoor
986884172,2020-03-16 16:30:56,Bureau,indoor
986884172,2020-03-16 16:35:57,Bureau,Domicile
986884172,2020-03-16 16:41:00,Bureau,Domicile
986884172,2020-03-16 16:46:14,Bureau,Domicile
986884172,2020-03-16 16:51:14,Bureau,Domicile
986884172,2020-03-16 17:03:48,Bureau,Domicile
986884172,2020-03-16 17:19:04,Voiture,Domicile
986884172,2020-03-16 17:34:34,Domicile,Domicile
986884172,2020-03-16 17:49:49,Domicile,Domicile
986884172,2020-03-16 17:55:05,Domicile,Domicile
986884172,2020-03-16 18:00:21,Domicile,Domicile
986884172,2020-03-16 18:16:21,Domicile,Domicile
986884172,2020-03-16 18:31:55,Domicile,Domicile
986884172,2020-03-16 18:47:21,Domicile,Domicile
986884172,2020-03-16 18:52:32,Domicile,Domicile
986884172,2020-03-16 19:10:10,Domicile,Domicile
986884172,2020-03-16 19:25:14,Domicile,Domicile
986884172,2020-03-16 19:40:44,Domicile,Domicile
986884172,2020-03-16 19:57:05,Domicile,Domicile
986884172,2020-03-16 20:11:52,Domicile,Domicile
986884172,2020-03-16 20:27:29,Domicile,Domicile
986884172,2020-03-16 20:43:02,Domicile,Domicile
986884172,2020-03-16 20:58:25,Domicile,Domicile
986884172,2020-03-16 21:13:55,Domicile,Domicile
986884172,2020-03-16 21:29:24,Domicile,Domicile
986884172,2020-03-16 21:44:45,Domicile,Domicile
986884172,2020-03-16 21:57:59,Domicile,Domicile
986884172,2020-03-16 22:03:02,Domicile,Domicile
986884172,2020-03-16 22:09:26,Domicile,Domicile
986884172,2020-03-16 22:14:28,Domicile,6.0
986884172,2020-03-16 22:19:51,Domicile,6.0
986884172,2020-03-16 22:25:01,Domicile,Domicile
986884172,2020-03-16 22:30:33,Domicile,Domicile
986884172,2020-03-16 22:35:33,Domicile,Domicile
986884172,2020-03-16 22:40:58,Domicile,Domicile
986884172,2020-03-16 22:46:06,Domicile,Domicile
986884172,2020-03-16 22:51:16,Domicile,Domicile
986884172,2020-03-16 22:56:16,Domicile,Domicile
986884172,2020-03-16 23:01:27,Domicile,Domicile
986884172,2020-03-16 23:06:42,Domicile,Domicile
986884172,2020-03-16 23:11:44,Domicile,Domicile
986884172,2020-03-16 23:17:09,Domicile,Domicile
986884172,2020-03-16 23:22:31,Domicile,Domicile
986884172,2020-03-16 23:27:46,Domicile,Domicile
986884172,2020-03-16 23:32:54,Domicile,Domicile
986884172,2020-03-16 23:37:56,Domicile,Domicile
986884172,2020-03-16 23:43:06,Domicile,Domicile
986884172,2020-03-16 23:48:13,Domicile,Domicile
986884172,2020-03-16 23:53:31,Domicile,Domicile
986884172,2020-03-16 23:58:49,Domicile,Domicile
986884172,2020-03-17 00:04:07,Domicile,Domicile
986884172,2020-03-17 00:09:13,Domicile,Domicile
986884172,2020-03-17 00:14:31,Domicile,Domicile
986884172,2020-03-17 00:20:10,Domicile,Domicile
986884172,2020-03-17 00:25:28,Domicile,Domicile
986884172,2020-03-17 00:30:49,Domicile,Domicile
986884172,2020-03-17 00:36:00,Domicile,Domicile
986884172,2020-03-17 00:41:00,Domicile,Domicile
986884172,2020-03-17 00:46:00,Domicile,Domicile
986884172,2020-03-17 00:51:04,Domicile,Domicile
986884172,2020-03-17 00:56:06,Domicile,Domicile
986884172,2020-03-17 01:01:06,Domicile,Domicile
986884172,2020-03-17 01:06:08,Domicile,Domicile
986884172,2020-03-17 01:11:38,Domicile,Domicile
986884172,2020-03-17 01:16:45,Domicile,Domicile
986884172,2020-03-17 01:21:51,Domicile,Domicile
986884172,2020-03-17 01:27:00,Domicile,Domicile
986884172,2020-03-17 01:32:32,Domicile,Domicile
986884172,2020-03-17 01:37:34,Domicile,Domicile
986884172,2020-03-17 01:42:38,Domicile,Domicile
986884172,2020-03-17 01:47:41,Domicile,Domicile
986884172,2020-03-17 01:52:46,Domicile,Domicile
986884172,2020-03-17 01:58:05,Domicile,Domicile
986884172,2020-03-17 02:03:06,Domicile,Domicile
986884172,2020-03-17 02:08:53,Domicile,Domicile
986884172,2020-03-17 02:13:57,Domicile,Domicile
986884172,2020-03-17 02:19:00,Domicile,Domicile
986884172,2020-03-17 02:24:06,Domicile,Domicile
986884172,2020-03-17 02:29:18,Domicile,Domicile
986884172,2020-03-17 02:34:25,Domicile,Domicile
986884172,2020-03-17 02:40:00,Domicile,Domicile
986884172,2020-03-17 02:45:06,Domicile,Domicile
986884172,2020-03-17 02:50:08,Domicile,Domicile
986884172,2020-03-17 02:55:24,Domicile,Domicile
986884172,2020-03-17 03:00:38,Domicile,Domicile
986884172,2020-03-17 03:05:57,Domicile,Domicile
986884172,2020-03-17 03:11:19,Domicile,Domicile
986884172,2020-03-17 03:16:21,Domicile,Domicile
986884172,2020-03-17 03:21:29,Domicile,Domicile
986884172,2020-03-17 03:26:38,Domicile,Domicile
986884172,2020-03-17 03:31:57,Domicile,Domicile
986884172,2020-03-17 03:37:00,Domicile,Domicile
986884172,2020-03-17 03:42:00,Domicile,Domicile
986884172,2020-03-17 03:47:30,Domicile,Domicile
986884172,2020-03-17 03:52:41,Domicile,Domicile
986884172,2020-03-17 03:57:48,Domicile,Domicile
986884172,2020-03-17 04:02:54,Domicile,Domicile
986884172,2020-03-17 04:07:54,Domicile,Domicile
986884172,2020-03-17 04:13:09,Domicile,Domicile
986884172,2020-03-17 04:18:30,Domicile,Domicile
986884172,2020-03-17 04:23:44,Domicile,Domicile
986884172,2020-03-17 04:28:46,Domicile,Domicile
986884172,2020-03-17 04:34:00,Domicile,Domicile
986884172,2020-03-17 04:39:00,Domicile,Domicile
986884172,2020-03-17 04:44:27,Domicile,Domicile
986884172,2020-03-17 04:49:55,Domicile,Domicile
986884172,2020-03-17 04:55:10,Domicile,Domicile
986884172,2020-03-17 05:00:16,Domicile,Domicile
986884172,2020-03-17 05:05:31,Domicile,Domicile
986884172,2020-03-17 05:10:43,Domicile,Domicile
986884172,2020-03-17 05:15:53,Domicile,Domicile
986884172,2020-03-17 05:21:04,Domicile,Domicile
986884172,2020-03-17 05:26:06,Domicile,Domicile
986884172,2020-03-17 05:31:18,Domicile,Domicile
986884172,2020-03-17 05:36:47,Domicile,Domicile
986884172,2020-03-17 05:42:16,Domicile,Domicile
986884172,2020-03-17 05:47:19,Domicile,Domicile
986884172,2020-03-17 05:52:29,Domicile,Domicile
986884172,2020-03-17 05:57:32,Domicile,Domicile
986884172,2020-03-17 06:02:52,Domicile,Domicile
986884172,2020-03-17 06:07:54,Domicile,Domicile
986884172,2020-03-17 06:13:26,Domicile,Domicile
986884172,2020-03-17 06:18:31,Domicile,Domicile
986884172,2020-03-17 06:23:31,Domicile,Domicile
986884172,2020-03-17 06:28:57,Domicile,Domicile
986884172,2020-03-17 06:33:58,Domicile,Domicile
986884172,2020-03-17 06:39:00,Domicile,Domicile
986884172,2020-03-17 06:44:12,Domicile,Domicile
986884172,2020-03-17 06:49:21,Domicile,Domicile
986884172,2020-03-17 06:54:51,Domicile,Domicile
986884172,2020-03-17 07:00:27,Domicile,Domicile
986884172,2020-03-17 07:06:04,Domicile,Domicile
986884172,2020-03-17 07:11:13,Domicile,Domicile
986884172,2020-03-17 07:16:21,Domicile,Domicile
986884172,2020-03-17 07:26:39,Domicile,indoor
986884172,2020-03-17 07:31:39,Domicile,indoor
986884172,2020-03-17 07:36:50,Domicile,2.0
986884172,2020-03-17 07:41:55,Domicile,2.0
986884172,2020-03-17 07:47:01,Domicile,2.0
986884172,2020-03-17 07:52:04,Domicile,2.0
986884172,2020-03-17 07:57:06,Domicile,2.0
986884172,2020-03-17 08:02:19,Domicile,2.0
986884172,2020-03-17 08:07:19,Domicile,2.0
986884172,2020-03-17 08:12:20,Domicile,2.0
986884172,2020-03-17 08:22:37,Voiture,2.0
986884172,2020-03-17 08:27:52,Voiture,2.0
986884172,2020-03-17 08:38:34,Bureau,2.0
986884172,2020-03-17 08:43:38,Bureau,2.0
986884172,2020-03-17 08:49:00,Bureau,2.0
986884172,2020-03-17 08:54:12,Bureau,2.0
986884172,2020-03-17 08:59:13,Bureau,2.0
986884172,2020-03-17 09:04:32,Bureau,Bureau
986884172,2020-03-17 09:09:32,Bureau,Bureau
986884172,2020-03-17 09:14:34,Bureau,Bureau
986884172,2020-03-17 09:19:46,Bureau,Bureau
986884172,2020-03-17 09:25:00,Bureau,Bureau
986884172,2020-03-17 09:30:06,Bureau,2.0
986884172,2020-03-17 09:35:13,Bureau,Bureau
986884172,2020-03-17 09:40:13,Bureau,Bureau
986884172,2020-03-17 09:45:13,Bureau,Bureau
986884172,2020-03-17 09:50:22,Bureau,Bureau
986884172,2020-03-17 09:55:51,Bureau,Bureau
986884172,2020-03-17 10:01:19,Bureau,Bureau
986884172,2020-03-17 10:06:35,Bureau,Bureau
986884172,2020-03-17 10:11:51,Bureau,Bureau
986884172,2020-03-17 10:17:00,Bureau,Bureau
986884172,2020-03-17 10:22:20,Bureau,Bureau
986884172,2020-03-17 10:27:25,Bureau,Bureau
986884172,2020-03-17 10:32:28,Bureau,2.0
986884172,2020-03-17 10:37:33,Bureau,Bureau
986884172,2020-03-17 10:42:43,Bureau,Bureau
986884172,2020-03-17 10:48:03,Bureau,2.0
986884172,2020-03-17 10:53:41,Bureau,Bureau
986884172,2020-03-17 10:59:20,Bureau,Bureau
986884172,2020-03-17 11:04:40,Bureau,Bureau
986884172,2020-03-17 11:09:56,Bureau,Bureau
986884172,2020-03-17 11:15:18,Bureau,Bureau
986884172,2020-03-17 11:20:21,Bureau,Bureau
986884172,2020-03-17 11:26:01,Bureau,Bureau
986884172,2020-03-17 11:31:13,Bureau,Bureau
986884172,2020-03-17 11:36:22,Bureau,Bureau
986884172,2020-03-17 11:41:36,Bureau,Bureau
986884172,2020-03-17 11:46:40,Bureau,Bureau
986884172,2020-03-17 11:52:05,Bureau,Bureau
986884172,2020-03-17 11:57:18,Bureau,Bureau
986884172,2020-03-17 12:02:25,Bureau,Bureau
986884172,2020-03-17 12:07:29,Bureau,Bureau
986884172,2020-03-17 12:12:32,Bureau,Bureau
986884172,2020-03-17 12:17:42,Bureau,Bureau
986884172,2020-03-17 12:22:54,Bureau,Bureau
986884172,2020-03-17 12:27:54,Bureau,Bureau
986884172,2020-03-17 12:33:12,Bureau,Bureau
986884172,2020-03-17 12:38:22,Bureau,Bureau
986884172,2020-03-17 12:43:28,Bureau,Bureau
986884172,2020-03-17 12:48:51,Bureau,Bureau
986884172,2020-03-17 12:54:43,Bureau,Bureau
986884172,2020-03-17 13:00:18,Bureau,Bureau
986884172,2020-03-17 13:05:18,Bureau,Bureau
986884172,2020-03-17 13:10:52,Bureau,Bureau
986884172,2020-03-17 13:16:00,Bureau,Bureau
986884172,2020-03-17 13:21:00,Bureau,Bureau
986884172,2020-03-17 13:26:39,Bureau,Bureau
986884172,2020-03-17 13:31:41,Bureau,Bureau
986884172,2020-03-17 13:36:47,Bureau,Bureau
986884172,2020-03-17 13:41:51,Bureau,Bureau
986884172,2020-03-17 13:47:00,Bureau,Bureau
986884172,2020-03-17 13:52:00,Bureau,Bureau
986884172,2020-03-17 13:57:07,Bureau,Bureau
986884172,2020-03-17 14:02:20,Bureau,Bureau
986884172,2020-03-17 14:07:34,Bureau,Bureau
986884172,2020-03-17 14:12:53,Bureau,Bureau
986884172,2020-03-17 14:17:54,Bureau,Bureau
986884172,2020-03-17 14:22:57,Bureau,Bureau
986884172,2020-03-17 14:28:11,Bureau,indoor
986884172,2020-03-17 14:33:12,Bureau,indoor
986884172,2020-03-17 14:38:13,Bureau,indoor
986884172,2020-03-17 14:43:15,Bureau,Domicile
986884172,2020-03-17 14:48:15,Bureau,Domicile
986884172,2020-03-17 14:53:43,Bureau,Domicile
986884172,2020-03-17 14:58:54,Bureau,Domicile
986884172,2020-03-17 15:04:08,Bureau,6.0
986884172,2020-03-17 15:09:11,Bureau,6.0
986884172,2020-03-17 15:14:26,Bureau,Domicile
986884172,2020-03-17 15:19:35,Bureau,6.0
986884172,2020-03-17 15:24:36,Bureau,6.0
986884172,2020-03-17 15:34:57,Voiture,6.0
986884172,2020-03-17 15:45:23,Domicile,6.0
986884172,2020-03-17 15:50:38,Domicile,6.0
986884172,2020-03-17 15:55:49,Domicile,6.0
986884172,2020-03-17 16:00:52,Domicile,6.0
986884172,2020-03-17 16:06:08,Domicile,6.0
986884172,2020-03-17 16:11:26,Domicile,6.0
986884172,2020-03-17 16:16:51,Domicile,Domicile
986884172,2020-03-17 16:21:52,Domicile,6.0
986884172,2020-03-17 16:27:13,Domicile,6.0
986884172,2020-03-17 16:32:31,Domicile,Domicile
986884172,2020-03-17 16:37:35,Domicile,6.0
986884172,2020-03-17 16:42:45,Domicile,6.0
986884172,2020-03-17 16:47:46,Domicile,Domicile
986884172,2020-03-17 16:52:55,Domicile,6.0
986884172,2020-03-17 16:58:06,Domicile,6.0
986884172,2020-03-17 17:03:21,Domicile,6.0
986884172,2020-03-17 17:08:36,Domicile,6.0
986884172,2020-03-17 17:13:44,Domicile,6.0
986884172,2020-03-17 17:19:07,Domicile,Domicile
986884172,2020-03-17 17:24:24,Domicile,Domicile
986884172,2020-03-17 17:29:30,Domicile,Domicile
986884172,2020-03-17 17:34:32,Domicile,Domicile
986884172,2020-03-17 17:39:47,Domicile,Domicile
986884172,2020-03-17 17:44:59,Domicile,Domicile
986884172,2020-03-17 17:50:04,Domicile,Domicile
986884172,2020-03-17 17:55:21,Domicile,Domicile
986884172,2020-03-17 18:00:29,Domicile,Domicile
986884172,2020-03-17 18:05:37,Domicile,Domicile
986884172,2020-03-17 18:10:37,Domicile,Domicile
986884172,2020-03-17 18:15:51,Domicile,Domicile
986884172,2020-03-17 18:20:52,Domicile,Domicile
986884172,2020-03-17 18:26:32,Domicile,Domicile
986884172,2020-03-17 18:31:32,Domicile,Domicile
986884172,2020-03-17 18:36:42,Domicile,Domicile
986884172,2020-03-17 18:42:16,Domicile,Domicile
986884172,2020-03-17 18:47:19,Domicile,Domicile
986884172,2020-03-17 18:52:31,Domicile,Domicile
986884172,2020-03-17 18:57:31,Domicile,Domicile
986884172,2020-03-17 19:02:34,Domicile,Domicile
986884172,2020-03-17 19:07:35,Domicile,Domicile
986884172,2020-03-17 19:12:38,Domicile,Domicile
986884172,2020-03-17 19:17:49,Domicile,Domicile
986884172,2020-03-17 19:22:52,Domicile,Domicile
986884172,2020-03-17 19:28:08,Domicile,Domicile
986884172,2020-03-17 19:33:16,Domicile,Domicile
986884172,2020-03-17 19:38:37,Domicile,Domicile
986884172,2020-03-17 19:43:40,Domicile,Domicile
986884172,2020-03-17 19:48:58,Domicile,Domicile
986884172,2020-03-17 19:54:19,Domicile,Domicile
986884172,2020-03-17 19:59:20,Domicile,Domicile
986884172,2020-03-17 20:04:28,Domicile,Domicile
986884172,2020-03-17 20:09:38,Domicile,Domicile
986884172,2020-03-17 20:14:52,Domicile,Domicile
986884172,2020-03-17 20:20:18,Domicile,Domicile
986884172,2020-03-17 20:25:34,Domicile,Domicile
986884172,2020-03-17 20:30:53,Domicile,Domicile
986884172,2020-03-17 20:35:54,Domicile,Domicile
986884172,2020-03-17 20:40:58,Domicile,Domicile
986884172,2020-03-17 20:46:20,Domicile,Domicile
986884172,2020-03-17 20:51:42,Domicile,Domicile
986884172,2020-03-17 20:56:58,Domicile,Domicile
986884172,2020-03-17 21:02:00,Domicile,Domicile
986884172,2020-03-17 21:07:31,Domicile,Domicile
986884172,2020-03-17 21:12:35,Domicile,Domicile
986884172,2020-03-17 21:17:36,Domicile,Domicile
986884172,2020-03-17 21:23:00,Domicile,Domicile
986884172,2020-03-17 21:28:06,Domicile,Domicile
986884172,2020-03-17 21:33:08,Domicile,Domicile
986884172,2020-03-17 21:38:10,Domicile,Domicile
986884172,2020-03-17 21:43:15,Domicile,Domicile
986884172,2020-03-17 21:48:31,Domicile,Domicile
986884172,2020-03-17 21:53:40,Domicile,Domicile
986884172,2020-03-17 21:58:41,Domicile,Domicile
986884172,2020-03-17 22:03:43,Domicile,Domicile
986884172,2020-03-17 22:08:43,Domicile,Domicile
986884172,2020-03-17 22:14:00,Domicile,Domicile
986884172,2020-03-17 22:19:03,Domicile,Domicile
986884172,2020-03-17 22:24:05,Domicile,Domicile
986884172,2020-03-17 22:29:24,Domicile,Domicile
986884172,2020-03-17 22:34:25,Domicile,Domicile
986884172,2020-03-17 22:39:45,Domicile,Domicile
986884172,2020-03-17 22:44:45,Domicile,Domicile
986884172,2020-03-17 22:49:46,Domicile,Domicile
986884172,2020-03-17 22:54:49,Domicile,Domicile
986884172,2020-03-17 22:59:59,Domicile,Domicile
986884172,2020-03-17 23:05:01,Domicile,Domicile
986884172,2020-03-17 23:10:10,Domicile,Domicile
986884172,2020-03-17 23:15:19,Domicile,Domicile
986884172,2020-03-17 23:20:41,Domicile,Domicile
986884172,2020-03-17 23:25:42,Domicile,Domicile
986884172,2020-03-17 23:30:43,Domicile,Domicile
986884172,2020-03-17 23:36:00,Domicile,Domicile
986884172,2020-03-17 23:41:03,Domicile,Domicile
986884172,2020-03-17 23:46:07,Domicile,Domicile
986884172,2020-03-17 23:51:41,Domicile,Domicile
986884172,2020-03-17 23:56:44,Domicile,Domicile
986884172,2020-03-18 00:01:46,Domicile,Domicile
986884172,2020-03-18 00:07:03,Domicile,Domicile
986884172,2020-03-18 00:12:14,Domicile,Domicile
986884172,2020-03-18 00:17:20,Domicile,Domicile
986884172,2020-03-18 00:22:40,Domicile,Domicile
986884172,2020-03-18 00:27:42,Domicile,Domicile
986884172,2020-03-18 00:33:01,Domicile,Domicile
986884172,2020-03-18 00:38:17,Domicile,Domicile
986884172,2020-03-18 00:43:40,Domicile,Domicile
986884172,2020-03-18 00:48:41,Domicile,Domicile
986884172,2020-03-18 00:53:47,Domicile,Domicile
986938604,2020-02-11 08:21:10,Domicile,Domicile
986938604,2020-02-11 08:26:14,Domicile,Domicile
986938604,2020-02-11 08:31:28,Domicile,Domicile
986938604,2020-02-11 08:36:31,Domicile,Domicile
986938604,2020-02-11 08:41:42,Domicile,Domicile
986938604,2020-02-11 08:46:47,Domicile,Domicile
986938604,2020-02-11 08:52:01,Domicile,Domicile
986938604,2020-02-11 08:57:01,Domicile,Domicile
986938604,2020-02-11 09:02:22,Domicile,Domicile
986938604,2020-02-11 09:07:22,Domicile,Domicile
986938604,2020-02-11 09:12:31,Domicile,Domicile
986938604,2020-02-11 09:18:01,Domicile,Domicile
986938604,2020-02-11 09:23:34,Domicile,Domicile
986938604,2020-02-11 09:29:02,Domicile,Domicile
986938604,2020-02-11 09:39:16,Vélo,Domicile
986938604,2020-02-11 09:50:25,Vélo,Vélo
986938604,2020-02-11 09:55:25,Vélo,Vélo
986938604,2020-02-11 10:05:26,Bureau,-1.0
986938604,2020-02-11 10:10:27,Bureau,3.0
986938604,2020-02-11 10:15:27,Bureau,3.0
986938604,2020-02-11 10:20:27,Bureau,3.0
986938604,2020-02-11 10:25:34,Bureau,3.0
986938604,2020-02-11 10:30:35,Bureau,3.0
986938604,2020-02-11 10:35:35,Bureau,3.0
986938604,2020-02-11 10:41:28,Bureau,3.0
986938604,2020-02-11 10:46:29,Bureau,3.0
986938604,2020-02-11 10:51:29,Bureau,3.0
986938604,2020-02-11 13:25:01,Vélo,Vélo
986938604,2020-02-11 13:30:02,Vélo,Vélo
986938604,2020-02-11 13:35:03,Vélo,Vélo
986938604,2020-02-11 13:40:03,Vélo,Vélo
986938604,2020-02-11 13:45:04,Vélo,Vélo
986938604,2020-02-11 13:55:05,Bureau,4.0
986938604,2020-02-11 14:00:16,Bureau,4.0
986938604,2020-02-11 14:05:16,Bureau,4.0
986938604,2020-02-11 14:10:39,Bureau,indoor
986938604,2020-02-11 14:15:40,Bureau,indoor
986938604,2020-02-11 14:20:41,Bureau,indoor
986938604,2020-02-11 14:25:42,Bureau,indoor
986938604,2020-02-11 14:31:42,Bureau,indoor
986938604,2020-02-11 14:36:42,Bureau,indoor
986938604,2020-02-11 14:42:02,Bureau,indoor
986938604,2020-02-11 14:52:22,Bureau,indoor
986938604,2020-02-11 18:23:09,Vélo,Vélo
986938604,2020-02-11 21:48:44,Domicile,Domicile
986938604,2020-02-11 21:53:46,Domicile,Domicile
986938604,2020-02-11 21:58:51,Domicile,Domicile
986938604,2020-02-11 22:03:54,Domicile,Domicile
986938604,2020-02-11 22:09:42,Domicile,Domicile
986938604,2020-02-11 22:15:36,Domicile,Domicile
986938604,2020-02-11 22:21:07,Domicile,Domicile
986938604,2020-02-11 22:26:12,Domicile,Domicile
986938604,2020-02-11 22:31:35,Domicile,Domicile
986938604,2020-02-11 22:36:38,Domicile,Domicile
986938604,2020-02-11 22:42:46,Domicile,Domicile
986938604,2020-02-11 22:47:47,Domicile,Domicile
986938604,2020-02-11 22:53:09,Domicile,Domicile
986938604,2020-02-11 22:58:16,Domicile,Domicile
986938604,2020-02-11 23:03:16,Domicile,Domicile
986938604,2020-02-11 23:09:15,Domicile,Domicile
986938604,2020-02-11 23:14:22,Domicile,Domicile
986938604,2020-02-11 23:19:34,Domicile,Domicile
986938604,2020-02-11 23:24:52,Domicile,Domicile
986938604,2020-02-11 23:30:45,Domicile,Domicile
986938604,2020-02-11 23:35:58,Domicile,Domicile
986938604,2020-02-11 23:41:35,Domicile,Domicile
986938604,2020-02-11 23:46:58,Domicile,Domicile
986938604,2020-02-11 23:52:19,Domicile,Domicile
986938604,2020-02-11 23:57:35,Domicile,Domicile
986938604,2020-02-12 00:02:35,Domicile,Domicile
986938604,2020-02-12 00:07:51,Domicile,Domicile
986938604,2020-02-12 00:13:05,Domicile,Domicile
986938604,2020-02-12 00:18:25,Domicile,Domicile
986938604,2020-02-12 00:23:32,Domicile,Domicile
986938604,2020-02-12 00:28:54,Domicile,Domicile
986938604,2020-02-12 00:34:07,Domicile,Domicile
986938604,2020-02-12 00:39:42,Domicile,Domicile
986938604,2020-02-12 00:44:47,Domicile,Domicile
986938604,2020-02-12 00:49:48,Domicile,Domicile
986938604,2020-02-12 00:54:51,Domicile,Domicile
986938604,2020-02-12 01:00:12,Domicile,Domicile
986938604,2020-02-12 01:05:30,Domicile,Domicile
986938604,2020-02-12 01:10:36,Domicile,Domicile
986938604,2020-02-12 01:15:44,Domicile,Domicile
986938604,2020-02-12 01:20:51,Domicile,Domicile
986938604,2020-02-12 01:25:57,Domicile,Domicile
986938604,2020-02-12 01:30:59,Domicile,Domicile
986938604,2020-02-12 01:36:20,Domicile,Domicile
986938604,2020-02-12 01:41:33,Domicile,Domicile
986938604,2020-02-12 01:46:44,Domicile,Domicile
986938604,2020-02-12 01:52:03,Domicile,Domicile
986938604,2020-02-12 01:57:13,Domicile,Domicile
986938604,2020-02-12 02:02:24,Domicile,Domicile
986938604,2020-02-12 02:07:33,Domicile,Domicile
986938604,2020-02-12 02:12:36,Domicile,Domicile
986938604,2020-02-12 02:17:52,Domicile,Domicile
986938604,2020-02-12 02:23:23,Domicile,Domicile
986938604,2020-02-12 02:28:39,Domicile,Domicile
986938604,2020-02-12 02:33:47,Domicile,Domicile
986938604,2020-02-12 02:39:01,Domicile,Domicile
986938604,2020-02-12 02:44:46,Domicile,Domicile
986938604,2020-02-12 02:49:46,Domicile,Domicile
986938604,2020-02-12 02:54:51,Domicile,Domicile
986938604,2020-02-12 02:59:54,Domicile,Domicile
986938604,2020-02-12 03:05:05,Domicile,Domicile
986938604,2020-02-12 03:10:18,Domicile,Domicile
986938604,2020-02-12 03:15:22,Domicile,Domicile
986938604,2020-02-12 03:20:24,Domicile,Domicile
986938604,2020-02-12 03:26:26,Domicile,Domicile
986938604,2020-02-12 03:31:41,Domicile,Domicile
986938604,2020-02-12 03:36:41,Domicile,Domicile
986938604,2020-02-12 03:41:44,Domicile,Domicile
986938604,2020-02-12 03:46:45,Domicile,Domicile
986938604,2020-02-12 03:51:52,Domicile,Domicile
986938604,2020-02-12 03:57:08,Domicile,Domicile
986938604,2020-02-12 04:02:09,Domicile,Domicile
986938604,2020-02-12 04:07:46,Domicile,Domicile
986938604,2020-02-12 04:13:04,Domicile,Domicile
986938604,2020-02-12 04:18:22,Domicile,Domicile
986938604,2020-02-12 04:23:30,Domicile,Domicile
986938604,2020-02-12 04:28:40,Domicile,Domicile
986938604,2020-02-12 04:34:00,Domicile,Domicile
986938604,2020-02-12 04:39:48,Domicile,Domicile
986938604,2020-02-12 04:44:51,Domicile,Domicile
986938604,2020-02-12 04:50:00,Domicile,Domicile
986938604,2020-02-12 04:55:21,Domicile,Domicile
986938604,2020-02-12 05:00:38,Domicile,Domicile
986938604,2020-02-12 05:05:44,Domicile,Domicile
986938604,2020-02-12 05:10:49,Domicile,Domicile
986938604,2020-02-12 05:16:34,Domicile,Domicile
986938604,2020-02-12 05:21:47,Domicile,Domicile
986938604,2020-02-12 05:27:16,Domicile,Domicile
986938604,2020-02-12 05:32:29,Domicile,Domicile
986938604,2020-02-12 05:37:32,Domicile,Domicile
986938604,2020-02-12 05:42:44,Domicile,Domicile
986938604,2020-02-12 05:48:01,Domicile,Domicile
986938604,2020-02-12 05:53:07,Domicile,Domicile
986938604,2020-02-12 05:58:44,Domicile,Domicile
986938604,2020-02-12 06:04:01,Domicile,Domicile
986938604,2020-02-12 06:09:18,Domicile,Domicile
986938604,2020-02-12 06:14:37,Domicile,Domicile
986938604,2020-02-12 06:19:45,Domicile,Domicile
986938604,2020-02-12 06:25:07,Domicile,Domicile
986938604,2020-02-12 06:30:19,Domicile,Domicile
986938604,2020-02-12 06:35:22,Domicile,Domicile
986938604,2020-02-12 06:40:32,Domicile,Domicile
986938604,2020-02-12 06:46:00,Domicile,Domicile
986938604,2020-02-12 06:51:27,Domicile,Domicile
986938604,2020-02-12 06:56:40,Domicile,Domicile
986938604,2020-02-12 07:01:52,Domicile,Domicile
986938604,2020-02-12 07:06:59,Domicile,Domicile
986938604,2020-02-12 07:12:34,Domicile,Domicile
986938604,2020-02-12 07:17:51,Domicile,Domicile
986938604,2020-02-12 07:23:03,Domicile,Domicile
986938604,2020-02-12 07:28:23,Domicile,Domicile
986938604,2020-02-12 07:33:30,Domicile,Domicile
986938604,2020-02-12 07:38:46,Domicile,Domicile
986938604,2020-02-12 07:43:58,Domicile,Domicile
986938604,2020-02-12 07:49:19,Domicile,Domicile
986938604,2020-02-12 07:54:24,Domicile,Domicile
986938604,2020-02-12 07:59:39,Domicile,Domicile
986938604,2020-02-12 08:04:49,Domicile,Domicile
986938604,2020-02-12 08:09:54,Domicile,Domicile
986938604,2020-02-12 08:15:14,Domicile,Domicile
986938604,2020-02-12 08:21:22,Domicile,Domicile
986938604,2020-02-12 08:26:38,Domicile,Domicile
986938604,2020-02-12 08:31:59,Domicile,Domicile
986938604,2020-02-12 08:37:06,Domicile,Domicile
986938604,2020-02-12 08:42:07,Domicile,Domicile
986938604,2020-02-12 08:47:15,Domicile,Domicile
986938604,2020-02-12 08:52:44,Domicile,Domicile
986938604,2020-02-12 08:58:01,Domicile,Domicile
986938604,2020-02-12 09:03:02,Domicile,Domicile
986938604,2020-02-12 09:08:12,Domicile,Domicile
986938604,2020-02-12 09:13:29,Domicile,Domicile
986938604,2020-02-12 09:18:48,Domicile,Domicile
986938604,2020-02-12 09:23:58,Domicile,Domicile
986938604,2020-02-12 09:34:17,Vélo,Domicile
986938604,2020-02-12 09:39:18,Vélo,Domicile
986938604,2020-02-12 09:44:19,Vélo,Domicile
986938604,2020-02-12 09:49:19,Vélo,Domicile
986938604,2020-02-12 09:59:20,Bureau,Domicile
986938604,2020-02-12 18:40:01,Vélo,Domicile
986938604,2020-02-12 18:48:03,Domicile,Domicile
986938604,2020-02-12 18:53:18,Domicile,Domicile
986938604,2020-02-12 18:58:33,Domicile,Domicile
986938604,2020-02-12 19:03:40,Domicile,Domicile
986938604,2020-02-12 19:08:56,Domicile,Domicile
986938604,2020-02-12 19:14:07,Domicile,Domicile
986938604,2020-02-12 19:19:21,Domicile,Domicile
986938604,2020-02-12 19:24:47,Domicile,Domicile
986938604,2020-02-12 19:29:48,Domicile,Domicile
986938604,2020-02-12 19:35:06,Domicile,Domicile
986938604,2020-02-12 19:40:28,Domicile,Domicile
986938604,2020-02-12 19:45:28,Domicile,Domicile
986938604,2020-02-12 19:50:51,Domicile,Domicile
986938604,2020-02-12 19:55:56,Domicile,Domicile
986938604,2020-02-12 20:01:05,Domicile,Domicile
986938604,2020-02-12 20:06:10,Domicile,Domicile
986938604,2020-02-12 20:11:21,Domicile,Domicile
986938604,2020-02-12 20:16:45,Domicile,Domicile
986938604,2020-02-12 20:21:48,Domicile,Domicile
986938604,2020-02-12 20:26:51,Domicile,Domicile
986938604,2020-02-12 20:32:01,Domicile,Domicile
986938604,2020-02-12 20:37:26,Domicile,Domicile
986938604,2020-02-12 20:42:27,Domicile,Domicile
986938604,2020-02-12 20:47:37,Domicile,Domicile
986938604,2020-02-12 20:52:48,Domicile,Domicile
986938604,2020-02-12 20:57:48,Domicile,Domicile
986938604,2020-02-12 21:03:00,Domicile,Domicile
986938604,2020-02-12 21:08:14,Domicile,Domicile
986938604,2020-02-12 21:13:32,Domicile,Domicile
986938604,2020-02-12 21:18:37,Domicile,Domicile
986938604,2020-02-12 21:23:44,Domicile,Domicile
986938604,2020-02-12 21:29:05,Domicile,Domicile
986938604,2020-02-12 21:34:24,Domicile,Domicile
986938604,2020-02-12 21:39:37,Domicile,Domicile
986938604,2020-02-12 21:45:25,Domicile,Domicile
986938604,2020-02-12 21:50:31,Domicile,Domicile
986938604,2020-02-12 21:55:32,Domicile,Domicile
986938604,2020-02-12 22:00:48,Domicile,Domicile
986938604,2020-02-12 22:06:11,Domicile,Domicile
986938604,2020-02-12 22:11:21,Domicile,Domicile
986938604,2020-02-12 22:16:34,Domicile,Domicile
986938604,2020-02-12 22:21:56,Domicile,Domicile
986938604,2020-02-12 22:27:12,Domicile,Domicile
986938604,2020-02-12 22:32:31,Domicile,Domicile
986938604,2020-02-12 22:37:59,Domicile,Domicile
986938604,2020-02-12 22:43:01,Domicile,Domicile
986938604,2020-02-12 22:48:08,Domicile,Domicile
986938604,2020-02-12 22:53:22,Domicile,Domicile
986938604,2020-02-12 22:58:30,Domicile,Domicile
986938604,2020-02-12 23:03:36,Domicile,Domicile
986938604,2020-02-12 23:08:52,Domicile,Domicile
986938604,2020-02-12 23:13:52,Domicile,Domicile
986938604,2020-02-12 23:18:55,Domicile,Domicile
986938604,2020-02-12 23:24:07,Domicile,Domicile
986938604,2020-02-12 23:29:21,Domicile,Domicile
986938604,2020-02-12 23:34:39,Domicile,Domicile
986938604,2020-02-12 23:39:57,Domicile,Domicile
986938604,2020-02-12 23:45:06,Domicile,Domicile
986938604,2020-02-12 23:50:44,Domicile,Domicile
986938604,2020-02-12 23:56:03,Domicile,Domicile
986938604,2020-02-13 00:01:18,Domicile,Domicile
986938604,2020-02-13 00:06:25,Domicile,Domicile
986938604,2020-02-13 00:11:44,Domicile,Domicile
986938604,2020-02-13 00:16:45,Domicile,Domicile
986938604,2020-02-13 00:21:50,Domicile,Domicile
986938604,2020-02-13 00:26:58,Domicile,Domicile
986938604,2020-02-13 00:32:44,Domicile,Domicile
986938604,2020-02-13 00:37:56,Domicile,Domicile
986938604,2020-02-13 00:43:10,Domicile,Domicile
986938604,2020-02-13 00:48:26,Domicile,Domicile
986938604,2020-02-13 00:53:38,Domicile,Domicile
986938604,2020-02-13 00:58:50,Domicile,Domicile
986938604,2020-02-13 01:03:55,Domicile,Domicile
986938604,2020-02-13 01:09:31,Domicile,Domicile
986938604,2020-02-13 01:14:50,Domicile,Domicile
986938604,2020-02-13 01:20:03,Domicile,Domicile
986938604,2020-02-13 01:25:24,Domicile,Domicile
986938604,2020-02-13 01:30:39,Domicile,Domicile
986938604,2020-02-13 01:36:41,Domicile,Domicile
986938604,2020-02-13 01:42:06,Domicile,Domicile
986938604,2020-02-13 01:47:21,Domicile,Domicile
986938604,2020-02-13 01:52:25,Domicile,Domicile
986938604,2020-02-13 01:57:37,Domicile,Domicile
986938604,2020-02-13 02:02:57,Domicile,Domicile
986938604,2020-02-13 02:08:22,Domicile,Domicile
986938604,2020-02-13 02:13:35,Domicile,Domicile
986938604,2020-02-13 02:18:40,Domicile,Domicile
986938604,2020-02-13 02:23:56,Domicile,Domicile
986938604,2020-02-13 02:29:15,Domicile,Domicile
986938604,2020-02-13 02:34:34,Domicile,Domicile
986938604,2020-02-13 02:39:43,Domicile,Domicile
986938604,2020-02-13 02:44:50,Domicile,Domicile
986938604,2020-02-13 02:50:03,Domicile,Domicile
986938604,2020-02-13 02:55:21,Domicile,Domicile
986938604,2020-02-13 03:00:39,Domicile,Domicile
986938604,2020-02-13 03:05:45,Domicile,Domicile
986938604,2020-02-13 03:11:03,Domicile,Domicile
986938604,2020-02-13 03:16:24,Domicile,Domicile
986938604,2020-02-13 03:21:40,Domicile,Domicile
986938604,2020-02-13 03:26:47,Domicile,Domicile
986938604,2020-02-13 03:32:21,Domicile,Domicile
986938604,2020-02-13 03:37:27,Domicile,Domicile
986938604,2020-02-13 03:42:43,Domicile,Domicile
986938604,2020-02-13 03:48:03,Domicile,Domicile
986938604,2020-02-13 03:53:10,Domicile,Domicile
986938604,2020-02-13 03:58:14,Domicile,Domicile
986938604,2020-02-13 04:03:31,Domicile,Domicile
986938604,2020-02-13 04:08:45,Domicile,Domicile
986938604,2020-02-13 04:14:02,Domicile,Domicile
986938604,2020-02-13 04:19:12,Domicile,Domicile
986938604,2020-02-13 04:24:19,Domicile,Domicile
986938604,2020-02-13 04:29:33,Domicile,Domicile
986938604,2020-02-13 04:35:01,Domicile,Domicile
986938604,2020-02-13 04:40:10,Domicile,Domicile
986938604,2020-02-13 04:45:25,Domicile,Domicile
986938604,2020-02-13 04:50:36,Domicile,Domicile
986938604,2020-02-13 04:55:48,Domicile,Domicile
986938604,2020-02-13 05:01:41,Domicile,Domicile
986938604,2020-02-13 05:06:41,Domicile,Domicile
986938604,2020-02-13 05:11:46,Domicile,Domicile
986938604,2020-02-13 05:17:05,Domicile,Domicile
986938604,2020-02-13 05:22:08,Domicile,Domicile
986938604,2020-02-13 05:27:24,Domicile,Domicile
986938604,2020-02-13 05:32:26,Domicile,Domicile
986938604,2020-02-13 05:37:28,Domicile,Domicile
986938604,2020-02-13 05:42:40,Domicile,Domicile
986938604,2020-02-13 05:47:54,Domicile,Domicile
986938604,2020-02-13 05:53:12,Domicile,Domicile
986938604,2020-02-13 05:58:21,Domicile,Domicile
986938604,2020-02-13 06:03:27,Domicile,Domicile
986938604,2020-02-13 06:08:42,Domicile,Domicile
986938604,2020-02-13 06:13:44,Domicile,Domicile
986938604,2020-02-13 06:19:53,Domicile,Domicile
986938604,2020-02-13 06:25:07,Domicile,Domicile
986938604,2020-02-13 06:30:18,Domicile,Domicile
986938604,2020-02-13 06:35:21,Domicile,Domicile
986938604,2020-02-13 06:40:21,Domicile,Domicile
986938604,2020-02-13 06:45:58,Domicile,Domicile
986938604,2020-02-13 06:51:12,Domicile,Domicile
986938604,2020-02-13 06:56:17,Domicile,Domicile
986938604,2020-02-13 07:01:22,Domicile,Domicile
986938604,2020-02-13 07:06:43,Domicile,Domicile
986938604,2020-02-13 07:11:53,Domicile,Domicile
986938604,2020-02-13 07:17:01,Domicile,Domicile
986938604,2020-02-13 07:22:20,Domicile,Domicile
986938604,2020-02-13 07:27:29,Domicile,Domicile
986938604,2020-02-13 07:32:36,Domicile,Domicile
986938604,2020-02-13 07:37:37,Domicile,Domicile
986938604,2020-02-13 07:42:37,Domicile,Domicile
986938604,2020-02-13 07:47:41,Domicile,Domicile
986938604,2020-02-13 07:52:52,Domicile,Domicile
986938604,2020-02-13 07:58:00,Domicile,Domicile
986938604,2020-02-13 08:03:04,Domicile,Domicile
986938604,2020-02-13 08:08:08,Domicile,Domicile
986938604,2020-02-13 08:13:26,Domicile,Domicile
986938604,2020-02-13 08:18:39,Domicile,Domicile
986938604,2020-02-13 08:24:01,Domicile,Domicile
986938604,2020-02-13 08:29:14,Domicile,Domicile
986938604,2020-02-13 08:34:18,Domicile,Domicile
986938604,2020-02-13 08:39:27,Domicile,Domicile
986938604,2020-02-13 08:44:28,Domicile,Domicile
986938604,2020-02-13 08:49:39,Domicile,Domicile
986938604,2020-02-13 08:54:57,Domicile,Domicile
986938604,2020-02-13 09:00:10,Domicile,Domicile
986938604,2020-02-13 09:05:22,Domicile,Domicile
986938604,2020-02-13 09:10:29,Domicile,Domicile
986938604,2020-02-13 09:15:41,Domicile,Domicile
986938604,2020-02-13 09:20:53,Domicile,Domicile
986938604,2020-02-13 09:26:06,Domicile,Domicile
986938604,2020-02-13 09:31:33,Domicile,Domicile
986938604,2020-02-13 09:36:51,Domicile,Domicile
986938604,2020-02-13 09:42:33,Domicile,Domicile
986938604,2020-02-13 09:47:40,Domicile,Domicile
986938604,2020-02-13 09:52:41,Domicile,Domicile
986938604,2020-02-13 09:57:51,Domicile,Domicile
986938604,2020-02-13 10:02:57,Domicile,Domicile
986938604,2020-02-13 10:08:15,Domicile,Domicile
986938604,2020-02-13 10:13:37,Domicile,Domicile
986938604,2020-02-13 10:18:42,Domicile,Domicile
986938604,2020-02-13 10:24:05,Domicile,Domicile
986938604,2020-02-13 10:29:10,Domicile,Domicile
986938604,2020-02-13 10:34:21,Domicile,Domicile
986938604,2020-02-13 10:39:40,Domicile,Domicile
986938604,2020-02-13 10:44:53,Domicile,Domicile
986938604,2020-02-13 10:50:01,Domicile,Domicile
986938604,2020-02-13 10:55:04,Domicile,Domicile
986938604,2020-02-13 11:00:10,Domicile,Domicile
986938604,2020-02-13 11:05:29,Domicile,Domicile
986938604,2020-02-13 11:10:47,Domicile,Domicile
986938604,2020-02-13 11:15:54,Domicile,Domicile
986938604,2020-02-13 11:21:14,Domicile,Domicile
986938604,2020-02-13 11:26:18,Domicile,Domicile
986938604,2020-02-13 11:31:34,Domicile,indoor
986938604,2020-02-13 11:37:12,Domicile,indoor
986938604,2020-02-13 11:42:17,Domicile,Bureau
986938604,2020-02-13 11:47:22,Domicile,Bureau
986938604,2020-02-13 11:52:45,Domicile,Bureau
986938604,2020-02-13 11:58:00,Domicile,Bureau
986938604,2020-02-13 12:03:30,Domicile,Bureau
986938604,2020-02-13 12:08:45,Domicile,Bureau
986938604,2020-02-13 12:13:55,Domicile,Bureau
986938604,2020-02-13 12:19:10,Domicile,Bureau
986938604,2020-02-13 12:24:15,Domicile,Bureau
986938604,2020-02-13 12:29:20,Domicile,Bureau
986938604,2020-02-13 12:34:28,Domicile,Bureau
986938604,2020-02-13 12:39:51,Domicile,Bureau
986938604,2020-02-13 12:44:52,Domicile,Bureau
986938604,2020-02-13 12:50:00,Domicile,indoor
986938604,2020-02-13 12:55:01,Domicile,Domicile
986938604,2020-02-13 13:50:04,Domicile,Domicile
986938604,2020-02-13 13:55:29,Domicile,Domicile
986938604,2020-02-13 14:00:38,Domicile,Domicile
986938604,2020-02-13 14:05:46,Domicile,Domicile
986938604,2020-02-13 14:10:47,Domicile,Domicile
986938604,2020-02-13 14:15:53,Domicile,Domicile
986938604,2020-02-13 14:20:54,Domicile,Domicile
986938604,2020-02-13 14:26:11,Domicile,Domicile
986938604,2020-02-13 14:31:29,Domicile,Domicile
986938604,2020-02-13 14:36:36,Domicile,Domicile
986938604,2020-02-13 14:41:39,Domicile,Domicile
986938604,2020-02-13 14:47:24,Domicile,Domicile
986938604,2020-02-13 14:52:27,Domicile,Domicile
986938604,2020-02-13 14:58:15,Domicile,Domicile
986938604,2020-02-13 15:03:23,Domicile,Domicile
986938604,2020-02-13 15:08:40,Domicile,Domicile
986938604,2020-02-13 15:13:52,Domicile,Domicile
986938604,2020-02-13 15:18:53,Domicile,Domicile
986938604,2020-02-13 15:23:53,Domicile,Domicile
986938604,2020-02-13 15:28:54,Domicile,Domicile
986938604,2020-02-13 15:34:01,Domicile,Domicile
986938604,2020-02-13 15:39:02,Domicile,Domicile
986938604,2020-02-13 15:44:02,Domicile,Domicile
986938604,2020-02-13 15:49:03,Domicile,Domicile
986938604,2020-02-13 15:54:05,Domicile,Domicile
986938604,2020-02-13 15:59:12,Domicile,Domicile
986938604,2020-02-13 16:04:13,Domicile,Domicile
986938604,2020-02-13 16:09:13,Domicile,Domicile
986938604,2020-02-13 16:14:14,Domicile,Domicile
986938604,2020-02-13 16:19:41,Domicile,Domicile
986938604,2020-02-13 16:24:41,Domicile,Domicile
986938604,2020-02-13 16:29:42,Domicile,Domicile
986938604,2020-02-13 16:34:43,Domicile,Domicile
986938604,2020-02-13 16:39:44,Domicile,Domicile
986938604,2020-02-13 16:44:44,Domicile,Domicile
986938604,2020-02-13 16:49:45,Domicile,Domicile
986938604,2020-02-13 16:54:45,Domicile,Domicile
986938604,2020-02-13 16:59:47,Domicile,Domicile
986938604,2020-02-13 17:04:47,Domicile,Domicile
986938604,2020-02-13 17:09:47,Domicile,Domicile
986938604,2020-02-13 17:14:48,Domicile,Domicile
986938604,2020-02-13 17:19:48,Domicile,Domicile
986938604,2020-02-13 17:24:49,Domicile,Domicile
986938604,2020-02-13 17:29:51,Domicile,Domicile
986938604,2020-02-13 17:34:52,Domicile,Domicile
986938604,2020-02-13 17:39:56,Domicile,Domicile
986938604,2020-02-13 17:44:57,Domicile,Domicile
986938604,2020-02-13 17:49:58,Domicile,Domicile
986938604,2020-02-13 17:54:59,Domicile,Domicile
986938604,2020-02-13 17:59:59,Domicile,Domicile
986938604,2020-02-13 18:04:59,Domicile,Domicile
986938604,2020-02-13 18:09:59,Domicile,Domicile
986938604,2020-02-13 18:15:00,Domicile,Domicile
986938604,2020-02-13 18:20:01,Domicile,Domicile
986938604,2020-02-13 18:25:01,Domicile,Domicile
986938604,2020-02-13 18:30:02,Domicile,Domicile
986938604,2020-02-13 18:35:03,Domicile,Domicile
986938604,2020-02-13 18:40:03,Domicile,Domicile
986938604,2020-02-13 18:45:03,Domicile,Domicile
986938604,2020-02-13 18:50:08,Domicile,Domicile
986938604,2020-02-13 18:55:09,Domicile,Domicile
986938604,2020-02-13 19:00:09,Domicile,Domicile
986938604,2020-02-13 19:05:09,Domicile,Domicile
986938604,2020-02-13 19:10:10,Domicile,Domicile
986938604,2020-02-13 19:15:11,Domicile,Domicile
986938604,2020-02-13 19:20:12,Domicile,Domicile
986938604,2020-02-13 19:25:18,Domicile,Domicile
986938604,2020-02-13 19:30:19,Domicile,Domicile
986938604,2020-02-13 19:35:19,Domicile,Domicile
986938604,2020-02-13 19:40:19,Domicile,Domicile
986938604,2020-02-13 19:45:20,Domicile,Domicile
986938604,2020-02-13 19:50:29,Domicile,Domicile
986938604,2020-02-13 19:55:36,Domicile,Domicile
986938604,2020-02-13 20:00:43,Domicile,Domicile
986938604,2020-02-13 20:06:00,Domicile,Domicile
986938604,2020-02-13 20:11:12,Domicile,Domicile
986938604,2020-02-13 20:16:18,Domicile,Domicile
986938604,2020-02-13 20:21:39,Domicile,Domicile
986938604,2020-02-13 20:26:41,Domicile,Domicile
986938604,2020-02-13 20:32:24,Domicile,Domicile
986938604,2020-02-13 20:37:24,Domicile,Domicile
986938604,2020-02-13 20:42:25,Domicile,Domicile
986938604,2020-02-13 20:47:25,Domicile,Domicile
986938604,2020-02-13 20:52:25,Domicile,Domicile
986938604,2020-02-13 20:57:25,Domicile,Domicile
986938604,2020-02-13 21:02:47,Domicile,Domicile
986938604,2020-02-13 21:08:01,Domicile,Domicile
986938604,2020-02-13 21:13:02,Domicile,Domicile
986938604,2020-02-13 21:18:02,Domicile,Domicile
986938604,2020-02-13 21:24:01,Domicile,Domicile
986938604,2020-02-13 21:29:08,Domicile,Domicile
986938604,2020-02-13 21:34:09,Domicile,Domicile
986938604,2020-02-13 21:39:10,Domicile,Domicile
986938604,2020-02-13 21:44:10,Domicile,Domicile
986938604,2020-02-13 21:49:42,Domicile,Domicile
986938604,2020-02-13 21:55:01,Domicile,Domicile
986938604,2020-02-13 22:00:46,Domicile,Domicile
986938604,2020-02-13 22:06:01,Domicile,Domicile
986938604,2020-02-13 22:11:02,Domicile,Domicile
986938604,2020-02-13 22:17:02,Domicile,Domicile
986938604,2020-02-13 22:22:22,Domicile,Domicile
986938604,2020-02-13 22:27:39,Domicile,Domicile
986938604,2020-02-13 22:32:47,Domicile,Domicile
986938604,2020-02-13 22:38:04,Domicile,Domicile
986938604,2020-02-13 22:44:40,Domicile,Domicile
986938604,2020-02-13 22:49:40,Domicile,Domicile
986938604,2020-02-13 22:54:42,Domicile,Domicile
986938604,2020-02-13 22:59:47,Domicile,Domicile
986938604,2020-02-13 23:05:00,Domicile,Domicile
986938604,2020-02-13 23:10:00,Domicile,Domicile
986938604,2020-02-13 23:15:26,Domicile,Domicile
986938604,2020-02-13 23:20:41,Domicile,Domicile
986938604,2020-02-13 23:25:41,Domicile,Domicile
986938604,2020-02-13 23:30:43,Domicile,Domicile
986938604,2020-02-13 23:36:00,Domicile,Domicile
986938604,2020-02-13 23:41:14,Domicile,Domicile
986938604,2020-02-13 23:46:22,Domicile,Domicile
986938604,2020-02-13 23:51:30,Domicile,Domicile
986938604,2020-02-13 23:56:37,Domicile,Domicile
986938604,2020-02-14 00:01:41,Domicile,Domicile
986938604,2020-02-14 00:07:00,Domicile,Domicile
986938604,2020-02-14 00:12:00,Domicile,Domicile
986938604,2020-02-14 00:17:22,Domicile,Domicile
986938604,2020-02-14 00:22:41,Domicile,Domicile
986938604,2020-02-14 00:27:41,Domicile,Domicile
986938604,2020-02-14 00:32:43,Domicile,Domicile
986938604,2020-02-14 00:38:00,Domicile,Domicile
986938604,2020-02-14 00:43:01,Domicile,Domicile
986938604,2020-02-14 00:48:10,Domicile,Domicile
986938604,2020-02-14 00:53:18,Domicile,Domicile
986938604,2020-02-14 00:58:21,Domicile,Domicile
986938604,2020-02-14 01:03:36,Domicile,Domicile
986938604,2020-02-14 01:08:40,Domicile,Domicile
986938604,2020-02-14 01:13:41,Domicile,Domicile
986938604,2020-02-14 01:18:42,Domicile,Domicile
986938604,2020-02-14 01:24:01,Domicile,Domicile
986938604,2020-02-14 01:29:21,Domicile,Domicile
986938604,2020-02-14 01:34:43,Domicile,Domicile
986938604,2020-02-14 01:40:00,Domicile,Domicile
986938604,2020-02-14 01:45:01,Domicile,Domicile
986938604,2020-02-14 01:50:27,Domicile,Domicile
986938604,2020-02-14 01:55:43,Domicile,Domicile
986938604,2020-02-14 02:00:43,Domicile,Domicile
986938604,2020-02-14 02:06:04,Domicile,Domicile
986938604,2020-02-14 02:11:43,Domicile,Domicile
986938604,2020-02-14 02:17:00,Domicile,Domicile
986938604,2020-02-14 02:22:21,Domicile,Domicile
986938604,2020-02-14 02:27:21,Domicile,Domicile
986938604,2020-02-14 02:32:41,Domicile,Domicile
986938604,2020-02-14 02:37:42,Domicile,Domicile
986938604,2020-02-14 02:43:00,Domicile,Domicile
986938604,2020-02-14 02:48:00,Domicile,Domicile
986938604,2020-02-14 02:53:03,Domicile,Domicile
986938604,2020-02-14 02:58:41,Domicile,Domicile
986938604,2020-02-14 03:03:41,Domicile,Domicile
986938604,2020-02-14 03:08:42,Domicile,Domicile
986938604,2020-02-14 03:13:47,Domicile,Domicile
986938604,2020-02-14 03:19:01,Domicile,Domicile
986938604,2020-02-14 03:24:21,Domicile,Domicile
986938604,2020-02-14 03:29:41,Domicile,Domicile
986938604,2020-02-14 03:34:43,Domicile,Domicile
986938604,2020-02-14 03:40:22,Domicile,Domicile
986938604,2020-02-14 03:45:41,Domicile,Domicile
986938604,2020-02-14 03:50:41,Domicile,Domicile
986938604,2020-02-14 03:55:41,Domicile,Domicile
986938604,2020-02-14 04:00:41,Domicile,Domicile
986938604,2020-02-14 04:05:41,Domicile,Domicile
986938604,2020-02-14 04:10:42,Domicile,Domicile
986938604,2020-02-14 04:16:00,Domicile,Domicile
986938604,2020-02-14 04:21:07,Domicile,Domicile
986938604,2020-02-14 04:26:15,Domicile,Domicile
986938604,2020-02-14 04:31:20,Domicile,Domicile
986938604,2020-02-14 04:36:29,Domicile,Domicile
986938604,2020-02-14 04:41:37,Domicile,Domicile
986938604,2020-02-14 04:46:40,Domicile,Domicile
986938604,2020-02-14 04:51:41,Domicile,Domicile
986938604,2020-02-14 04:56:44,Domicile,Domicile
986938604,2020-02-14 05:02:00,Domicile,Domicile
986938604,2020-02-14 05:07:00,Domicile,Domicile
986938604,2020-02-14 05:12:22,Domicile,Domicile
986938604,2020-02-14 05:17:41,Domicile,Domicile
986938604,2020-02-14 05:22:45,Domicile,Domicile
986938604,2020-02-14 05:28:21,Domicile,Domicile
986938604,2020-02-14 05:33:41,Domicile,Domicile
986938604,2020-02-14 05:38:41,Domicile,Domicile
986938604,2020-02-14 05:43:42,Domicile,Domicile
986938604,2020-02-14 05:49:00,Domicile,Domicile
986938604,2020-02-14 05:54:00,Domicile,Domicile
986938604,2020-02-14 05:59:19,Domicile,Domicile
986938604,2020-02-14 06:04:38,Domicile,Domicile
986938604,2020-02-14 06:09:42,Domicile,Domicile
986938604,2020-02-14 06:14:44,Domicile,Domicile
986938604,2020-02-14 06:20:00,Domicile,Domicile
986938604,2020-02-14 06:25:00,Domicile,Domicile
986938604,2020-02-14 06:30:13,Domicile,Domicile
986938604,2020-02-14 06:35:20,Domicile,Domicile
986938604,2020-02-14 06:40:27,Domicile,Domicile
986938604,2020-02-14 06:45:41,Domicile,Domicile
986938604,2020-02-14 06:50:44,Domicile,Domicile
986938604,2020-02-14 06:56:20,Domicile,Domicile
986938604,2020-02-14 07:01:21,Domicile,Domicile
986938604,2020-02-14 07:06:41,Domicile,Domicile
986938604,2020-02-14 07:11:43,Domicile,Domicile
986938604,2020-02-14 07:16:45,Domicile,Domicile
986938604,2020-02-14 07:22:02,Domicile,Domicile
986938604,2020-02-14 07:27:21,Domicile,Domicile
986938604,2020-02-14 07:32:21,Domicile,Domicile
986938604,2020-02-14 07:37:41,Domicile,Domicile
986938604,2020-02-14 07:42:59,Domicile,Domicile
986938604,2020-02-14 07:48:02,Domicile,Domicile
986938604,2020-02-14 07:53:41,Domicile,Domicile
986938604,2020-02-14 07:58:41,Domicile,Domicile
986938604,2020-02-14 08:03:45,Domicile,Domicile
986938604,2020-02-14 08:08:46,Domicile,Domicile
986938604,2020-02-14 08:14:21,Domicile,Domicile
986938604,2020-02-14 08:19:22,Domicile,Domicile
986938604,2020-02-14 08:24:46,Domicile,Domicile
986938604,2020-02-14 08:30:22,Domicile,Domicile
986938604,2020-02-14 08:36:13,Domicile,Domicile
986938604,2020-02-14 08:41:22,Domicile,Domicile
986938604,2020-02-14 08:47:02,Domicile,Domicile
986938604,2020-02-14 08:52:22,Domicile,Domicile
986938604,2020-02-14 08:57:41,Domicile,Domicile
986938604,2020-02-14 09:03:02,Domicile,Domicile
986938604,2020-02-14 09:09:07,Domicile,Domicile
986938604,2020-02-14 09:14:21,Domicile,Domicile
986938604,2020-02-14 09:20:14,Domicile,Domicile
986938604,2020-02-14 09:25:18,Domicile,Domicile
986938604,2020-02-14 09:43:08,Vélo,Vélo
986938604,2020-02-14 09:48:09,Vélo,Vélo
986938604,2020-02-14 09:58:11,Bureau,indoor
986938604,2020-02-14 19:13:31,Vélo,Vélo
986938604,2020-02-14 19:18:32,Vélo,Vélo
986938604,2020-02-14 19:23:32,Vélo,Vélo
986938604,2020-02-14 19:34:00,Domicile,Domicile
986938604,2020-02-14 19:39:19,Domicile,Domicile
986938604,2020-02-14 19:44:50,Domicile,Domicile
986938604,2020-02-14 19:50:00,Domicile,Domicile
986938604,2020-02-14 19:56:01,Domicile,Domicile
986938604,2020-02-14 20:01:04,Domicile,Domicile
986938604,2020-02-14 20:06:06,Domicile,Domicile
986938604,2020-02-14 20:11:07,Domicile,Domicile
986938604,2020-02-14 20:16:25,Domicile,Domicile
986938604,2020-02-14 20:21:46,Domicile,Domicile
986938604,2020-02-14 20:27:13,Domicile,Domicile
986938604,2020-02-14 20:32:20,Domicile,Domicile
986938604,2020-02-14 20:37:41,Domicile,Domicile
986938604,2020-02-14 20:42:47,Domicile,Domicile
986938604,2020-02-14 20:47:53,Domicile,Domicile
986938604,2020-02-14 20:53:00,Domicile,Domicile
986938604,2020-02-14 20:58:39,Domicile,Domicile
986938604,2020-02-14 21:03:49,Domicile,Domicile
986938604,2020-02-14 21:09:06,Domicile,Domicile
986938604,2020-02-14 21:14:22,Domicile,Domicile
986938604,2020-02-14 21:19:38,Domicile,Domicile
986938604,2020-02-14 21:24:42,Domicile,Domicile
986938604,2020-02-14 21:29:48,Domicile,Domicile
986938604,2020-02-14 21:35:02,Domicile,Domicile
986938604,2020-02-14 21:40:04,Domicile,Domicile
986938604,2020-02-14 21:45:06,Domicile,Domicile
986938604,2020-02-14 21:50:18,Domicile,Domicile
986938604,2020-02-14 21:55:27,Domicile,Domicile
986938604,2020-02-14 22:00:45,Domicile,Domicile
986938604,2020-02-14 22:05:50,Domicile,Domicile
986938604,2020-02-14 22:10:53,Domicile,Domicile
986938604,2020-02-14 22:16:04,Domicile,Domicile
986938604,2020-02-14 22:21:21,Domicile,Domicile
986938604,2020-02-14 22:26:21,Domicile,Domicile
986938604,2020-02-14 22:31:22,Domicile,Domicile
986938604,2020-02-14 22:36:22,Domicile,Domicile
986938604,2020-02-14 22:41:24,Domicile,Domicile
986938604,2020-02-14 22:46:25,Domicile,Domicile
986938604,2020-02-14 22:51:26,Domicile,Domicile
986938604,2020-02-14 22:56:27,Domicile,Domicile
986938604,2020-02-14 23:01:27,Domicile,Domicile
986938604,2020-02-14 23:06:28,Domicile,Domicile
986938604,2020-02-14 23:11:28,Domicile,Domicile
986938604,2020-02-14 23:16:28,Domicile,Domicile
986938604,2020-02-14 23:21:28,Domicile,Domicile
986938604,2020-02-14 23:26:29,Domicile,Domicile
986938604,2020-02-14 23:31:29,Domicile,Domicile
986938604,2020-02-14 23:36:42,Domicile,Domicile
986938604,2020-02-14 23:41:56,Domicile,Domicile
986938604,2020-02-14 23:46:57,Domicile,Domicile
986938604,2020-02-14 23:52:03,Domicile,Domicile
986938604,2020-02-14 23:57:05,Domicile,Bureau
986938604,2020-02-15 00:02:05,Domicile,Bureau
986938604,2020-02-15 00:07:05,Domicile,Domicile
986938604,2020-02-15 00:12:06,Domicile,Domicile
986938604,2020-02-15 00:17:07,Domicile,Domicile
986938604,2020-02-15 00:22:08,Domicile,Domicile
986938604,2020-02-15 00:27:09,Domicile,Domicile
986938604,2020-02-15 00:32:09,Domicile,Domicile
986938604,2020-02-15 00:37:17,Domicile,Domicile
986938604,2020-02-15 00:42:22,Domicile,Domicile
986938604,2020-02-15 00:47:27,Domicile,Domicile
986938604,2020-02-15 00:52:30,Domicile,Domicile
986938604,2020-02-15 00:57:51,Domicile,Domicile
986938604,2020-02-15 01:03:09,Domicile,Domicile
986938604,2020-02-15 01:08:10,Domicile,Domicile
986938604,2020-02-15 01:13:28,Domicile,Domicile
986938604,2020-02-15 01:18:32,Domicile,Domicile
986938604,2020-02-15 01:23:32,Domicile,Domicile
986938604,2020-02-15 01:28:32,Domicile,Domicile
986938604,2020-02-15 01:33:32,Domicile,Domicile
986938604,2020-02-15 01:38:40,Domicile,Domicile
986938604,2020-02-15 01:43:45,Domicile,Domicile
986938604,2020-02-15 01:48:45,Domicile,Domicile
986938604,2020-02-15 01:53:50,Domicile,Domicile
986938604,2020-02-15 01:58:51,Domicile,Domicile
986938604,2020-02-15 02:03:52,Domicile,Domicile
986938604,2020-02-15 02:08:53,Domicile,Domicile
986938604,2020-02-15 02:13:54,Domicile,Domicile
986938604,2020-02-15 02:18:54,Domicile,Domicile
986938604,2020-02-15 02:23:55,Domicile,Domicile
986938604,2020-02-15 02:28:55,Domicile,Domicile
986938604,2020-02-15 02:34:14,Domicile,Domicile
986938604,2020-02-15 02:39:21,Domicile,Domicile
986938604,2020-02-15 02:44:21,Domicile,Domicile
986938604,2020-02-15 02:49:21,Domicile,Domicile
986938604,2020-02-15 02:54:21,Domicile,Domicile
986938604,2020-02-15 02:59:22,Domicile,Domicile
986938604,2020-02-15 03:04:22,Domicile,Domicile
986938604,2020-02-15 03:09:23,Domicile,Domicile
986938604,2020-02-15 03:14:23,Domicile,Domicile
986938604,2020-02-15 03:19:24,Domicile,Domicile
986938604,2020-02-15 03:24:24,Domicile,Domicile
986938604,2020-02-15 03:29:24,Domicile,Domicile
986938604,2020-02-15 03:34:24,Domicile,Domicile
986938604,2020-02-15 03:39:24,Domicile,Domicile
986938604,2020-02-15 03:44:38,Domicile,Domicile
986938604,2020-02-15 03:49:39,Domicile,Domicile
986938604,2020-02-15 03:54:39,Domicile,Domicile
986938604,2020-02-15 03:59:39,Domicile,Domicile
986938604,2020-02-15 04:04:39,Domicile,Domicile
986938604,2020-02-15 04:09:39,Domicile,Domicile
986938604,2020-02-15 04:14:39,Domicile,Domicile
986938604,2020-02-15 04:19:39,Domicile,Domicile
986938604,2020-02-15 04:24:40,Domicile,Domicile
986938604,2020-02-15 04:29:41,Domicile,Domicile
986938604,2020-02-15 04:34:41,Domicile,Domicile
986938604,2020-02-15 04:39:41,Domicile,Domicile
986938604,2020-02-15 04:44:41,Domicile,Domicile
986938604,2020-02-15 04:49:41,Domicile,Domicile
986938604,2020-02-15 04:54:42,Domicile,Domicile
986938604,2020-02-15 04:59:43,Domicile,Domicile
986938604,2020-02-15 05:04:43,Domicile,Domicile
986938604,2020-02-15 05:09:43,Domicile,Domicile
986938604,2020-02-15 05:14:47,Domicile,Domicile
986938604,2020-02-15 05:19:48,Domicile,Domicile
986938604,2020-02-15 05:24:49,Domicile,Domicile
986938604,2020-02-15 05:29:49,Domicile,Domicile
986938604,2020-02-15 05:34:49,Domicile,Domicile
986938604,2020-02-15 05:39:49,Domicile,Domicile
986938604,2020-02-15 05:44:49,Domicile,Domicile
986938604,2020-02-15 05:49:50,Domicile,Domicile
986938604,2020-02-15 05:54:50,Domicile,Domicile
986938604,2020-02-15 05:59:51,Domicile,Domicile
986938604,2020-02-15 06:04:51,Domicile,Domicile
986938604,2020-02-15 06:09:52,Domicile,Domicile
986938604,2020-02-15 06:15:13,Domicile,Domicile
986938604,2020-02-15 06:20:14,Domicile,Domicile
986938604,2020-02-15 06:25:28,Domicile,Domicile
986938604,2020-02-15 06:30:41,Domicile,Domicile
986938604,2020-02-15 06:35:57,Domicile,Domicile
986938604,2020-02-15 06:41:10,Domicile,Domicile
986938604,2020-02-15 06:46:28,Domicile,Domicile
986938604,2020-02-15 06:51:44,Domicile,Domicile
986938604,2020-02-15 06:56:49,Domicile,Domicile
986938604,2020-02-15 07:02:11,Domicile,Domicile
986938604,2020-02-15 07:07:23,Domicile,Domicile
986938604,2020-02-15 07:12:51,Domicile,Domicile
986938604,2020-02-15 07:18:10,Domicile,Domicile
986938604,2020-02-15 07:23:33,Domicile,Domicile
986938604,2020-02-15 07:28:40,Domicile,Domicile
986938604,2020-02-15 07:33:44,Domicile,Domicile
986938604,2020-02-15 07:38:48,Domicile,Domicile
986938604,2020-02-15 07:44:05,Domicile,Domicile
986938604,2020-02-15 07:49:11,Domicile,Domicile
986938604,2020-02-15 07:54:19,Domicile,Domicile
986938604,2020-02-15 07:59:21,Domicile,Domicile
986938604,2020-02-15 08:04:21,Domicile,Domicile
986938604,2020-02-15 08:09:22,Domicile,Domicile
986938604,2020-02-15 08:14:32,Domicile,Domicile
986938604,2020-02-15 08:19:32,Domicile,Domicile
986938604,2020-02-15 08:24:33,Domicile,Domicile
986938604,2020-02-15 08:29:34,Domicile,Domicile
986938604,2020-02-15 08:34:35,Domicile,Domicile
986938604,2020-02-15 08:39:35,Domicile,Domicile
986938604,2020-02-15 08:44:35,Domicile,Domicile
986938604,2020-02-15 08:49:35,Domicile,Domicile
986938604,2020-02-15 08:54:35,Domicile,Domicile
986938604,2020-02-15 08:59:36,Domicile,Domicile
986938604,2020-02-15 09:04:36,Domicile,Domicile
986938604,2020-02-15 09:09:44,Domicile,Domicile
986938604,2020-02-15 09:14:48,Domicile,Domicile
986938604,2020-02-15 09:20:07,Domicile,Domicile
986938604,2020-02-15 09:25:14,Domicile,Domicile
986938604,2020-02-15 09:30:36,Domicile,Domicile
986938604,2020-02-15 09:35:40,Domicile,Domicile
986938604,2020-02-15 09:40:41,Domicile,Domicile
986938604,2020-02-15 09:45:42,Domicile,Domicile
986938604,2020-02-15 09:50:50,Domicile,Domicile
986938604,2020-02-15 09:55:58,Domicile,Domicile
986938604,2020-02-15 10:01:21,Domicile,Domicile
986938604,2020-02-15 10:06:22,Domicile,Domicile
986938604,2020-02-15 10:11:33,Domicile,Domicile
986938604,2020-02-15 10:16:40,Domicile,Domicile
986938604,2020-02-15 10:21:49,Domicile,Domicile
986938604,2020-02-15 10:27:04,Domicile,Domicile
986938604,2020-02-15 10:32:05,Domicile,Domicile
986938604,2020-02-15 10:37:13,Domicile,Domicile
986938604,2020-02-15 10:42:22,Domicile,Domicile
986938604,2020-02-15 10:47:42,Domicile,Domicile
986938604,2020-02-15 10:52:53,Domicile,Domicile
986938604,2020-02-15 10:58:01,Domicile,Domicile
986938604,2020-02-15 11:03:06,Domicile,Domicile
986938604,2020-02-15 11:08:14,Domicile,Domicile
986938604,2020-02-15 11:13:23,Domicile,Domicile
986938604,2020-02-15 11:18:30,Domicile,Domicile
986938604,2020-02-15 11:23:38,Domicile,Domicile
986938604,2020-02-15 11:28:42,Domicile,Domicile
986938604,2020-02-15 11:34:02,Domicile,Domicile
986938604,2020-02-15 11:39:10,Domicile,Domicile
986938604,2020-02-15 11:44:19,Domicile,Domicile
986938604,2020-02-15 11:49:28,Domicile,Domicile
986938604,2020-02-15 11:54:42,Domicile,Domicile
986938604,2020-02-15 11:59:42,Domicile,Domicile
986938604,2020-02-15 12:04:51,Domicile,Domicile
986938604,2020-02-15 12:09:59,Domicile,Domicile
986938604,2020-02-15 12:15:21,Domicile,Domicile
986938604,2020-02-15 12:20:23,Domicile,Domicile
986938604,2020-02-15 12:25:23,Domicile,Domicile
986938604,2020-02-15 12:30:34,Domicile,Domicile
986938604,2020-02-15 12:35:42,Domicile,Domicile
986938604,2020-02-15 12:40:44,Domicile,Domicile
986938604,2020-02-15 12:46:21,Domicile,Domicile
986938604,2020-02-15 12:51:24,Domicile,Domicile
986938604,2020-02-15 12:56:42,Domicile,Domicile
986938604,2020-02-15 13:01:48,Domicile,Domicile
986938604,2020-02-15 13:06:55,Domicile,Domicile
986938604,2020-02-15 13:12:04,Domicile,Domicile
986938604,2020-02-15 13:17:24,Domicile,Domicile
986938604,2020-02-15 13:22:25,Domicile,Domicile
986938604,2020-02-15 13:27:33,Domicile,Domicile
986938604,2020-02-15 13:32:44,Domicile,Domicile
986938604,2020-02-15 13:37:56,Domicile,Domicile
986938604,2020-02-15 13:43:18,Domicile,Domicile
986938604,2020-02-15 13:48:23,Domicile,Domicile
986938604,2020-02-15 13:53:45,Domicile,Domicile
986938604,2020-02-15 13:59:02,Domicile,Domicile
986938604,2020-02-15 14:04:27,Domicile,Domicile
986938604,2020-02-15 14:09:37,Domicile,Domicile
986938604,2020-02-15 14:14:54,Domicile,Domicile
986938604,2020-02-15 14:20:12,Domicile,Domicile
986938604,2020-02-15 14:25:18,Domicile,Domicile
986938604,2020-02-15 14:30:44,Domicile,Domicile
986938604,2020-02-15 14:36:06,Domicile,Domicile
986938604,2020-02-15 14:41:18,Domicile,Domicile
986938604,2020-02-15 14:46:18,Domicile,Domicile
986938604,2020-02-15 14:51:54,Domicile,Domicile
986938604,2020-02-15 14:57:02,Domicile,Domicile
986938604,2020-02-15 15:02:12,Domicile,Domicile
986938604,2020-02-15 15:07:36,Domicile,Domicile
986938604,2020-02-15 15:13:12,Domicile,Domicile
986938604,2020-02-15 15:18:42,Domicile,Domicile
986938604,2020-02-15 15:24:06,Domicile,Domicile
986938604,2020-02-15 15:29:12,Domicile,Domicile
986938604,2020-02-15 15:34:37,Domicile,Domicile
986938604,2020-02-15 15:40:46,Domicile,Domicile
986938604,2020-02-15 15:46:49,Domicile,Domicile
986938604,2020-02-15 15:52:15,Domicile,Domicile
986938604,2020-02-15 15:57:21,Domicile,Domicile
986938604,2020-02-15 16:02:47,Domicile,Domicile
986938604,2020-02-15 16:08:01,Domicile,Domicile
986938604,2020-02-15 16:13:05,Domicile,Domicile
986938604,2020-02-15 16:18:41,Domicile,Domicile
986938604,2020-02-15 16:24:16,Domicile,Domicile
986938604,2020-02-15 16:29:31,Domicile,Domicile
986938604,2020-02-15 16:35:21,Domicile,Domicile
986938604,2020-02-15 16:40:24,Domicile,Domicile
986938604,2020-02-15 16:45:26,Domicile,Domicile
986938604,2020-02-15 16:50:47,Domicile,Domicile
986938604,2020-02-15 16:56:43,Domicile,Domicile
986938604,2020-02-15 17:01:45,Domicile,Domicile
986938604,2020-02-15 17:07:04,Domicile,Domicile
986938604,2020-02-15 17:12:41,Domicile,Domicile
986938604,2020-02-15 17:18:01,Domicile,Domicile
986938604,2020-02-15 17:23:01,Domicile,Domicile
986938604,2020-02-15 17:28:07,Domicile,Domicile
986938604,2020-02-15 17:33:22,Domicile,Domicile
986938604,2020-02-15 17:38:22,Domicile,Domicile
986938604,2020-02-15 17:44:02,Domicile,Domicile
986938604,2020-02-15 17:49:07,Domicile,Domicile
986938604,2020-02-15 17:54:27,Domicile,Domicile
986938604,2020-02-15 17:59:29,Domicile,Domicile
986938604,2020-02-15 18:04:48,Domicile,Domicile
986938604,2020-02-15 18:10:02,Domicile,Domicile
986938604,2020-02-15 18:15:18,Domicile,Domicile
986938604,2020-02-15 18:20:22,Domicile,Domicile
986938604,2020-02-15 18:25:22,Domicile,Domicile
986938604,2020-02-15 18:30:23,Domicile,Domicile
986938604,2020-02-15 18:35:24,Domicile,Domicile
986938604,2020-02-15 18:40:46,Domicile,Domicile
986938604,2020-02-15 18:46:01,Domicile,Domicile
986938604,2020-02-15 18:51:05,Domicile,Domicile
986938604,2020-02-15 18:56:05,Domicile,Domicile
986938604,2020-02-15 19:01:21,Domicile,Domicile
986938604,2020-02-15 19:06:53,Domicile,Domicile
986938604,2020-02-15 19:12:01,Domicile,Domicile
986938604,2020-02-15 19:17:05,Domicile,Domicile
986938604,2020-02-15 19:22:27,Domicile,Domicile
986938604,2020-02-15 19:27:31,Domicile,Domicile
986938604,2020-02-15 19:32:33,Domicile,Domicile
986938604,2020-02-15 19:37:43,Domicile,Domicile
986938604,2020-02-15 19:43:01,Domicile,Domicile
986938604,2020-02-15 19:48:01,Domicile,Domicile
986938604,2020-02-15 19:54:08,Domicile,Domicile
986938604,2020-02-15 19:59:23,Domicile,Domicile
986938604,2020-02-15 20:04:33,Domicile,Domicile
986938604,2020-02-15 20:10:01,Domicile,Domicile
986938604,2020-02-15 20:15:07,Domicile,Domicile
986938604,2020-02-15 20:20:12,Domicile,Domicile
986938604,2020-02-15 20:25:41,Domicile,Domicile
986938604,2020-02-15 20:31:01,Domicile,Domicile
986938604,2020-02-15 20:36:02,Domicile,Domicile
986938604,2020-02-15 20:41:39,Domicile,Domicile
986938604,2020-02-15 20:46:41,Domicile,Domicile
986938604,2020-02-15 20:52:02,Domicile,Domicile
986938604,2020-02-15 20:57:11,Domicile,Domicile
986938604,2020-02-15 21:02:38,Domicile,Domicile
986938604,2020-02-15 21:08:01,Domicile,Domicile
986938604,2020-02-15 21:13:02,Domicile,Domicile
986938604,2020-02-15 21:18:22,Domicile,Domicile
986938604,2020-02-15 21:23:41,Domicile,Domicile
986938604,2020-02-15 21:29:47,Domicile,Domicile
986938604,2020-02-15 21:35:01,Domicile,Domicile
986938604,2020-02-15 21:40:02,Domicile,Domicile
986938604,2020-02-15 21:45:17,Domicile,Domicile
986938604,2020-02-15 21:50:18,Domicile,Domicile
986938604,2020-02-15 21:55:23,Domicile,Domicile
986938604,2020-02-15 22:01:02,Domicile,Domicile
986938604,2020-02-15 22:06:12,Domicile,Domicile
986938604,2020-02-15 22:11:23,Domicile,Domicile
986938604,2020-02-15 22:16:34,Domicile,Domicile
986938604,2020-02-15 22:21:38,Domicile,Domicile
986938604,2020-02-15 22:27:01,Domicile,Domicile
986938604,2020-02-15 22:32:01,Domicile,Domicile
986938604,2020-02-15 22:37:01,Domicile,Domicile
986938604,2020-02-15 22:42:28,Domicile,Domicile
986938604,2020-02-15 22:47:33,Domicile,Domicile
986938604,2020-02-15 22:53:12,Domicile,Domicile
986938604,2020-02-15 22:58:32,Domicile,Domicile
986938604,2020-02-15 23:03:53,Domicile,Domicile
986938604,2020-02-15 23:09:32,Domicile,Domicile
986938604,2020-02-15 23:14:52,Domicile,Domicile
986938604,2020-02-15 23:20:01,Domicile,Domicile
986938604,2020-02-15 23:25:07,Domicile,Domicile
986938604,2020-02-15 23:30:23,Domicile,Domicile
986938604,2020-02-15 23:35:31,Domicile,Domicile
986938604,2020-02-15 23:40:51,Domicile,Domicile
986938604,2020-02-15 23:46:12,Domicile,Domicile
986938604,2020-02-15 23:52:04,Domicile,Domicile
986938604,2020-02-15 23:57:27,Domicile,Domicile
986938604,2020-02-16 00:02:47,Domicile,Domicile
986938604,2020-02-16 00:08:48,Domicile,Domicile
986938604,2020-02-16 00:15:03,Domicile,Domicile
986938604,2020-02-16 00:20:22,Domicile,Domicile
986938604,2020-02-16 00:25:56,Domicile,Domicile
986938604,2020-02-16 00:31:01,Domicile,Domicile
986938604,2020-02-16 00:36:07,Domicile,Domicile
986938604,2020-02-16 00:41:34,Domicile,Domicile
986938604,2020-02-16 00:47:01,Domicile,Domicile
986938604,2020-02-16 00:52:01,Domicile,Domicile
986938604,2020-02-16 00:58:02,Domicile,Domicile
986938604,2020-02-16 01:03:12,Domicile,Domicile
986938604,2020-02-16 01:09:02,Domicile,Domicile
986938604,2020-02-16 01:14:41,Domicile,Domicile
986938604,2020-02-16 01:19:55,Domicile,Domicile
986938604,2020-02-16 01:25:01,Domicile,Domicile
986938604,2020-02-16 01:30:01,Domicile,Domicile
986938604,2020-02-16 01:35:01,Domicile,Domicile
986938604,2020-02-16 01:40:22,Domicile,Domicile
986938604,2020-02-16 01:45:22,Domicile,Domicile
986938604,2020-02-16 01:50:22,Domicile,Domicile
986938604,2020-02-16 01:55:46,Domicile,Domicile
986938604,2020-02-16 02:01:06,Domicile,Domicile
986938604,2020-02-16 02:06:17,Domicile,Domicile
986938604,2020-02-16 02:11:22,Domicile,Domicile
986938604,2020-02-16 02:17:02,Domicile,Domicile
986938604,2020-02-16 02:22:22,Domicile,Domicile
986938604,2020-02-16 02:27:22,Domicile,Domicile
986938604,2020-02-16 02:32:45,Domicile,Domicile
986938604,2020-02-16 02:38:01,Domicile,Domicile
986938604,2020-02-16 02:43:07,Domicile,Domicile
986938604,2020-02-16 02:49:02,Domicile,Domicile
986938604,2020-02-16 02:54:22,Domicile,Domicile
986938604,2020-02-16 02:59:22,Domicile,Domicile
986938604,2020-02-16 03:04:22,Domicile,Domicile
986938604,2020-02-16 03:09:22,Domicile,Domicile
986938604,2020-02-16 03:14:22,Domicile,Domicile
986938604,2020-02-16 03:19:22,Domicile,Domicile
986938604,2020-02-16 03:24:22,Domicile,Domicile
986938604,2020-02-16 03:29:23,Domicile,Domicile
986938604,2020-02-16 03:34:27,Domicile,Domicile
986938604,2020-02-16 03:40:01,Domicile,Domicile
986938604,2020-02-16 03:45:01,Domicile,Domicile
986938604,2020-02-16 03:50:01,Domicile,Domicile
986938604,2020-02-16 03:55:01,Domicile,Domicile
986938604,2020-02-16 04:00:01,Domicile,Domicile
986938604,2020-02-16 04:05:05,Domicile,Domicile
986938604,2020-02-16 04:10:22,Domicile,Domicile
986938604,2020-02-16 04:15:33,Domicile,Domicile
986938604,2020-02-16 04:21:01,Domicile,Domicile
986938604,2020-02-16 04:26:12,Domicile,Domicile
986938604,2020-02-16 04:31:28,Domicile,Domicile
986938604,2020-02-16 04:36:28,Domicile,Domicile
986938604,2020-02-16 04:41:42,Domicile,Domicile
986938604,2020-02-16 04:47:01,Domicile,Domicile
986938604,2020-02-16 04:52:01,Domicile,Domicile
986938604,2020-02-16 04:57:01,Domicile,Domicile
986938604,2020-02-16 05:02:57,Domicile,Domicile
986938604,2020-02-16 05:08:51,Domicile,Domicile
986938604,2020-02-16 05:14:47,Domicile,Domicile
986938604,2020-02-16 05:20:01,Domicile,Domicile
986938604,2020-02-16 05:25:01,Domicile,Domicile
986938604,2020-02-16 05:30:41,Domicile,Domicile
986938604,2020-02-16 05:35:54,Domicile,Domicile
986938604,2020-02-16 05:41:01,Domicile,Domicile
986938604,2020-02-16 05:46:01,Domicile,Domicile
986938604,2020-02-16 05:51:01,Domicile,Domicile
986938604,2020-02-16 05:56:01,Domicile,Domicile
986938604,2020-02-16 06:01:01,Domicile,Domicile
986938604,2020-02-16 06:06:01,Domicile,Domicile
986938604,2020-02-16 06:11:04,Domicile,Domicile
986938604,2020-02-16 06:16:13,Domicile,Domicile
986938604,2020-02-16 06:22:33,Domicile,Domicile
986938604,2020-02-16 06:27:42,Domicile,Domicile
986938604,2020-02-16 06:33:00,Domicile,Domicile
986938604,2020-02-16 06:38:48,Domicile,Domicile
986938604,2020-02-16 06:44:44,Domicile,Domicile
986938604,2020-02-16 06:50:01,Domicile,Domicile
986938604,2020-02-16 06:55:33,Domicile,Domicile
986938604,2020-02-16 07:00:48,Domicile,Domicile
986938604,2020-02-16 07:06:06,Domicile,Domicile
986938604,2020-02-16 07:12:02,Domicile,Domicile
986938604,2020-02-16 07:17:22,Domicile,Domicile
986938604,2020-02-16 07:22:23,Domicile,Domicile
986938604,2020-02-16 07:27:32,Domicile,Domicile
986938604,2020-02-16 07:33:08,Domicile,Domicile
986938604,2020-02-16 07:38:23,Domicile,Domicile
986938604,2020-02-16 07:44:01,Domicile,Domicile
986938604,2020-02-16 07:49:01,Domicile,Domicile
986938604,2020-02-16 07:55:01,Domicile,Domicile
986938604,2020-02-16 08:00:52,Domicile,Domicile
986938604,2020-02-16 08:06:12,Domicile,Domicile
986938604,2020-02-16 08:11:16,Domicile,Domicile
986938604,2020-02-16 08:16:40,Domicile,Domicile
986938604,2020-02-16 08:21:54,Domicile,Domicile
986938604,2020-02-16 08:27:01,Domicile,Domicile
986938604,2020-02-16 08:32:08,Domicile,Domicile
986938604,2020-02-16 08:38:08,Domicile,Domicile
986938604,2020-02-16 08:43:41,Domicile,Domicile
986938604,2020-02-16 08:49:21,Domicile,Domicile
986938604,2020-02-16 08:54:52,Domicile,Domicile
986938604,2020-02-16 09:00:33,Domicile,Domicile
986938604,2020-02-16 09:05:46,Domicile,Domicile
986938604,2020-02-16 09:10:52,Domicile,Domicile
986938604,2020-02-16 09:16:21,Domicile,Domicile
986938604,2020-02-16 09:21:22,Domicile,Domicile
986938604,2020-02-16 09:26:22,Domicile,Domicile
986938604,2020-02-16 09:31:31,Domicile,Domicile
986938604,2020-02-16 09:36:38,Domicile,Domicile
986938604,2020-02-16 09:41:47,Domicile,Domicile
986938604,2020-02-16 09:46:54,Domicile,Domicile
986938604,2020-02-16 09:52:03,Domicile,Domicile
986938604,2020-02-16 09:57:22,Domicile,Domicile
986938604,2020-02-16 10:02:41,Domicile,Domicile
986938604,2020-02-16 10:07:47,Domicile,Domicile
986938604,2020-02-16 10:12:55,Domicile,Domicile
986938604,2020-02-16 10:18:04,Domicile,Domicile
986938604,2020-02-16 10:23:13,Domicile,Domicile
986938604,2020-02-16 10:28:16,Domicile,Domicile
986938604,2020-02-16 10:33:25,Domicile,Domicile
986938604,2020-02-16 10:38:41,Domicile,Domicile
986938604,2020-02-16 10:43:41,Domicile,Domicile
986938604,2020-02-16 10:48:48,Domicile,Domicile
986938604,2020-02-16 10:53:56,Domicile,Domicile
986938604,2020-02-16 10:59:05,Domicile,Domicile
986938604,2020-02-16 11:04:14,Domicile,Domicile
986938604,2020-02-16 11:09:21,Domicile,Domicile
986938604,2020-02-16 11:14:21,Domicile,Domicile
986938604,2020-02-16 11:19:26,Domicile,Domicile
986938604,2020-02-16 11:24:30,Domicile,Domicile
986938604,2020-02-16 11:29:49,Domicile,Domicile
986938604,2020-02-16 11:34:58,Domicile,Domicile
986938604,2020-02-16 11:40:07,Domicile,Domicile
986938604,2020-02-16 11:45:17,Domicile,Domicile
986938604,2020-02-16 11:50:23,Domicile,Domicile
986938604,2020-02-16 11:55:23,Domicile,Domicile
986938604,2020-02-16 12:00:28,Domicile,Domicile
986938604,2020-02-16 12:05:37,Domicile,Domicile
986938604,2020-02-16 12:10:46,Domicile,Domicile
986938604,2020-02-16 12:15:55,Domicile,Domicile
986938604,2020-02-16 12:21:02,Domicile,Domicile
986938604,2020-02-16 12:26:22,Domicile,Domicile
986938604,2020-02-16 12:31:41,Domicile,Domicile
986938604,2020-02-16 12:36:50,Domicile,Domicile
986938604,2020-02-16 12:41:59,Domicile,Domicile
986938604,2020-02-16 12:47:09,Domicile,Domicile
986938604,2020-02-16 12:52:18,Domicile,Domicile
986938604,2020-02-16 12:57:23,Domicile,Domicile
986938604,2020-02-16 13:02:41,Domicile,Domicile
986938604,2020-02-16 13:07:41,Domicile,Domicile
986938604,2020-02-16 13:12:42,Domicile,Domicile
986938604,2020-02-16 13:17:45,Domicile,Domicile
986938604,2020-02-16 13:22:45,Domicile,Domicile
986938604,2020-02-16 13:27:54,Domicile,Domicile
986938604,2020-02-16 13:33:03,Domicile,Domicile
986938604,2020-02-16 13:38:12,Domicile,Domicile
986938604,2020-02-16 13:43:22,Domicile,Domicile
986938604,2020-02-16 13:48:25,Domicile,Domicile
986938604,2020-02-16 13:53:44,Domicile,Domicile
986938604,2020-02-16 13:58:53,Domicile,Domicile
986938604,2020-02-16 14:04:03,Domicile,Domicile
986938604,2020-02-16 14:09:14,Domicile,Domicile
986938604,2020-02-16 14:14:24,Domicile,Domicile
986938604,2020-02-16 14:19:42,Domicile,Domicile
986938604,2020-02-16 14:24:51,Domicile,Domicile
986938604,2020-02-16 14:30:21,Domicile,Domicile
986938604,2020-02-16 14:35:24,Domicile,Domicile
986938604,2020-02-16 14:40:26,Domicile,Domicile
986938604,2020-02-16 14:45:42,Domicile,Domicile
986938604,2020-02-16 14:50:44,Domicile,Domicile
986938604,2020-02-16 14:56:21,Domicile,Domicile
986938604,2020-02-16 15:01:30,Domicile,Domicile
986938604,2020-02-16 15:06:39,Domicile,Domicile
986938604,2020-02-16 15:11:53,Domicile,Domicile
986938604,2020-02-16 15:16:56,Domicile,Domicile
986938604,2020-02-16 15:22:08,Domicile,Domicile
986938604,2020-02-16 15:27:23,Domicile,Domicile
986938604,2020-02-16 15:32:28,Domicile,Domicile
986938604,2020-02-16 15:37:39,Domicile,Domicile
986938604,2020-02-16 15:42:44,Domicile,Domicile
986938604,2020-02-16 15:47:46,Domicile,Domicile
986938604,2020-02-16 15:52:50,Domicile,Domicile
986938604,2020-02-16 15:57:51,Domicile,Domicile
986938604,2020-02-16 16:02:55,Domicile,Domicile
986938604,2020-02-16 16:08:12,Domicile,Domicile
986938604,2020-02-16 16:13:12,Domicile,Domicile
986938604,2020-02-16 16:18:21,Domicile,Domicile
986938604,2020-02-16 16:23:38,Domicile,Domicile
986938604,2020-02-16 16:28:38,Domicile,Domicile
986938604,2020-02-16 16:33:43,Domicile,Domicile
986938604,2020-02-16 16:39:03,Domicile,Domicile
986938604,2020-02-16 16:44:18,Domicile,Domicile
986938604,2020-02-16 16:49:22,Domicile,Domicile
986938604,2020-02-16 16:54:24,Domicile,Domicile
986938604,2020-02-16 16:59:59,Domicile,Domicile
986938604,2020-02-16 17:05:17,Domicile,Domicile
986938604,2020-02-16 17:10:23,Domicile,Domicile
986938604,2020-02-16 17:15:35,Domicile,Domicile
986938604,2020-02-16 17:20:36,Domicile,Domicile
986938604,2020-02-16 17:25:56,Domicile,Domicile
986938604,2020-02-16 17:31:05,Domicile,Domicile
986938604,2020-02-16 17:36:15,Domicile,Domicile
986938604,2020-02-16 17:41:18,Domicile,Domicile
986938604,2020-02-16 17:46:37,Domicile,Domicile
986938604,2020-02-16 17:51:45,Domicile,Domicile
986938604,2020-02-16 17:56:47,Domicile,Domicile
986938604,2020-02-16 18:01:55,Domicile,Domicile
986938604,2020-02-16 18:07:18,Domicile,Domicile
986938604,2020-02-16 18:12:32,Domicile,Domicile
986938604,2020-02-16 18:17:32,Domicile,Domicile
986938604,2020-02-16 18:22:38,Domicile,Domicile
986938604,2020-02-16 18:27:42,Domicile,Domicile
986938604,2020-02-16 18:32:59,Domicile,Domicile
986938604,2020-02-16 18:38:12,Domicile,Domicile
986938604,2020-02-16 18:43:18,Domicile,Domicile
986938604,2020-02-16 18:48:28,Domicile,Domicile
986938604,2020-02-16 18:53:39,Domicile,Domicile
986938604,2020-02-16 18:58:41,Domicile,Domicile
986938604,2020-02-16 19:04:04,Domicile,Domicile
986938604,2020-02-16 19:09:07,Domicile,Domicile
986938604,2020-02-16 19:14:10,Domicile,Domicile
986938604,2020-02-16 19:19:17,Domicile,Domicile
986938604,2020-02-16 19:24:21,Domicile,Domicile
986938604,2020-02-16 19:29:32,Domicile,Domicile
986938604,2020-02-16 19:34:44,Domicile,Domicile
986938604,2020-02-16 19:39:51,Domicile,Domicile
986938604,2020-02-16 19:45:05,Domicile,Domicile
986938604,2020-02-16 19:50:20,Domicile,Domicile
986938604,2020-02-16 19:55:22,Domicile,Domicile
986938604,2020-02-16 20:00:28,Domicile,Domicile
986938604,2020-02-16 20:05:41,Domicile,Domicile
986938604,2020-02-16 20:11:02,Domicile,Domicile
986938604,2020-02-16 20:16:13,Domicile,Domicile
986938604,2020-02-16 20:21:19,Domicile,Domicile
986938604,2020-02-16 20:26:21,Domicile,Domicile
986938604,2020-02-16 20:31:23,Domicile,Domicile
986938604,2020-02-16 20:36:32,Domicile,Domicile
986938604,2020-02-16 20:41:44,Domicile,Domicile
986938604,2020-02-16 20:46:47,Domicile,Domicile
986938604,2020-02-16 20:51:51,Domicile,Domicile
986938604,2020-02-16 20:56:53,Domicile,Domicile
986938604,2020-02-16 21:01:58,Domicile,Domicile
986938604,2020-02-16 21:07:14,Domicile,Domicile
986938604,2020-02-16 21:12:14,Domicile,Domicile
986938604,2020-02-16 21:17:31,Domicile,Domicile
986938604,2020-02-16 21:22:42,Domicile,Domicile
986938604,2020-02-16 21:27:57,Domicile,Domicile
986938604,2020-02-16 21:32:58,Domicile,Domicile
986938604,2020-02-16 21:38:07,Domicile,Domicile
986938604,2020-02-16 21:43:18,Domicile,Domicile
986938604,2020-02-16 21:48:27,Domicile,Domicile
986938604,2020-02-16 21:53:28,Domicile,Domicile
986938604,2020-02-16 21:58:40,Domicile,Domicile
986938604,2020-02-16 22:03:53,Domicile,Domicile
986938604,2020-02-16 22:09:07,Domicile,Domicile
986938604,2020-02-16 22:14:12,Domicile,Domicile
986938604,2020-02-16 22:19:14,Domicile,Domicile
986938604,2020-02-16 22:25:34,Domicile,Domicile
986938604,2020-02-16 22:30:45,Domicile,Domicile
986938604,2020-02-16 22:36:01,Domicile,Domicile
986938604,2020-02-16 22:41:05,Domicile,Domicile
986938604,2020-02-16 22:47:08,Domicile,Domicile
986938604,2020-02-16 22:52:24,Domicile,Domicile
986938604,2020-02-16 22:57:47,Domicile,Domicile
986938604,2020-02-16 23:03:07,Domicile,Domicile
986938604,2020-02-16 23:08:18,Domicile,Domicile
986938604,2020-02-16 23:14:33,Domicile,Domicile
986938604,2020-02-16 23:19:41,Domicile,Domicile
986938604,2020-02-16 23:24:58,Domicile,Domicile
986938604,2020-02-16 23:30:02,Domicile,Domicile
986938604,2020-02-16 23:35:05,Domicile,Domicile
986938604,2020-02-16 23:40:34,Domicile,Domicile
986938604,2020-02-16 23:46:01,Domicile,Domicile
986938604,2020-02-16 23:51:36,Domicile,Domicile
986938604,2020-02-16 23:57:39,Domicile,Domicile
986938604,2020-02-17 00:03:39,Domicile,Domicile
986938604,2020-02-17 00:09:22,Domicile,Domicile
986938604,2020-02-17 00:14:45,Domicile,Domicile
986938604,2020-02-17 00:20:02,Domicile,Domicile
986938604,2020-02-17 00:25:12,Domicile,Domicile
986938604,2020-02-17 00:30:21,Domicile,Domicile
986938604,2020-02-17 00:35:23,Domicile,Domicile
986938604,2020-02-17 00:40:28,Domicile,Domicile
986938604,2020-02-17 00:46:14,Domicile,Domicile
986938604,2020-02-17 00:51:22,Domicile,Domicile
986938604,2020-02-17 00:56:41,Domicile,Domicile
986938604,2020-02-17 01:02:01,Domicile,Domicile
986938604,2020-02-17 01:07:12,Domicile,Domicile
986938604,2020-02-17 01:12:35,Domicile,Domicile
986938604,2020-02-17 01:18:01,Domicile,Domicile
986938604,2020-02-17 01:23:12,Domicile,Domicile
986938604,2020-02-17 01:28:46,Domicile,Domicile
986938604,2020-02-17 01:33:56,Domicile,Domicile
986938604,2020-02-17 01:39:01,Domicile,Domicile
986938604,2020-02-17 01:44:21,Domicile,Domicile
986938604,2020-02-17 01:49:37,Domicile,Domicile
986938604,2020-02-17 01:55:01,Domicile,Domicile
986938604,2020-02-17 02:00:57,Domicile,Domicile
986938604,2020-02-17 02:06:01,Domicile,Domicile
986938604,2020-02-17 02:11:01,Domicile,Domicile
986938604,2020-02-17 02:16:36,Domicile,Domicile
986938604,2020-02-17 02:22:41,Domicile,Domicile
986938604,2020-02-17 02:28:01,Domicile,Domicile
986938604,2020-02-17 02:33:07,Domicile,Domicile
986938604,2020-02-17 02:38:08,Domicile,Domicile
986938604,2020-02-17 02:44:06,Domicile,Domicile
986938604,2020-02-17 02:49:23,Domicile,Domicile
986938604,2020-02-17 02:55:01,Domicile,Domicile
986939872,2020-03-11 07:55:01,Domicile,14.0
986939872,2020-03-11 08:00:02,Domicile,14.0
986939872,2020-03-11 08:05:03,Domicile,14.0
986939872,2020-03-11 08:10:04,Domicile,indoor
986939872,2020-03-11 08:15:04,Domicile,indoor
986939872,2020-03-11 08:20:05,Domicile,indoor
986939872,2020-03-11 08:25:06,Domicile,indoor
986939872,2020-03-11 08:30:07,Domicile,indoor
986939872,2020-03-11 08:35:07,Domicile,indoor
986939872,2020-03-11 08:45:09,Walk,indoor
986939872,2020-03-11 08:55:09,Walk,indoor
986939872,2020-03-11 09:00:10,Walk,indoor
986939872,2020-03-11 09:05:10,Walk,6.0
986939872,2020-03-11 09:10:10,Walk,6.0
986939872,2020-03-11 09:17:34,Walk,6.0
986939872,2020-03-11 09:23:51,Walk,6.0
986939872,2020-03-11 09:33:00,Walk,Bureau
986939872,2020-03-11 09:38:01,Walk,Bureau
986939872,2020-03-11 09:54:00,Walk,Bureau
986939872,2020-03-11 09:59:00,Walk,6.0
986939872,2020-03-11 10:04:01,Walk,6.0
986939872,2020-03-11 10:14:02,Bureau,6.0
986939872,2020-03-11 10:20:15,Bureau,6.0
986939872,2020-03-11 10:25:36,Bureau,6.0
986939872,2020-03-11 10:30:36,Bureau,Bureau
986939872,2020-03-11 10:35:36,Bureau,Bureau
986939872,2020-03-11 10:40:42,Bureau,Bureau
986939872,2020-03-11 10:45:43,Bureau,Bureau
986939872,2020-03-11 10:50:43,Bureau,Bureau
986939872,2020-03-11 10:56:01,Bureau,Bureau
986939872,2020-03-11 11:01:01,Bureau,Bureau
986939872,2020-03-11 11:06:01,Bureau,Bureau
986939872,2020-03-11 11:11:01,Bureau,Bureau
986939872,2020-03-11 11:16:02,Bureau,Bureau
986939872,2020-03-11 11:21:02,Bureau,6.0
986939872,2020-03-11 11:26:03,Bureau,6.0
986939872,2020-03-11 11:31:04,Bureau,6.0
986939872,2020-03-11 11:36:05,Bureau,6.0
986939872,2020-03-11 11:41:06,Bureau,6.0
986939872,2020-03-11 11:46:06,Bureau,6.0
986939872,2020-03-11 11:51:06,Bureau,Bureau
986939872,2020-03-11 11:56:06,Bureau,6.0
986939872,2020-03-11 12:01:07,Bureau,6.0
986939872,2020-03-11 12:06:07,Bureau,Bureau
986939872,2020-03-11 12:11:07,Bureau,Bureau
986939872,2020-03-11 12:16:08,Bureau,Bureau
986939872,2020-03-11 12:21:09,Bureau,Bureau
986939872,2020-03-11 12:26:10,Bureau,Bureau
986939872,2020-03-11 12:31:11,Bureau,Bureau
986939872,2020-03-11 12:36:16,Bureau,Bureau
986939872,2020-03-11 12:41:49,Bureau,Bureau
986939872,2020-03-11 12:46:49,Bureau,Bureau
986939872,2020-03-11 12:51:49,Bureau,Bureau
986939872,2020-03-11 12:56:52,Bureau,Bureau
986939872,2020-03-11 13:01:53,Bureau,Bureau
986939872,2020-03-11 13:06:54,Bureau,6.0
986939872,2020-03-11 13:11:54,Bureau,6.0
986939872,2020-03-11 13:16:55,Bureau,6.0
986939872,2020-03-11 13:21:56,Bureau,Bureau
986939872,2020-03-11 13:26:56,Bureau,indoor
986939872,2020-03-11 13:31:56,Bureau,indoor
986939872,2020-03-11 13:38:05,Bureau,indoor
986939872,2020-03-11 13:43:05,Bureau,indoor
986939872,2020-03-11 13:48:05,Bureau,indoor
986939872,2020-03-11 13:53:05,Bureau,indoor
986939872,2020-03-11 13:58:06,Bureau,indoor
986939872,2020-03-11 14:03:06,Bureau,indoor
986939872,2020-03-11 14:08:07,Bureau,indoor
986939872,2020-03-11 14:13:07,Bureau,12.0
986939872,2020-03-11 14:18:07,Bureau,12.0
986939872,2020-03-11 14:28:07,Walk,Domicile
986939872,2020-03-11 14:33:07,Walk,Domicile
986939872,2020-03-11 14:38:08,Walk,Domicile
986939872,2020-03-11 14:43:09,Walk,Domicile
986939872,2020-03-11 14:48:09,Walk,Domicile
986939872,2020-03-11 14:53:09,Walk,Domicile
986939872,2020-03-11 14:58:55,Walk,Domicile
986939872,2020-03-11 15:03:56,Walk,Domicile
986939872,2020-03-11 15:29:44,Walk,Domicile
986939872,2020-03-11 15:39:48,Walk,Domicile
986939872,2020-03-12 07:33:49,Domicile,indoor
986939872,2020-03-12 07:38:49,Domicile,indoor
986939872,2020-03-12 07:43:49,Domicile,indoor
986939872,2020-03-12 07:48:49,Domicile,indoor
986939872,2020-03-12 07:53:50,Domicile,indoor
986939872,2020-03-12 07:58:51,Domicile,indoor
986939872,2020-03-12 08:03:52,Domicile,indoor
986939872,2020-03-12 08:08:53,Domicile,indoor
986939872,2020-03-12 08:13:53,Domicile,indoor
986939872,2020-03-12 08:19:08,Domicile,Bureau
986939872,2020-03-12 08:24:18,Domicile,Bureau
986939872,2020-03-12 08:34:22,Walk,Bureau
986939872,2020-03-12 08:39:23,Walk,Bureau
986939872,2020-03-12 08:44:23,Walk,Bureau
986939872,2020-03-12 08:49:23,Walk,Bureau
986939872,2020-03-12 08:59:23,pdp,Bureau
986939872,2020-03-12 09:09:24,Bureau,Bureau
986939872,2020-03-12 09:14:25,Bureau,Bureau
986939872,2020-03-12 09:19:26,Bureau,Bureau
986939872,2020-03-12 09:24:27,Bureau,Bureau
986939872,2020-03-12 09:29:40,Bureau,Bureau
986939872,2020-03-12 09:35:21,Bureau,Bureau
986939872,2020-03-12 09:40:38,Bureau,Bureau
986939872,2020-03-12 09:45:39,Bureau,Bureau
986939872,2020-03-12 09:50:39,Bureau,Bureau
986939872,2020-03-12 09:55:40,Bureau,Bureau
986939872,2020-03-12 10:00:48,Bureau,Bureau
986939872,2020-03-12 10:05:49,Bureau,Bureau
986939872,2020-03-12 10:10:49,Bureau,Bureau
986939872,2020-03-12 10:15:50,Bureau,Bureau
986939872,2020-03-12 10:20:51,Bureau,Bureau
986939872,2020-03-12 10:25:52,Bureau,Bureau
986939872,2020-03-12 10:30:52,Bureau,Bureau
986939872,2020-03-12 10:35:52,Bureau,Bureau
986939872,2020-03-12 10:40:58,Bureau,Bureau
986939872,2020-03-12 10:45:58,Bureau,Bureau
986939872,2020-03-12 10:50:59,Bureau,Bureau
986939872,2020-03-12 10:56:40,Bureau,Bureau
986939872,2020-03-12 11:01:41,Bureau,Bureau
986939872,2020-03-12 11:06:41,Bureau,Bureau
986939872,2020-03-12 11:11:42,Bureau,Bureau
986939872,2020-03-12 11:16:42,Bureau,Bureau
986939872,2020-03-12 11:21:44,Bureau,Bureau
986939872,2020-03-12 11:27:02,Bureau,Bureau
986939872,2020-03-12 11:32:08,Bureau,Bureau
986939872,2020-03-12 11:37:43,Bureau,Bureau
986939872,2020-03-12 11:43:02,Bureau,6.0
986939872,2020-03-12 11:55:55,Bureau,Bureau
986939872,2020-03-12 12:00:56,Bureau,Bureau
986939872,2020-03-12 12:07:29,Bureau,Bureau
986939872,2020-03-12 12:12:30,Bureau,Bureau
986939872,2020-03-12 12:17:30,Bureau,Bureau
986939872,2020-03-12 12:22:30,Bureau,Bureau
986939872,2020-03-12 12:28:30,Bureau,indoor
986939872,2020-03-12 12:33:31,Bureau,indoor
986939872,2020-03-12 12:38:31,Bureau,indoor
986939872,2020-03-12 12:44:53,Bureau,6.0
986939872,2020-03-12 12:50:32,Bureau,6.0
986939872,2020-03-12 12:59:38,Bureau,Bureau
986939872,2020-03-12 13:04:38,Bureau,Bureau
986939872,2020-03-12 13:09:38,Bureau,Bureau
986939872,2020-03-12 13:14:46,Bureau,Bureau
986939872,2020-03-12 13:19:47,Bureau,Bureau
986939872,2020-03-12 13:48:44,Magasin,6.0
986939872,2020-03-12 14:02:28,Voiture,6.0
986939872,2020-03-12 14:20:03,Bureau,6.0
986939872,2020-03-12 14:35:23,Bureau,6.0
986939872,2020-03-12 14:44:34,Bureau,indoor
986939872,2020-03-12 14:50:00,Bureau,6.0
986939872,2020-03-12 15:06:20,Bureau,6.0
986939872,2020-03-12 15:21:48,Bureau,6.0
986939872,2020-03-12 15:37:47,Bureau,6.0
986939872,2020-03-12 15:52:19,Bureau,6.0
986939872,2020-03-12 16:07:26,Bureau,6.0
986939872,2020-03-12 16:16:26,Bureau,indoor
986939872,2020-03-12 16:24:05,Bureau,6.0
986939872,2020-03-12 16:38:41,Bureau,6.0
986939872,2020-03-12 16:46:05,Bureau,indoor
986939872,2020-03-12 16:51:32,Bureau,indoor
986939872,2020-03-12 16:57:13,Bureau,indoor
986939872,2020-03-12 17:02:19,Bureau,indoor
986939872,2020-03-12 17:07:37,Bureau,indoor
986939872,2020-03-12 17:12:41,Bureau,6.0
986939872,2020-03-12 17:20:28,Bureau,indoor
986939872,2020-03-12 17:25:49,Bureau,indoor
986939872,2020-03-12 17:31:26,Bureau,6.0
986939872,2020-03-12 17:36:26,Bureau,6.0
986939872,2020-03-12 17:46:56,Bureau,Domicile
986939872,2020-03-12 17:51:56,Bureau,Domicile
986939872,2020-03-12 17:56:57,Bureau,Domicile
986939872,2020-03-12 18:01:57,Bureau,Domicile
986939872,2020-03-12 18:06:58,Bureau,Domicile
986939872,2020-03-12 18:11:59,Bureau,Domicile
986939872,2020-03-12 18:17:00,Bureau,Domicile
986939872,2020-03-12 18:22:01,Bureau,Domicile
986939872,2020-03-12 18:32:02,Walk,Domicile
986939872,2020-03-12 18:37:02,Walk,Domicile
986939872,2020-03-12 18:42:02,Walk,Domicile
986939872,2020-03-12 18:47:03,Walk,Domicile
986939872,2020-03-12 18:52:04,Walk,Domicile
986939872,2020-03-12 18:57:12,Walk,Domicile
986939872,2020-03-12 19:02:13,Walk,Domicile
986939872,2020-03-12 19:07:14,Walk,Domicile
986939872,2020-03-12 19:12:14,Walk,Domicile
986939872,2020-03-12 19:20:59,Walk,Domicile
986939872,2020-03-12 19:25:59,Walk,Domicile
986939872,2020-03-12 19:30:59,Walk,Domicile
986939872,2020-03-12 19:36:00,Walk,Domicile
986939872,2020-03-12 19:46:33,Vélo,Domicile
986939872,2020-03-12 19:56:11,Vélo,Domicile
986939872,2020-03-12 20:01:11,Vélo,Domicile
986939872,2020-03-12 20:06:12,Vélo,Domicile
986939872,2020-03-12 20:11:12,Vélo,Domicile
986939872,2020-03-12 20:16:12,Vélo,Domicile
986939872,2020-03-12 20:21:13,Vélo,Domicile
986939872,2020-03-12 20:26:14,Vélo,Domicile
986939872,2020-03-12 20:31:14,Vélo,Domicile
986939872,2020-03-12 20:36:14,Vélo,Domicile
986939872,2020-03-12 20:41:15,Vélo,Domicile
986939872,2020-03-12 20:46:16,Vélo,Domicile
986939872,2020-03-12 20:51:16,Vélo,Domicile
986939872,2020-03-12 20:56:17,Vélo,Domicile
986939872,2020-03-12 21:01:17,Vélo,Domicile
986939872,2020-03-12 21:06:18,Vélo,Domicile
986939872,2020-03-12 21:11:19,Vélo,Domicile
986939872,2020-03-12 21:16:20,Vélo,Domicile
986939872,2020-03-12 21:21:20,Vélo,Domicile
986939872,2020-03-12 21:26:21,Vélo,Domicile
986939872,2020-03-12 21:31:21,Vélo,Domicile
986939872,2020-03-12 21:36:21,Vélo,Domicile
986939872,2020-03-12 21:41:22,Vélo,Domicile
986939872,2020-03-12 21:46:23,Vélo,Domicile
986939872,2020-03-12 21:51:32,Vélo,Domicile
986939872,2020-03-12 21:57:44,Vélo,Domicile
986939872,2020-03-12 22:02:44,Vélo,Domicile
986939872,2020-03-12 22:09:50,Vélo,Domicile
986939872,2020-03-12 22:14:50,Vélo,Domicile
986939872,2020-03-12 22:19:50,Vélo,Domicile
986939872,2020-03-12 22:24:50,Vélo,Domicile
986939872,2020-03-12 22:29:50,Vélo,Domicile
986939872,2020-03-12 22:34:50,Vélo,Domicile
986939872,2020-03-12 22:39:50,Vélo,Domicile
986939872,2020-03-12 22:44:51,Vélo,Domicile
986939872,2020-03-12 22:49:52,Vélo,Domicile
986939872,2020-03-12 22:54:53,Vélo,Domicile
986939872,2020-03-12 22:59:54,Vélo,Domicile
986939872,2020-03-12 23:04:55,Vélo,Domicile
986939872,2020-03-12 23:09:56,Vélo,Domicile
986939872,2020-03-12 23:14:57,Vélo,Domicile
986939872,2020-03-12 23:19:58,Vélo,Domicile
986939872,2020-03-12 23:24:58,Vélo,Domicile
986939872,2020-03-12 23:29:59,Vélo,Domicile
986939872,2020-03-12 23:34:59,Vélo,Domicile
986939872,2020-03-12 23:40:00,Vélo,Domicile
986939872,2020-03-12 23:45:00,Vélo,Domicile
986939872,2020-03-12 23:50:01,Vélo,Domicile
986939872,2020-03-12 23:55:02,Vélo,Domicile
986939872,2020-03-13 00:00:02,Vélo,Domicile
986939872,2020-03-13 00:05:02,Vélo,Domicile
986939872,2020-03-13 00:10:03,Vélo,Domicile
986939872,2020-03-13 00:22:10,Vélo,Domicile
986939872,2020-03-13 00:27:10,Vélo,Domicile
986939872,2020-03-13 00:32:19,Vélo,Domicile
986939872,2020-03-13 00:37:19,Vélo,Domicile
986939872,2020-03-13 00:42:19,Vélo,Domicile
986939872,2020-03-13 00:47:19,Vélo,Domicile
986939872,2020-03-13 00:52:20,Vélo,Domicile
986939872,2020-03-13 00:57:21,Vélo,Domicile
986939872,2020-03-13 01:02:22,Vélo,Domicile
986939872,2020-03-13 01:07:22,Vélo,Domicile
986939872,2020-03-13 01:12:23,Vélo,Domicile
986939872,2020-03-13 01:17:24,Vélo,Domicile
986939872,2020-03-13 01:22:24,Vélo,Domicile
986939872,2020-03-13 01:27:24,Vélo,Domicile
986939872,2020-03-13 01:32:24,Vélo,Domicile
986939872,2020-03-13 01:37:24,Vélo,Domicile
986939872,2020-03-13 01:42:29,Vélo,Domicile
986939872,2020-03-13 01:47:29,Vélo,Domicile
986939872,2020-03-13 01:52:30,Vélo,Domicile
986939872,2020-03-13 01:57:30,Vélo,Domicile
986939872,2020-03-13 02:02:31,Vélo,Domicile
986939872,2020-03-13 02:07:32,Vélo,Domicile
986939872,2020-03-13 02:12:32,Vélo,Domicile
986939872,2020-03-13 02:17:33,Vélo,Domicile
986939872,2020-03-13 02:22:33,Vélo,Domicile
986939872,2020-03-13 02:27:33,Vélo,Domicile
986939872,2020-03-13 02:33:08,Vélo,Domicile
986939872,2020-03-13 02:38:09,Vélo,Domicile
986939872,2020-03-13 02:43:09,Vélo,Domicile
986939872,2020-03-13 02:48:09,Vélo,Domicile
986939872,2020-03-13 02:53:09,Vélo,Domicile
986939872,2020-03-13 03:03:11,Domicile,Domicile
986939872,2020-03-13 03:08:11,Domicile,Domicile
986939872,2020-03-13 03:13:11,Domicile,Domicile
986939872,2020-03-13 03:18:11,Domicile,Domicile
986939872,2020-03-13 03:23:12,Domicile,Domicile
986939872,2020-03-13 03:28:12,Domicile,Domicile
986939872,2020-03-13 03:33:13,Domicile,Domicile
986939872,2020-03-13 03:38:14,Domicile,Domicile
986939872,2020-03-13 03:43:15,Domicile,Domicile
986939872,2020-03-13 03:48:16,Domicile,Domicile
986939872,2020-03-13 03:53:16,Domicile,Domicile
986939872,2020-03-13 03:58:17,Domicile,Domicile
986939872,2020-03-13 04:04:05,Domicile,Domicile
986939872,2020-03-13 04:09:05,Domicile,Domicile
986939872,2020-03-13 04:14:06,Domicile,Domicile
986939872,2020-03-13 04:19:07,Domicile,Domicile
986939872,2020-03-13 04:24:08,Domicile,Domicile
986939872,2020-03-13 04:29:09,Domicile,Domicile
986939872,2020-03-13 04:34:09,Domicile,Domicile
986939872,2020-03-13 04:39:10,Domicile,Domicile
986939872,2020-03-13 04:44:10,Domicile,Domicile
986939872,2020-03-13 04:49:11,Domicile,Domicile
986939872,2020-03-13 04:54:11,Domicile,Domicile
986939872,2020-03-13 04:59:12,Domicile,Domicile
986939872,2020-03-13 05:04:13,Domicile,Domicile
986939872,2020-03-13 05:09:13,Domicile,Domicile
986939872,2020-03-13 05:14:14,Domicile,Domicile
986939872,2020-03-13 05:19:25,Domicile,Domicile
986939872,2020-03-13 05:24:25,Domicile,Domicile
986939872,2020-03-13 05:29:25,Domicile,Domicile
986939872,2020-03-13 05:34:25,Domicile,Domicile
986939872,2020-03-13 05:39:25,Domicile,Domicile
986939872,2020-03-13 05:44:25,Domicile,Domicile
986939872,2020-03-13 05:49:25,Domicile,Domicile
986939872,2020-03-13 05:55:48,Domicile,Domicile
986939872,2020-03-13 06:00:48,Domicile,Domicile
986939872,2020-03-13 06:06:23,Domicile,Domicile
986939872,2020-03-13 06:11:24,Domicile,Domicile
986939872,2020-03-13 06:17:02,Domicile,Domicile
986939872,2020-03-13 06:22:05,Domicile,Domicile
986939872,2020-03-13 06:27:05,Domicile,Domicile
986939872,2020-03-13 06:32:05,Domicile,Domicile
986939872,2020-03-13 06:37:05,Domicile,Domicile
986939872,2020-03-13 06:42:06,Domicile,Domicile
986939872,2020-03-13 06:47:06,Domicile,Domicile
986939872,2020-03-13 06:52:07,Domicile,Domicile
986939872,2020-03-13 06:57:07,Domicile,Domicile
986939872,2020-03-13 07:04:45,Domicile,Domicile
986939872,2020-03-13 07:16:38,Domicile,Domicile
986939872,2020-03-13 07:21:39,Domicile,Domicile
986939872,2020-03-13 07:28:30,Domicile,Domicile
986939872,2020-03-13 07:33:58,Domicile,Domicile
986939872,2020-03-13 07:38:58,Domicile,Domicile
986939872,2020-03-13 07:43:58,Domicile,Domicile
986939872,2020-03-13 07:48:58,Domicile,Domicile
986939872,2020-03-13 07:53:59,Domicile,indoor
986939872,2020-03-13 07:59:00,Domicile,indoor
986939872,2020-03-13 08:04:00,Domicile,indoor
986939872,2020-03-13 08:09:01,Domicile,indoor
986939872,2020-03-13 08:14:02,Domicile,indoor
986939872,2020-03-13 08:19:02,Domicile,indoor
986939872,2020-03-13 08:24:03,Domicile,indoor
986939872,2020-03-13 08:29:04,Domicile,indoor
986939872,2020-03-13 08:34:04,Domicile,indoor
986939872,2020-03-13 08:39:04,Domicile,indoor
986939872,2020-03-13 08:44:05,Domicile,indoor
986939872,2020-03-13 08:54:06,Walk,indoor
986939872,2020-03-13 08:59:06,Walk,indoor
986939872,2020-03-13 09:04:48,Walk,6.0
986939872,2020-03-13 09:17:12,Walk,Bureau
986939872,2020-03-13 09:22:13,Walk,Bureau
986939872,2020-03-13 09:27:13,Walk,Bureau
986939872,2020-03-13 09:32:13,Walk,Bureau
986939872,2020-03-13 09:37:13,Walk,Bureau
986939872,2020-03-13 09:42:26,Walk,Bureau
986939872,2020-03-13 09:47:26,Walk,Bureau
986939872,2020-03-13 09:52:27,Walk,Bureau
986939872,2020-03-13 10:02:28,Bureau,Bureau
986939872,2020-03-13 10:07:28,Bureau,Bureau
986939872,2020-03-13 10:12:29,Bureau,Bureau
986939872,2020-03-13 10:17:30,Bureau,Bureau
986939872,2020-03-13 10:22:31,Bureau,Bureau
986939872,2020-03-13 10:27:31,Bureau,Bureau
986939872,2020-03-13 10:32:31,Bureau,Bureau
986939872,2020-03-13 10:37:31,Bureau,Bureau
986939872,2020-03-13 10:42:31,Bureau,Bureau
986939872,2020-03-13 10:49:24,Bureau,Bureau
986939872,2020-03-13 10:54:25,Bureau,Bureau
986939872,2020-03-13 10:59:26,Bureau,Bureau
986939872,2020-03-13 11:04:27,Bureau,Bureau
986939872,2020-03-13 11:09:28,Bureau,Bureau
986939872,2020-03-13 11:14:28,Bureau,6.0
986939872,2020-03-13 11:19:28,Bureau,6.0
986939872,2020-03-13 11:24:29,Bureau,6.0
986939872,2020-03-13 11:30:04,Bureau,Bureau
986939872,2020-03-13 11:35:18,Bureau,Bureau
986939872,2020-03-13 11:40:19,Bureau,Bureau
986939872,2020-03-13 11:47:13,Bureau,6.0
986939872,2020-03-13 11:52:14,Bureau,6.0
986939872,2020-03-13 11:57:41,Bureau,6.0
986939872,2020-03-13 12:02:42,Bureau,Bureau
986939872,2020-03-13 12:07:42,Bureau,Bureau
986939872,2020-03-13 12:12:43,Bureau,Bureau
986939872,2020-03-13 12:17:44,Bureau,Bureau
986939872,2020-03-13 12:22:45,Bureau,Bureau
986939872,2020-03-13 12:27:46,Bureau,Bureau
986939872,2020-03-13 12:32:47,Bureau,Bureau
986939872,2020-03-13 12:37:48,Bureau,6.0
986939872,2020-03-13 12:42:48,Bureau,6.0
986939872,2020-03-13 12:47:48,Bureau,6.0
986939872,2020-03-13 12:52:57,Bureau,6.0
986939872,2020-03-13 12:57:57,Bureau,Bureau
986939872,2020-03-13 13:03:04,Bureau,Bureau
986939872,2020-03-13 13:08:05,Bureau,Bureau
986939872,2020-03-13 13:13:06,Bureau,Bureau
986939872,2020-03-13 13:20:33,Bureau,Bureau
986939872,2020-03-13 13:28:51,Bureau,Bureau
986939872,2020-03-13 13:36:46,Bureau,Bureau
986939872,2020-03-13 13:44:01,Bureau,Bureau
986939872,2020-03-13 13:59:48,Bureau,Bureau
986939872,2020-03-13 14:04:48,Bureau,Bureau
986939872,2020-03-13 14:09:48,Bureau,Bureau
986939872,2020-03-13 14:15:01,Bureau,Bureau
986939872,2020-03-13 14:20:02,Bureau,Bureau
986939872,2020-03-13 14:25:03,Bureau,Bureau
986939872,2020-03-13 14:30:03,Bureau,Bureau
986939872,2020-03-13 14:35:03,Bureau,Bureau
986939872,2020-03-13 14:40:03,Bureau,Bureau
986939872,2020-03-13 14:45:03,Bureau,Bureau
986939872,2020-03-13 14:50:03,Bureau,Bureau
986939872,2020-03-13 14:55:03,Bureau,Bureau
986939872,2020-03-13 15:00:04,Bureau,Bureau
986939872,2020-03-13 15:05:05,Bureau,Bureau
986939872,2020-03-13 15:10:05,Bureau,Bureau
986939872,2020-03-13 15:15:08,Bureau,6.0
986939872,2020-03-13 15:20:21,Bureau,6.0
986939872,2020-03-13 15:25:22,Bureau,6.0
986939872,2020-03-13 15:30:23,Bureau,Bureau
986939872,2020-03-13 15:35:24,Bureau,Bureau
986939872,2020-03-13 15:40:49,Bureau,Bureau
986939872,2020-03-13 15:45:49,Bureau,Bureau
986939872,2020-03-13 15:50:50,Bureau,Bureau
986939872,2020-03-13 15:55:50,Bureau,Bureau
986939872,2020-03-13 16:00:50,Bureau,Bureau
986939872,2020-03-13 16:05:51,Bureau,6.0
986939872,2020-03-13 16:10:51,Bureau,Bureau
986939872,2020-03-13 16:15:51,Bureau,Bureau
986939872,2020-03-13 16:20:52,Bureau,Bureau
986939872,2020-03-13 16:25:52,Bureau,Bureau
986939872,2020-03-13 16:30:53,Bureau,Bureau
986939872,2020-03-13 16:35:53,Bureau,Bureau
986939872,2020-03-13 16:41:01,Bureau,Bureau
986939872,2020-03-13 16:46:01,Bureau,Bureau
986939872,2020-03-13 16:51:02,Bureau,Bureau
986939872,2020-03-13 16:56:33,Bureau,Bureau
986939872,2020-03-13 17:02:01,Bureau,6.0
986939872,2020-03-13 17:07:02,Bureau,indoor
986939872,2020-03-13 17:12:03,Bureau,indoor
986939872,2020-03-13 17:17:03,Bureau,indoor
986939872,2020-03-13 17:22:04,Bureau,indoor
986939872,2020-03-13 17:27:05,Bureau,indoor
986939872,2020-03-13 17:32:05,Bureau,indoor
986939872,2020-03-13 17:37:06,Bureau,Domicile
986939872,2020-03-13 17:42:57,Bureau,Domicile
986939872,2020-03-13 17:47:58,Bureau,Domicile
986939872,2020-03-13 17:52:59,Bureau,Domicile
986939872,2020-03-13 18:08:01,Bus,Domicile
986939872,2020-03-13 18:15:15,Bus,Domicile
986939872,2020-03-13 18:20:16,Bus,Domicile
986939872,2020-03-13 18:30:16,Walk,Domicile
986939872,2020-03-13 18:35:52,Walk,Domicile
986939872,2020-03-13 18:40:53,Walk,Domicile
986939872,2020-03-13 18:50:23,Walk,Domicile
986939872,2020-03-13 18:55:23,Walk,Domicile
986939872,2020-03-13 19:00:23,Walk,Domicile
986939872,2020-03-13 19:05:24,Walk,Domicile
986939872,2020-03-13 19:10:24,Walk,Domicile
986939872,2020-03-13 19:17:23,Walk,Domicile
986939872,2020-03-13 19:22:23,Walk,Domicile
986939872,2020-03-13 19:28:25,Walk,Domicile
986939872,2020-03-13 19:34:27,Walk,Domicile
986939872,2020-03-13 19:39:27,Walk,Domicile
986939872,2020-03-13 19:44:27,Walk,Domicile
986939872,2020-03-13 19:49:27,Walk,Domicile
986939872,2020-03-13 19:59:27,Domicile,Domicile
986939872,2020-03-13 20:04:28,Domicile,Domicile
986939872,2020-03-13 20:09:29,Domicile,Domicile
986939872,2020-03-13 20:14:29,Domicile,Domicile
986939872,2020-03-13 20:19:29,Domicile,Domicile
986939872,2020-03-13 20:24:30,Domicile,Domicile
986939872,2020-03-13 20:29:30,Domicile,Domicile
986939872,2020-03-13 20:36:26,Domicile,Domicile
986939872,2020-03-13 20:41:26,Domicile,Domicile
986939872,2020-03-13 20:46:27,Domicile,Domicile
986939872,2020-03-13 20:51:27,Domicile,Domicile
986939872,2020-03-13 20:56:28,Domicile,Domicile
986939872,2020-03-13 21:01:29,Domicile,Domicile
986939872,2020-03-13 21:06:29,Domicile,Domicile
986939872,2020-03-13 21:11:29,Domicile,Domicile
986939872,2020-03-13 21:16:29,Domicile,Domicile
986939872,2020-03-13 21:21:29,Domicile,Domicile
986939872,2020-03-13 21:27:19,Domicile,Domicile
986939872,2020-03-13 21:32:19,Domicile,Domicile
986939872,2020-03-13 21:40:34,Domicile,Domicile
986939872,2020-03-13 21:45:35,Domicile,Domicile
986939872,2020-03-13 21:54:44,Domicile,Domicile
986939872,2020-03-13 22:05:32,Domicile,Domicile
986939872,2020-03-13 22:10:32,Domicile,Domicile
986939872,2020-03-13 22:15:33,Domicile,Domicile
986939872,2020-03-13 22:20:33,Domicile,Domicile
986939872,2020-03-13 22:25:34,Domicile,Domicile
986939872,2020-03-13 22:30:34,Domicile,Domicile
986939872,2020-03-13 22:35:34,Domicile,Domicile
986939872,2020-03-13 22:40:35,Domicile,Domicile
986939872,2020-03-13 22:45:35,Domicile,Domicile
986939872,2020-03-13 22:50:35,Domicile,Domicile
986939872,2020-03-13 22:55:35,Domicile,Domicile
986939872,2020-03-13 23:00:35,Domicile,Domicile
986939872,2020-03-13 23:05:35,Domicile,Domicile
986939872,2020-03-13 23:10:35,Domicile,Domicile
986939872,2020-03-13 23:15:36,Domicile,Domicile
986939872,2020-03-13 23:20:37,Domicile,Domicile
986939872,2020-03-13 23:25:37,Domicile,Domicile
986939872,2020-03-13 23:30:38,Domicile,Domicile
986939872,2020-03-13 23:35:39,Domicile,Domicile
986939872,2020-03-13 23:40:39,Domicile,Domicile
986939872,2020-03-13 23:45:39,Domicile,Domicile
986939872,2020-03-13 23:50:39,Domicile,Domicile
986939872,2020-03-13 23:55:40,Domicile,Domicile
986939872,2020-03-14 00:00:41,Domicile,Domicile
986939872,2020-03-14 00:05:41,Domicile,Domicile
986939872,2020-03-14 00:10:42,Domicile,Domicile
986939872,2020-03-14 00:15:42,Domicile,Domicile
986939872,2020-03-14 00:20:42,Domicile,Domicile
986939872,2020-03-14 00:25:43,Domicile,Domicile
986939872,2020-03-14 00:30:44,Domicile,Domicile
986939872,2020-03-14 00:35:45,Domicile,Domicile
986939872,2020-03-14 00:40:45,Domicile,Domicile
986939872,2020-03-14 00:45:45,Domicile,Domicile
986939872,2020-03-14 00:50:45,Domicile,Domicile
986939872,2020-03-14 00:55:45,Domicile,Domicile
986939872,2020-03-14 01:00:46,Domicile,Domicile
986939872,2020-03-14 01:05:46,Domicile,Domicile
986939872,2020-03-14 01:10:46,Domicile,Domicile
986939872,2020-03-14 01:15:46,Domicile,Domicile
986939872,2020-03-14 01:20:48,Domicile,Domicile
986939872,2020-03-14 01:25:48,Domicile,Domicile
986939872,2020-03-14 01:30:48,Domicile,Domicile
986939872,2020-03-14 01:35:48,Domicile,Domicile
986939872,2020-03-14 01:40:49,Domicile,Domicile
986939872,2020-03-14 01:45:49,Domicile,Domicile
986939872,2020-03-14 01:50:50,Domicile,Domicile
986939872,2020-03-14 01:55:51,Domicile,Domicile
986939872,2020-03-14 02:01:00,Domicile,Domicile
986939872,2020-03-14 02:06:01,Domicile,Domicile
986939872,2020-03-14 02:11:02,Domicile,Domicile
986939872,2020-03-14 02:16:03,Domicile,Domicile
986939872,2020-03-14 02:21:03,Domicile,Domicile
986939872,2020-03-14 02:26:03,Domicile,Domicile
986939872,2020-03-14 02:31:03,Domicile,Domicile
986939872,2020-03-14 02:36:04,Domicile,Domicile
986939872,2020-03-14 02:41:04,Domicile,Domicile
986939872,2020-03-14 02:46:04,Domicile,Domicile
986939872,2020-03-14 02:51:04,Domicile,Domicile
986939872,2020-03-14 02:56:04,Domicile,Domicile
986939872,2020-03-14 03:01:04,Domicile,Domicile
986939872,2020-03-14 03:06:07,Domicile,Domicile
986939872,2020-03-14 03:11:08,Domicile,Domicile
986939872,2020-03-14 03:16:14,Domicile,Domicile
986939872,2020-03-14 03:21:15,Domicile,Domicile
986939872,2020-03-14 03:26:15,Domicile,Domicile
986939872,2020-03-14 03:31:15,Domicile,Domicile
986939872,2020-03-14 03:36:16,Domicile,Domicile
986939872,2020-03-14 03:41:16,Domicile,Domicile
986939872,2020-03-14 03:46:16,Domicile,Domicile
986939872,2020-03-14 03:51:41,Domicile,Domicile
986939872,2020-03-14 03:56:42,Domicile,Domicile
986939872,2020-03-14 04:01:43,Domicile,Domicile
986939872,2020-03-14 04:06:43,Domicile,Domicile
986939872,2020-03-14 04:12:44,Domicile,Domicile
986939872,2020-03-14 04:17:45,Domicile,Domicile
986939872,2020-03-14 04:22:45,Domicile,Domicile
986939872,2020-03-14 04:27:45,Domicile,Domicile
986939872,2020-03-14 04:32:46,Domicile,Domicile
986939872,2020-03-14 04:37:47,Domicile,Domicile
986939872,2020-03-14 04:42:47,Domicile,Domicile
986939872,2020-03-14 04:47:47,Domicile,Domicile
986939872,2020-03-14 04:55:52,Domicile,Domicile
986939872,2020-03-14 05:31:07,Domicile,Domicile
986939872,2020-03-14 05:36:07,Domicile,Domicile
986939872,2020-03-14 05:41:25,Domicile,Domicile
986939872,2020-03-14 05:48:05,Domicile,Domicile
986939872,2020-03-14 05:53:06,Domicile,Domicile
986939872,2020-03-14 05:58:07,Domicile,Domicile
986939872,2020-03-14 06:03:08,Domicile,Domicile
986939872,2020-03-14 06:08:09,Domicile,Domicile
986939872,2020-03-14 06:29:24,Domicile,Domicile
986939872,2020-03-14 06:34:28,Domicile,Domicile
986939872,2020-03-14 06:39:29,Domicile,Domicile
986939872,2020-03-14 06:44:29,Domicile,Domicile
986939872,2020-03-14 06:49:29,Domicile,Domicile
986939872,2020-03-14 06:56:08,Domicile,Domicile
986939872,2020-03-14 07:01:08,Domicile,Domicile
986939872,2020-03-14 07:06:09,Domicile,Domicile
986939872,2020-03-14 07:11:10,Domicile,Domicile
986939872,2020-03-14 07:16:11,Domicile,Domicile
986939872,2020-03-14 07:21:12,Domicile,Domicile
986939872,2020-03-14 07:26:35,Domicile,Domicile
986939872,2020-03-14 07:31:53,Domicile,Domicile
986939872,2020-03-14 07:37:19,Domicile,Domicile
986939872,2020-03-14 07:43:15,Domicile,Domicile
986939872,2020-03-14 07:48:15,Domicile,Domicile
986939872,2020-03-14 07:53:15,Domicile,Domicile
986939872,2020-03-14 07:59:22,Domicile,Domicile
986939872,2020-03-14 08:04:23,Domicile,Domicile
986939872,2020-03-14 08:09:23,Domicile,Domicile
986939872,2020-03-14 08:14:24,Domicile,Domicile
986939872,2020-03-14 08:19:25,Domicile,Domicile
986939872,2020-03-14 08:24:29,Domicile,Domicile
986939872,2020-03-14 08:29:29,Domicile,Domicile
986939872,2020-03-14 08:34:39,Domicile,Domicile
986939872,2020-03-14 08:39:39,Domicile,Domicile
986939872,2020-03-14 08:44:40,Domicile,Domicile
986939872,2020-03-14 08:49:41,Domicile,indoor
986939872,2020-03-14 08:54:42,Domicile,indoor
986939872,2020-03-14 09:02:45,Domicile,indoor
986939872,2020-03-14 09:07:45,Domicile,indoor
986939872,2020-03-14 09:12:46,Domicile,indoor
986939872,2020-03-14 09:17:47,Domicile,indoor
986939872,2020-03-14 09:22:47,Domicile,indoor
986939872,2020-03-14 09:27:48,Domicile,indoor
986939872,2020-03-14 09:32:48,Domicile,indoor
986939872,2020-03-14 09:37:49,Domicile,indoor
986939872,2020-03-14 09:42:55,Domicile,indoor
986939872,2020-03-14 09:57:57,Gare,indoor
986939872,2020-03-14 10:07:58,Voiture,Voiture
986939872,2020-03-14 10:12:58,Voiture,Voiture
986939872,2020-03-14 10:17:59,Voiture,Voiture
986939872,2020-03-14 10:23:00,Voiture,indoor
986939872,2020-03-14 10:28:00,Voiture,indoor
986939872,2020-03-14 10:33:00,Voiture,Voiture
986939872,2020-03-14 10:38:00,Voiture,Voiture
986939872,2020-03-14 10:43:00,Voiture,Voiture
986939872,2020-03-14 10:48:00,Voiture,Voiture
986939872,2020-03-14 10:53:00,Voiture,Voiture
986939872,2020-03-14 10:58:01,Voiture,Voiture
986939872,2020-03-14 11:03:01,Voiture,8.0
986939872,2020-03-14 11:13:03,Domicile,8.0
986939872,2020-03-14 11:18:03,Domicile,8.0
986939872,2020-03-14 11:23:03,Domicile,8.0
986939872,2020-03-14 11:28:03,Domicile,8.0
986939872,2020-03-14 11:33:04,Domicile,8.0
986939872,2020-03-14 11:43:04,Voiture,8.0
986939872,2020-03-14 11:48:04,Voiture,Voiture
986939872,2020-03-14 11:53:04,Voiture,7.0
986939872,2020-03-14 11:58:04,Voiture,7.0
986939872,2020-03-14 12:08:04,Magasin,7.0
986939872,2020-03-14 12:13:04,Magasin,7.0
986939872,2020-03-14 12:18:05,Magasin,7.0
986939872,2020-03-14 12:23:05,Magasin,7.0
986939872,2020-03-14 12:28:05,Magasin,7.0
986939872,2020-03-14 12:33:06,Magasin,7.0
986939872,2020-03-14 12:38:06,Magasin,7.0
986939872,2020-03-14 12:58:07,Restaurant,7.0
986939872,2020-03-14 13:03:08,Restaurant,7.0
986939872,2020-03-14 13:13:09,Restaurant,9.0
986939872,2020-03-14 13:18:10,Restaurant,9.0
986939872,2020-03-14 13:23:11,Restaurant,9.0
986939872,2020-03-14 13:28:12,Restaurant,9.0
986939872,2020-03-14 13:33:13,Restaurant,9.0
986939872,2020-03-14 13:38:14,Restaurant,9.0
986939872,2020-03-14 13:43:15,Restaurant,indoor
986939872,2020-03-14 13:48:15,Restaurant,indoor
986939872,2020-03-14 13:53:15,Restaurant,indoor
986939872,2020-03-14 13:58:15,Restaurant,Voiture
986939872,2020-03-14 14:13:16,Voiture,10.0
986939872,2020-03-14 14:18:17,Voiture,10.0
986939872,2020-03-14 14:23:18,Voiture,10.0
986939872,2020-03-14 14:28:18,Voiture,10.0
986939872,2020-03-14 14:33:18,Voiture,10.0
986939872,2020-03-14 14:38:18,Voiture,10.0
986939872,2020-03-14 14:43:18,Voiture,Domicile
986939872,2020-03-14 14:48:18,Voiture,Domicile
986939872,2020-03-14 14:53:19,Voiture,Domicile
986939872,2020-03-14 14:58:19,Voiture,Domicile
986939872,2020-03-14 15:03:20,Voiture,Domicile
986939872,2020-03-14 15:08:20,Voiture,Domicile
986939872,2020-03-14 15:18:20,Magasin,Domicile
986939872,2020-03-14 15:23:21,Magasin,Domicile
986939872,2020-03-14 15:28:22,Magasin,Domicile
986939872,2020-03-14 15:33:22,Magasin,Domicile
986939872,2020-03-14 15:43:24,Domicile,Domicile
986939872,2020-03-14 15:48:24,Domicile,Domicile
986939872,2020-03-14 15:53:24,Domicile,Domicile
986939872,2020-03-14 15:58:24,Domicile,Domicile
986939872,2020-03-14 16:03:24,Domicile,Domicile
986939872,2020-03-14 16:08:25,Domicile,Domicile
986939872,2020-03-14 16:13:26,Domicile,Domicile
986939872,2020-03-14 16:18:27,Domicile,Domicile
986939872,2020-03-14 16:23:27,Domicile,Domicile
986939872,2020-03-14 16:28:27,Domicile,Domicile
986939872,2020-03-14 16:33:28,Domicile,Domicile
986939872,2020-03-14 16:38:28,Domicile,Domicile
986939872,2020-03-14 16:43:28,Domicile,Domicile
986939872,2020-03-14 16:48:28,Domicile,Domicile
986939872,2020-03-14 16:53:28,Domicile,Domicile
986939872,2020-03-14 16:58:28,Domicile,Domicile
986939872,2020-03-14 17:03:28,Domicile,Domicile
986939872,2020-03-14 17:08:29,Domicile,Domicile
986939872,2020-03-14 17:13:29,Domicile,Domicile
986939872,2020-03-14 17:18:29,Domicile,Domicile
986939872,2020-03-14 17:23:29,Domicile,Domicile
986939872,2020-03-14 17:28:29,Domicile,Domicile
986939872,2020-03-14 17:33:30,Domicile,Domicile
986939872,2020-03-14 17:38:30,Domicile,Domicile
986939872,2020-03-14 17:43:30,Domicile,Domicile
986939872,2020-03-14 17:48:30,Domicile,Domicile
986939872,2020-03-14 17:53:31,Domicile,Domicile
986939872,2020-03-14 17:58:31,Domicile,Domicile
986939872,2020-03-14 18:03:31,Domicile,Domicile
986939872,2020-03-14 18:08:31,Domicile,Domicile
986939872,2020-03-14 18:13:31,Domicile,Domicile
986939872,2020-03-14 18:18:31,Domicile,Domicile
986939872,2020-03-14 18:23:32,Domicile,Domicile
986939872,2020-03-14 18:28:33,Domicile,Domicile
986939872,2020-03-14 18:33:34,Domicile,Domicile
986939872,2020-03-14 18:38:35,Domicile,Domicile
986939872,2020-03-14 18:43:36,Domicile,Domicile
986939872,2020-03-14 18:48:37,Domicile,Domicile
986939872,2020-03-14 18:53:37,Domicile,Domicile
986939872,2020-03-14 18:58:38,Domicile,Domicile
986939872,2020-03-14 19:03:39,Domicile,Domicile
986939872,2020-03-14 19:08:40,Domicile,Domicile
986939872,2020-03-14 19:13:40,Domicile,Domicile
986939872,2020-03-14 19:18:41,Domicile,Domicile
986939872,2020-03-14 19:23:41,Domicile,Domicile
986939872,2020-03-14 19:28:42,Domicile,Domicile
986939872,2020-03-14 19:33:42,Domicile,Domicile
986939872,2020-03-14 19:38:43,Domicile,Domicile
986939872,2020-03-14 19:43:43,Domicile,Domicile
986939872,2020-03-14 19:48:43,Domicile,Domicile
986939872,2020-03-14 19:53:43,Domicile,Domicile
986939872,2020-03-14 19:58:43,Domicile,Domicile
986939872,2020-03-14 20:03:43,Domicile,Domicile
986939872,2020-03-14 20:08:44,Domicile,Domicile
986939872,2020-03-14 20:13:44,Domicile,Domicile
986939872,2020-03-14 20:18:44,Domicile,Domicile
986939872,2020-03-14 20:23:45,Domicile,Domicile
986939872,2020-03-14 20:28:45,Domicile,Domicile
986939872,2020-03-14 20:33:45,Domicile,Domicile
986939872,2020-03-14 20:38:46,Domicile,Domicile
986939872,2020-03-14 20:43:46,Domicile,Domicile
986939872,2020-03-14 20:48:46,Domicile,Domicile
986939872,2020-03-14 20:53:47,Domicile,Domicile
986939872,2020-03-14 20:58:47,Domicile,Domicile
986939872,2020-03-14 21:03:48,Domicile,Domicile
986939872,2020-03-14 21:08:48,Domicile,Domicile
986939872,2020-03-14 21:13:48,Domicile,Domicile
986939872,2020-03-14 21:18:48,Domicile,Domicile
986939872,2020-03-14 21:23:48,Domicile,Domicile
986939872,2020-03-14 21:28:48,Domicile,Domicile
986939872,2020-03-14 21:33:48,Domicile,Domicile
986939872,2020-03-14 21:38:48,Domicile,Domicile
986939872,2020-03-14 21:43:48,Domicile,Domicile
986939872,2020-03-14 21:48:48,Domicile,Domicile
986939872,2020-03-14 21:53:48,Domicile,Domicile
986939872,2020-03-14 21:58:49,Domicile,Domicile
986939872,2020-03-14 22:03:50,Domicile,Domicile
986939872,2020-03-14 22:08:50,Domicile,Domicile
986939872,2020-03-14 22:13:50,Domicile,Domicile
986939872,2020-03-14 22:18:50,Domicile,Domicile
986939872,2020-03-14 22:23:50,Domicile,Domicile
986939872,2020-03-14 22:28:50,Domicile,Domicile
986939872,2020-03-14 22:33:50,Domicile,Domicile
986939872,2020-03-14 22:38:50,Domicile,Domicile
986939872,2020-03-14 22:43:51,Domicile,Domicile
986939872,2020-03-14 22:48:51,Domicile,Domicile
986939872,2020-03-14 22:53:51,Domicile,Domicile
986939872,2020-03-14 22:58:52,Domicile,Domicile
986939872,2020-03-14 23:03:53,Domicile,Domicile
986939872,2020-03-14 23:08:53,Domicile,Domicile
986939872,2020-03-14 23:13:53,Domicile,Domicile
986939872,2020-03-14 23:18:54,Domicile,Domicile
986939872,2020-03-14 23:23:54,Domicile,Domicile
986939872,2020-03-14 23:28:55,Domicile,Domicile
986939872,2020-03-14 23:33:56,Domicile,Domicile
986939872,2020-03-14 23:38:56,Domicile,Domicile
986939872,2020-03-14 23:43:56,Domicile,Domicile
986939872,2020-03-14 23:48:57,Domicile,Domicile
986939872,2020-03-14 23:53:57,Domicile,Domicile
986939872,2020-03-14 23:58:57,Domicile,Domicile
986939872,2020-03-15 00:03:58,Domicile,Domicile
986939872,2020-03-15 00:08:58,Domicile,Domicile
986939872,2020-03-15 00:13:58,Domicile,Domicile
986939872,2020-03-15 00:18:58,Domicile,Domicile
986939872,2020-03-15 00:23:58,Domicile,Domicile
986939872,2020-03-15 00:28:58,Domicile,Domicile
986939872,2020-03-15 00:33:58,Domicile,Domicile
986939872,2020-03-15 00:38:58,Domicile,Domicile
986939872,2020-03-15 00:43:58,Domicile,Domicile
986939872,2020-03-15 00:48:58,Domicile,Domicile
986939872,2020-03-15 00:53:59,Domicile,Domicile
986939872,2020-03-15 00:59:00,Domicile,Domicile
986939872,2020-03-15 01:04:00,Domicile,Domicile
986939872,2020-03-15 01:09:01,Domicile,Domicile
986939872,2020-03-15 01:14:01,Domicile,Domicile
986939872,2020-03-15 01:19:02,Domicile,Domicile
986939872,2020-03-15 01:24:02,Domicile,Domicile
986939872,2020-03-15 01:29:02,Domicile,Domicile
986939872,2020-03-15 01:34:03,Domicile,Domicile
986939872,2020-03-15 01:39:03,Domicile,Domicile
986939872,2020-03-15 01:44:03,Domicile,Domicile
986939872,2020-03-15 01:49:03,Domicile,Domicile
986939872,2020-03-15 01:54:03,Domicile,Domicile
986939872,2020-03-15 01:59:04,Domicile,Domicile
986939872,2020-03-15 02:04:04,Domicile,Domicile
986939872,2020-03-15 02:09:04,Domicile,Domicile
986939872,2020-03-15 02:14:04,Domicile,Domicile
986939872,2020-03-15 02:19:04,Domicile,Domicile
986939872,2020-03-15 02:24:04,Domicile,Domicile
986939872,2020-03-15 02:29:04,Domicile,Domicile
986939872,2020-03-15 02:34:05,Domicile,Domicile
986939872,2020-03-15 02:39:05,Domicile,Domicile
986939872,2020-03-15 02:44:05,Domicile,Domicile
986939872,2020-03-15 02:49:05,Domicile,Domicile
986939872,2020-03-15 02:54:05,Domicile,Domicile
986939872,2020-03-15 02:59:06,Domicile,Domicile
986939872,2020-03-15 03:04:06,Domicile,Domicile
986939872,2020-03-15 03:09:06,Domicile,Domicile
986939872,2020-03-15 03:14:07,Domicile,Domicile
986939872,2020-03-15 03:19:07,Domicile,Domicile
986939872,2020-03-15 03:24:08,Domicile,Domicile
986939872,2020-03-15 03:29:08,Domicile,Domicile
986939872,2020-03-15 03:34:09,Domicile,Domicile
986939872,2020-03-15 03:39:09,Domicile,Domicile
986939872,2020-03-15 03:44:10,Domicile,Domicile
986939872,2020-03-15 03:49:10,Domicile,Domicile
986939872,2020-03-15 03:54:11,Domicile,Domicile
986939872,2020-03-15 03:59:11,Domicile,Domicile
986939872,2020-03-15 04:04:11,Domicile,Domicile
986939872,2020-03-15 04:09:11,Domicile,Domicile
986939872,2020-03-15 04:14:11,Domicile,Domicile
986939872,2020-03-15 04:19:11,Domicile,Domicile
986939872,2020-03-15 04:24:11,Domicile,Domicile
986939872,2020-03-15 04:29:12,Domicile,Domicile
986939872,2020-03-15 04:34:13,Domicile,Domicile
986939872,2020-03-15 04:39:13,Domicile,Domicile
986939872,2020-03-15 04:44:14,Domicile,Domicile
986939872,2020-03-15 04:49:15,Domicile,Domicile
986939872,2020-03-15 04:54:15,Domicile,Domicile
986939872,2020-03-15 04:59:15,Domicile,Domicile
986939872,2020-03-15 05:04:16,Domicile,Domicile
986939872,2020-03-15 05:09:17,Domicile,Domicile
986939872,2020-03-15 05:14:17,Domicile,Domicile
986939872,2020-03-15 05:19:18,Domicile,Domicile
986939872,2020-03-15 05:24:18,Domicile,Domicile
986939872,2020-03-15 05:29:19,Domicile,Domicile
986939872,2020-03-15 05:34:20,Domicile,Domicile
986939872,2020-03-15 05:39:20,Domicile,Domicile
986939872,2020-03-15 05:44:20,Domicile,Domicile
986939872,2020-03-15 05:49:21,Domicile,Domicile
986939872,2020-03-15 05:54:21,Domicile,Domicile
986939872,2020-03-15 05:59:21,Domicile,Domicile
986939872,2020-03-15 06:04:21,Domicile,Domicile
986939872,2020-03-15 06:09:21,Domicile,Domicile
986939872,2020-03-15 06:14:21,Domicile,Domicile
986939872,2020-03-15 06:19:21,Domicile,Domicile
986939872,2020-03-15 06:24:21,Domicile,Domicile
986939872,2020-03-15 06:29:21,Domicile,Domicile
986939872,2020-03-15 06:34:22,Domicile,Domicile
986939872,2020-03-15 06:39:22,Domicile,Domicile
986939872,2020-03-15 06:44:22,Domicile,Domicile
986939872,2020-03-15 06:49:22,Domicile,Domicile
986939872,2020-03-15 06:54:22,Domicile,Domicile
986939872,2020-03-15 06:59:22,Domicile,Domicile
986939872,2020-03-15 07:04:22,Domicile,Domicile
986939872,2020-03-15 07:09:22,Domicile,Domicile
986939872,2020-03-15 07:14:22,Domicile,Domicile
986939872,2020-03-15 07:19:22,Domicile,Domicile
986939872,2020-03-15 07:24:22,Domicile,Domicile
986939872,2020-03-15 07:29:23,Domicile,Domicile
986939872,2020-03-15 07:34:23,Domicile,Domicile
986939872,2020-03-15 07:39:23,Domicile,Domicile
986939872,2020-03-15 07:44:23,Domicile,Domicile
986939872,2020-03-15 07:49:24,Domicile,Domicile
986939872,2020-03-15 07:54:25,Domicile,Domicile
986939872,2020-03-15 07:59:25,Domicile,Domicile
986939872,2020-03-15 08:04:25,Domicile,Domicile
986939872,2020-03-15 08:09:25,Domicile,Domicile
986939872,2020-03-15 08:14:26,Domicile,Domicile
986939872,2020-03-15 08:19:26,Domicile,Domicile
986939872,2020-03-15 08:24:27,Domicile,Domicile
986939872,2020-03-15 08:29:27,Domicile,Domicile
986939872,2020-03-15 08:34:27,Domicile,Domicile
986939872,2020-03-15 08:39:27,Domicile,Domicile
986939872,2020-03-15 08:44:27,Domicile,Domicile
986939872,2020-03-15 08:49:27,Domicile,Domicile
986939872,2020-03-15 08:54:27,Domicile,Domicile
986939872,2020-03-15 08:59:27,Domicile,Domicile
986939872,2020-03-15 09:04:28,Domicile,Domicile
986939872,2020-03-15 09:09:28,Domicile,Domicile
986939872,2020-03-15 09:14:28,Domicile,Domicile
986939872,2020-03-15 09:19:28,Domicile,Domicile
986939872,2020-03-15 09:24:29,Domicile,Domicile
986939872,2020-03-15 09:29:29,Domicile,Domicile
986939872,2020-03-15 09:34:30,Domicile,Domicile
986939872,2020-03-15 09:39:30,Domicile,Domicile
986939872,2020-03-15 09:44:30,Domicile,Domicile
986939872,2020-03-15 09:49:31,Domicile,Domicile
986939872,2020-03-15 09:54:31,Domicile,Domicile
986939872,2020-03-15 09:59:31,Domicile,Domicile
986939872,2020-03-15 10:04:32,Domicile,Domicile
986939872,2020-03-15 10:09:32,Domicile,Domicile
986939872,2020-03-15 10:14:32,Domicile,Domicile
986939872,2020-03-15 10:19:32,Domicile,Domicile
986939872,2020-03-15 10:24:32,Domicile,Domicile
986939872,2020-03-15 10:29:32,Domicile,Domicile
986939872,2020-03-15 10:34:32,Domicile,Domicile
986939872,2020-03-15 10:39:32,Domicile,Domicile
986939872,2020-03-15 10:44:32,Domicile,Domicile
986939872,2020-03-15 10:49:32,Domicile,Domicile
986939872,2020-03-15 10:54:32,Domicile,Domicile
986939872,2020-03-15 10:59:32,Domicile,Domicile
986939872,2020-03-15 11:04:32,Domicile,Domicile
986939872,2020-03-15 11:09:33,Domicile,Domicile
986939872,2020-03-15 11:14:33,Domicile,Domicile
986939872,2020-03-15 11:19:33,Domicile,Domicile
986939872,2020-03-15 11:24:33,Domicile,Domicile
986939872,2020-03-15 11:29:33,Domicile,Domicile
986939872,2020-03-15 11:34:33,Domicile,Domicile
986939872,2020-03-15 11:39:33,Domicile,Domicile
986939872,2020-03-15 11:44:34,Domicile,Domicile
986939872,2020-03-15 11:49:34,Domicile,Domicile
986939872,2020-03-15 11:54:34,Domicile,Domicile
986939872,2020-03-15 11:59:35,Domicile,Domicile
986939872,2020-03-15 12:04:35,Domicile,Domicile
986939872,2020-03-15 12:09:35,Domicile,Domicile
986939872,2020-03-15 12:14:36,Domicile,Domicile
986939872,2020-03-15 12:19:37,Domicile,Domicile
986939872,2020-03-15 12:24:37,Domicile,Domicile
986939872,2020-03-15 12:29:38,Domicile,Domicile
986939872,2020-03-15 12:34:38,Domicile,Domicile
986939872,2020-03-15 12:39:38,Domicile,Domicile
986939872,2020-03-15 12:44:39,Domicile,Domicile
986939872,2020-03-15 12:49:40,Domicile,Domicile
986939872,2020-03-15 12:54:40,Domicile,Domicile
986939872,2020-03-15 12:59:40,Domicile,Domicile
986939872,2020-03-15 13:04:40,Domicile,Domicile
986939872,2020-03-15 13:09:40,Domicile,Domicile
986939872,2020-03-15 13:14:40,Domicile,Domicile
986939872,2020-03-15 13:19:40,Domicile,Domicile
986939872,2020-03-15 13:24:40,Domicile,Domicile
986939872,2020-03-15 13:29:40,Domicile,Domicile
986939872,2020-03-15 13:34:40,Domicile,Domicile
986939872,2020-03-15 13:39:41,Domicile,Domicile
986939872,2020-03-15 13:44:41,Domicile,Domicile
986939872,2020-03-15 13:49:41,Domicile,Domicile
986939872,2020-03-15 13:54:42,Domicile,Domicile
986939872,2020-03-15 13:59:42,Domicile,Domicile
986939872,2020-03-15 14:04:42,Domicile,Domicile
986939872,2020-03-15 14:09:43,Domicile,Domicile
986939872,2020-03-15 14:14:44,Domicile,Domicile
986939872,2020-03-15 14:19:45,Domicile,Domicile
986939872,2020-03-15 14:24:45,Domicile,Domicile
986939872,2020-03-15 14:29:46,Domicile,Domicile
986939872,2020-03-15 14:34:47,Domicile,Domicile
986939872,2020-03-15 14:39:47,Domicile,Domicile
986939872,2020-03-15 14:44:47,Domicile,Domicile
986939872,2020-03-15 14:49:47,Domicile,Domicile
986939872,2020-03-15 14:54:47,Domicile,indoor
986939872,2020-03-15 14:59:48,Domicile,indoor
986939872,2020-03-15 15:04:48,Domicile,indoor
986939872,2020-03-15 15:09:48,Domicile,indoor
986939872,2020-03-15 15:14:48,Domicile,indoor
986939872,2020-03-15 15:19:48,Domicile,indoor
986939872,2020-03-15 15:24:48,Domicile,indoor
986939872,2020-03-15 15:29:49,Domicile,indoor
986939872,2020-03-15 15:34:49,Domicile,indoor
986939872,2020-03-15 15:39:50,Domicile,indoor
986939872,2020-03-15 15:47:33,Domicile,indoor
986939872,2020-03-15 15:52:33,Domicile,indoor
986939872,2020-03-15 15:59:32,Domicile,indoor
986939872,2020-03-15 16:04:33,Domicile,indoor
986939872,2020-03-15 16:09:33,Domicile,indoor
986939872,2020-03-15 16:14:33,Domicile,indoor
986939872,2020-03-15 16:24:38,Voiture,Voiture
986939872,2020-03-15 16:29:39,Voiture,indoor
986939872,2020-03-15 16:35:34,Voiture,Domicile
986939872,2020-03-15 16:45:28,Voiture,Domicile
986939872,2020-03-15 16:54:11,Voiture,Domicile
986939872,2020-03-15 16:59:56,Voiture,Domicile
986939872,2020-03-15 17:04:58,Voiture,Domicile
986939872,2020-03-16 07:51:19,Domicile,indoor
986939872,2020-03-16 07:56:20,Domicile,indoor
986939872,2020-03-16 08:01:20,Domicile,indoor
986939872,2020-03-16 08:06:21,Domicile,indoor
986939872,2020-03-16 08:11:22,Domicile,indoor
986939872,2020-03-16 08:16:22,Domicile,indoor
986939872,2020-03-16 08:21:22,Domicile,indoor
986939872,2020-03-16 08:26:23,Domicile,indoor
986939872,2020-03-16 08:31:24,Domicile,indoor
986939872,2020-03-16 08:36:25,Domicile,11.0
986939872,2020-03-16 08:41:25,Domicile,indoor
986939872,2020-03-16 08:51:29,Walk,indoor
986939872,2020-03-16 08:56:29,Walk,indoor
986939872,2020-03-16 09:01:30,Walk,6.0
986939872,2020-03-16 09:06:31,Walk,6.0
986939872,2020-03-16 09:11:32,Walk,Bureau
986939872,2020-03-16 09:16:32,Walk,Bureau
986939872,2020-03-16 09:21:33,Walk,Bureau
986939872,2020-03-16 09:26:42,Walk,Bureau
986939872,2020-03-16 09:31:43,Walk,Bureau
986939872,2020-03-16 09:36:43,Walk,Bureau
986939872,2020-03-16 09:41:43,Walk,Bureau
986939872,2020-03-16 09:46:44,Walk,Bureau
986939872,2020-03-16 09:51:44,Walk,Bureau
986939872,2020-03-16 10:01:45,Bureau,Bureau
986939872,2020-03-16 10:06:46,Bureau,Bureau
986939872,2020-03-16 10:11:47,Bureau,Bureau
986939872,2020-03-16 10:16:52,Bureau,Bureau
986939872,2020-03-16 10:21:56,Bureau,Bureau
986939872,2020-03-16 10:28:24,Bureau,Bureau
986939872,2020-03-16 10:33:26,Bureau,Bureau
986939872,2020-03-16 10:42:12,Bureau,Bureau
986939872,2020-03-16 10:49:28,Bureau,Bureau
986939872,2020-03-16 10:54:28,Bureau,Bureau
986939872,2020-03-16 10:59:29,Bureau,Bureau
986939872,2020-03-16 11:04:30,Bureau,Bureau
986939872,2020-03-16 11:17:15,Bureau,6.0
986939872,2020-03-16 11:22:15,Bureau,6.0
986939872,2020-03-16 11:27:15,Bureau,6.0
986939872,2020-03-16 11:33:00,Bureau,6.0
986939872,2020-03-16 11:38:01,Bureau,6.0
986939872,2020-03-16 11:43:01,Bureau,6.0
986939872,2020-03-16 11:48:02,Bureau,6.0
986939872,2020-03-16 11:53:02,Bureau,6.0
986939872,2020-03-16 11:58:02,Bureau,6.0
986939872,2020-03-16 12:03:03,Bureau,6.0
986939872,2020-03-16 12:08:04,Bureau,Bureau
986939872,2020-03-16 12:13:05,Bureau,Bureau
986939872,2020-03-16 12:18:48,Bureau,Bureau
986939872,2020-03-16 12:24:49,Bureau,Bureau
986939872,2020-03-16 12:29:50,Bureau,Bureau
986939872,2020-03-16 12:34:50,Bureau,Bureau
986939872,2020-03-16 12:39:50,Bureau,Bureau
986939872,2020-03-16 12:44:51,Bureau,Bureau
986939872,2020-03-16 12:50:15,Bureau,Bureau
986939872,2020-03-16 12:55:15,Bureau,Bureau
986939872,2020-03-16 13:00:28,Bureau,Bureau
986939872,2020-03-16 13:05:29,Bureau,Bureau
986939872,2020-03-16 13:10:46,Bureau,Bureau
986939872,2020-03-16 13:15:46,Bureau,Bureau
986939872,2020-03-16 13:20:47,Bureau,Bureau
986939872,2020-03-16 13:25:53,Bureau,Bureau
986939872,2020-03-16 13:37:53,Bureau,Bureau
986939872,2020-03-16 13:42:55,Bureau,Bureau
986939872,2020-03-16 13:48:00,Bureau,Bureau
986939872,2020-03-16 13:53:36,Bureau,Bureau
986939872,2020-03-16 13:58:36,Bureau,Bureau
986939872,2020-03-16 14:03:37,Bureau,Bureau
986939872,2020-03-16 14:08:38,Bureau,Bureau
986939872,2020-03-16 14:13:39,Bureau,Bureau
986939872,2020-03-16 14:19:58,Bureau,Bureau
986939872,2020-03-16 14:24:58,Bureau,Bureau
986939872,2020-03-16 14:29:59,Bureau,Bureau
986939872,2020-03-16 14:34:59,Bureau,Bureau
986939872,2020-03-16 14:39:59,Bureau,Bureau
986939872,2020-03-16 14:44:59,Bureau,Bureau
986939872,2020-03-16 14:49:59,Bureau,Bureau
986939872,2020-03-16 14:55:00,Bureau,Bureau
986939872,2020-03-16 15:00:00,Bureau,Bureau
986939872,2020-03-16 15:05:00,Bureau,Bureau
986939872,2020-03-16 15:10:00,Bureau,Bureau
986939872,2020-03-16 15:15:01,Bureau,Bureau
986939872,2020-03-16 15:20:02,Bureau,Bureau
986939872,2020-03-16 15:25:03,Bureau,Bureau
986939872,2020-03-16 15:30:03,Bureau,Bureau
986939872,2020-03-16 15:35:04,Bureau,Bureau
986939872,2020-03-16 15:40:05,Bureau,6.0
986939872,2020-03-16 15:45:06,Bureau,Bureau
986939872,2020-03-16 15:50:06,Bureau,6.0
986939872,2020-03-16 15:55:06,Bureau,Bureau
986939872,2020-03-16 16:00:07,Bureau,Bureau
986939872,2020-03-16 16:05:07,Bureau,Bureau
986939872,2020-03-16 16:10:08,Bureau,Bureau
986939872,2020-03-16 16:15:08,Bureau,Bureau
986939872,2020-03-16 16:20:08,Bureau,Bureau
986939872,2020-03-16 16:25:09,Bureau,Bureau
986939872,2020-03-16 16:30:10,Bureau,Bureau
986939872,2020-03-16 16:35:10,Bureau,Bureau
986939872,2020-03-16 16:40:10,Bureau,Bureau
986939872,2020-03-16 16:45:11,Bureau,Bureau
986939872,2020-03-16 16:50:12,Bureau,Bureau
986939872,2020-03-16 16:55:13,Bureau,Bureau
986939872,2020-03-16 17:00:13,Bureau,Bureau
986939872,2020-03-16 17:05:13,Bureau,Bureau
986939872,2020-03-16 17:10:13,Bureau,Bureau
986939872,2020-03-16 17:15:14,Bureau,6.0
986939872,2020-03-16 17:20:15,Bureau,6.0
986939872,2020-03-16 17:25:15,Bureau,indoor
986939872,2020-03-16 17:30:15,Bureau,indoor
986939872,2020-03-16 17:35:16,Bureau,indoor
986939872,2020-03-16 17:40:17,Bureau,indoor
986939872,2020-03-16 17:45:17,Bureau,indoor
986939872,2020-03-16 17:50:17,Bureau,indoor
986939872,2020-03-16 17:55:17,Bureau,Domicile
986939872,2020-03-16 18:00:17,Bureau,Domicile
986939872,2020-03-16 18:05:18,Bureau,Domicile
986939872,2020-03-16 18:10:19,Bureau,Domicile
986939872,2020-03-16 18:30:20,Bus,Domicile
986939872,2020-03-16 18:35:20,Bus,Domicile
986939872,2020-03-16 18:40:20,Bus,Domicile
986939872,2020-03-16 18:55:21,Domicile,Domicile
986939872,2020-03-16 19:00:21,Domicile,Domicile
986939872,2020-03-16 19:05:22,Domicile,Domicile
986939872,2020-03-16 19:10:23,Domicile,Domicile
986939872,2020-03-16 19:15:23,Domicile,Domicile
986939872,2020-03-16 19:20:24,Domicile,Domicile
986939872,2020-03-16 19:25:24,Domicile,Domicile
986939872,2020-03-16 19:30:25,Domicile,Domicile
986939872,2020-03-16 19:36:11,Domicile,Domicile
986939872,2020-03-16 19:41:11,Domicile,Domicile
986939872,2020-03-16 19:46:11,Domicile,Domicile
986939872,2020-03-16 19:51:11,Domicile,Domicile
986939872,2020-03-16 19:56:11,Domicile,Domicile
986939872,2020-03-16 20:01:12,Domicile,Domicile
986939872,2020-03-16 20:06:13,Domicile,Domicile
986939872,2020-03-16 20:11:13,Domicile,Domicile
986939872,2020-03-16 20:16:13,Domicile,Domicile
986939872,2020-03-16 20:21:13,Domicile,Domicile
986939872,2020-03-16 20:26:13,Domicile,Domicile
986939872,2020-03-16 20:31:14,Domicile,Domicile
986939872,2020-03-16 20:36:15,Domicile,Domicile
986939872,2020-03-16 20:41:15,Domicile,Domicile
986939872,2020-03-16 20:46:15,Domicile,Domicile
986939872,2020-03-16 20:51:15,Domicile,Domicile
986939872,2020-03-16 20:56:15,Domicile,Domicile
986939872,2020-03-16 21:01:16,Domicile,Domicile
986939872,2020-03-16 21:06:16,Domicile,Domicile
986939872,2020-03-16 21:11:16,Domicile,Domicile
986939872,2020-03-16 21:16:17,Domicile,Domicile
986939872,2020-03-16 21:21:17,Domicile,Domicile
986939872,2020-03-16 21:26:17,Domicile,Domicile
986939872,2020-03-16 21:31:18,Domicile,Domicile
986939872,2020-03-16 21:36:18,Domicile,Domicile
986939872,2020-03-16 22:06:08,Domicile,Domicile
986939872,2020-03-16 22:11:09,Domicile,Domicile
986939872,2020-03-16 22:16:12,Domicile,Domicile
986939872,2020-03-16 22:21:13,Domicile,Domicile
986939872,2020-03-16 22:26:13,Domicile,Domicile
986939872,2020-03-16 22:31:13,Domicile,Domicile
986939872,2020-03-16 22:36:14,Domicile,Domicile
986939872,2020-03-16 22:41:15,Domicile,Domicile
986939872,2020-03-16 22:46:16,Domicile,Domicile
986939872,2020-03-16 22:51:16,Domicile,Domicile
986939872,2020-03-16 22:56:17,Domicile,Domicile
986939872,2020-03-16 23:01:18,Domicile,Domicile
986939872,2020-03-16 23:06:18,Domicile,Domicile
986939872,2020-03-16 23:11:18,Domicile,Domicile
986939872,2020-03-16 23:16:19,Domicile,Domicile
986939872,2020-03-16 23:21:20,Domicile,Domicile
986939872,2020-03-16 23:26:20,Domicile,Domicile
986939872,2020-03-16 23:31:21,Domicile,Domicile
986939872,2020-03-16 23:36:21,Domicile,Domicile
986939872,2020-03-16 23:41:21,Domicile,Domicile
986939872,2020-03-16 23:46:21,Domicile,Domicile
986939872,2020-03-16 23:51:22,Domicile,Domicile
986939872,2020-03-16 23:56:23,Domicile,Domicile
986939872,2020-03-17 00:01:23,Domicile,Domicile
986939872,2020-03-17 00:06:23,Domicile,Domicile
986939872,2020-03-17 00:11:24,Domicile,Domicile
986939872,2020-03-17 00:16:24,Domicile,Domicile
986939872,2020-03-17 00:21:24,Domicile,Domicile
986939872,2020-03-17 00:26:25,Domicile,Domicile
986939872,2020-03-17 00:31:25,Domicile,Domicile
986939872,2020-03-17 00:36:26,Domicile,Domicile
986939872,2020-03-17 00:41:26,Domicile,Domicile
986939872,2020-03-17 00:46:26,Domicile,Domicile
986939872,2020-03-17 00:51:27,Domicile,Domicile
986939872,2020-03-17 00:56:27,Domicile,Domicile
986939872,2020-03-17 01:01:27,Domicile,Domicile
986939872,2020-03-17 01:06:27,Domicile,Domicile
986939872,2020-03-17 01:11:27,Domicile,Domicile
986939872,2020-03-17 01:16:28,Domicile,Domicile
986939872,2020-03-17 01:21:29,Domicile,Domicile
986939872,2020-03-17 01:26:30,Domicile,Domicile
986939872,2020-03-17 01:31:31,Domicile,Domicile
986939872,2020-03-17 01:36:31,Domicile,Domicile
986939872,2020-03-17 01:41:31,Domicile,Domicile
986939872,2020-03-17 01:46:31,Domicile,Domicile
986939872,2020-03-17 01:51:31,Domicile,Domicile
986939872,2020-03-17 01:56:31,Domicile,Domicile
986939872,2020-03-17 02:01:31,Domicile,Domicile
986939872,2020-03-17 02:06:32,Domicile,Domicile
986939872,2020-03-17 02:11:32,Domicile,Domicile
986939872,2020-03-17 02:16:32,Domicile,Domicile
986939872,2020-03-17 02:21:33,Domicile,Domicile
986939872,2020-03-17 02:26:33,Domicile,Domicile
986939872,2020-03-17 02:31:33,Domicile,Domicile
986939872,2020-03-17 02:36:33,Domicile,Domicile
986939872,2020-03-17 02:41:33,Domicile,Domicile
986939872,2020-03-17 02:46:33,Domicile,Domicile
986939872,2020-03-17 02:51:34,Domicile,Domicile
986939872,2020-03-17 02:56:35,Domicile,Domicile
987014104,2020-03-07 12:26:50,Domicile,Domicile
987014104,2020-03-07 12:36:52,Walk,Domicile
987014104,2020-03-07 22:06:37,Domicile,Domicile
987014104,2020-03-07 22:11:58,Domicile,Domicile
987014104,2020-03-07 22:17:08,Domicile,Domicile
987014104,2020-03-07 22:22:20,Domicile,Domicile
987014104,2020-03-07 22:27:31,Domicile,Domicile
987014104,2020-03-07 22:32:40,Domicile,Domicile
987014104,2020-03-07 22:37:48,Domicile,Domicile
987014104,2020-03-07 22:42:56,Domicile,Domicile
987014104,2020-03-07 22:48:02,Domicile,Domicile
987014104,2020-03-07 22:53:14,Domicile,Domicile
987014104,2020-03-07 22:58:28,Domicile,Domicile
987014104,2020-03-07 23:03:38,Domicile,Domicile
987014104,2020-03-07 23:08:41,Domicile,Domicile
987014104,2020-03-07 23:13:55,Domicile,Domicile
987014104,2020-03-07 23:19:21,Domicile,Domicile
987014104,2020-03-07 23:24:52,Domicile,Domicile
987014104,2020-03-07 23:30:39,Domicile,Domicile
987014104,2020-03-07 23:36:08,Domicile,Domicile
987014104,2020-03-07 23:42:15,Domicile,Domicile
987014104,2020-03-07 23:47:53,Domicile,Domicile
987014104,2020-03-07 23:52:58,Domicile,Domicile
987014104,2020-03-07 23:58:17,Domicile,Domicile
987014104,2020-03-08 00:03:49,Domicile,Domicile
987014104,2020-03-08 00:09:07,Domicile,Domicile
987014104,2020-03-08 00:14:43,Domicile,Domicile
987014104,2020-03-08 00:19:45,Domicile,Domicile
987014104,2020-03-08 00:24:57,Domicile,Domicile
987014104,2020-03-08 00:30:18,Domicile,Domicile
987014104,2020-03-08 00:35:48,Domicile,Domicile
987014104,2020-03-08 00:41:08,Domicile,Domicile
987014104,2020-03-08 00:46:19,Domicile,Domicile
987014104,2020-03-08 00:51:48,Domicile,Domicile
987014104,2020-03-08 00:57:12,Domicile,Domicile
987014104,2020-03-08 01:02:18,Domicile,Domicile
987014104,2020-03-08 01:07:29,Domicile,Domicile
987014104,2020-03-08 01:13:07,Domicile,Domicile
987014104,2020-03-08 01:18:09,Domicile,Domicile
987014104,2020-03-08 01:24:01,Domicile,Domicile
987014104,2020-03-08 01:29:01,Domicile,Domicile
987014104,2020-03-08 01:34:07,Domicile,Domicile
987014104,2020-03-08 01:39:07,Domicile,Domicile
987014104,2020-03-08 01:44:12,Domicile,Domicile
987014104,2020-03-08 01:49:21,Domicile,Domicile
987014104,2020-03-08 01:54:51,Domicile,Domicile
987014104,2020-03-08 02:00:11,Domicile,Domicile
987014104,2020-03-08 02:05:22,Domicile,Domicile
987014104,2020-03-08 02:10:44,Domicile,Domicile
987014104,2020-03-08 02:17:02,Domicile,Domicile
987014104,2020-03-08 02:22:07,Domicile,Domicile
987014104,2020-03-08 02:27:41,Domicile,Domicile
987014104,2020-03-08 02:33:06,Domicile,Domicile
987014104,2020-03-08 02:38:16,Domicile,Domicile
987014104,2020-03-08 02:43:38,Domicile,Domicile
987014104,2020-03-08 02:48:57,Domicile,Domicile
987014104,2020-03-08 02:54:34,Domicile,Domicile
987014104,2020-03-08 02:59:48,Domicile,Domicile
987014104,2020-03-08 03:05:01,Domicile,Domicile
987014104,2020-03-08 03:10:02,Domicile,Domicile
987014104,2020-03-08 03:15:15,Domicile,Domicile
987014104,2020-03-08 03:21:02,Domicile,Domicile
987014104,2020-03-08 03:26:42,Domicile,Domicile
987014104,2020-03-08 03:32:06,Domicile,Domicile
987014104,2020-03-08 03:37:33,Domicile,Domicile
987014104,2020-03-08 03:43:02,Domicile,Domicile
987014104,2020-03-08 03:48:08,Domicile,Domicile
987014104,2020-03-08 03:53:35,Domicile,Domicile
987014104,2020-03-08 03:58:46,Domicile,Domicile
987014104,2020-03-08 04:04:02,Domicile,Domicile
987014104,2020-03-08 04:09:07,Domicile,Domicile
987014104,2020-03-08 04:14:12,Domicile,Domicile
987014104,2020-03-08 04:19:42,Domicile,Domicile
987014104,2020-03-08 04:25:22,Domicile,Domicile
987014104,2020-03-08 04:30:38,Domicile,Domicile
987014104,2020-03-08 04:36:13,Domicile,Domicile
987014104,2020-03-08 04:41:43,Domicile,Domicile
987014104,2020-03-08 04:46:46,Domicile,Domicile
987014104,2020-03-08 04:52:21,Domicile,Domicile
987014104,2020-03-08 04:57:27,Domicile,Domicile
987014104,2020-03-08 05:02:53,Domicile,Domicile
987014104,2020-03-08 05:08:21,Domicile,Domicile
987014104,2020-03-08 05:13:27,Domicile,Domicile
987014104,2020-03-08 05:18:53,Domicile,Domicile
987014104,2020-03-08 05:24:12,Domicile,Domicile
987014104,2020-03-08 05:29:21,Domicile,Domicile
987014104,2020-03-08 05:35:02,Domicile,Domicile
987014104,2020-03-08 05:41:01,Domicile,Domicile
987014104,2020-03-08 05:46:56,Domicile,Domicile
987014104,2020-03-08 05:52:12,Domicile,Domicile
987014104,2020-03-08 05:57:27,Domicile,Domicile
987014104,2020-03-08 06:02:53,Domicile,Domicile
987014104,2020-03-08 06:08:21,Domicile,Domicile
987014104,2020-03-08 06:14:08,Domicile,Domicile
987014104,2020-03-08 06:19:10,Domicile,Domicile
987014104,2020-03-08 06:24:15,Domicile,Domicile
987014104,2020-03-08 06:30:06,Domicile,Domicile
987014104,2020-03-08 06:35:16,Domicile,Domicile
987014104,2020-03-08 06:40:48,Domicile,Domicile
987014104,2020-03-08 06:45:48,Domicile,Domicile
987014104,2020-03-08 06:50:58,Domicile,Domicile
987014104,2020-03-08 06:56:12,Domicile,Domicile
987014104,2020-03-08 07:01:12,Domicile,Domicile
987014104,2020-03-08 07:06:39,Domicile,Domicile
987014104,2020-03-08 07:11:44,Domicile,Domicile
987014104,2020-03-08 07:16:44,Domicile,Domicile
987014104,2020-03-08 07:21:45,Domicile,Domicile
987014104,2020-03-08 07:27:16,Domicile,Domicile
987014104,2020-03-08 07:32:16,Domicile,Domicile
987014104,2020-03-08 07:37:21,Domicile,Domicile
987014104,2020-03-08 07:42:26,Domicile,Domicile
987014104,2020-03-08 07:48:07,Domicile,Domicile
987014104,2020-03-08 07:53:41,Domicile,Domicile
987014104,2020-03-08 07:58:52,Domicile,Domicile
987014104,2020-03-08 08:04:02,Domicile,Domicile
987014104,2020-03-08 08:09:09,Domicile,Domicile
987014104,2020-03-08 08:14:12,Domicile,Domicile
987014104,2020-03-08 08:19:18,Domicile,Domicile
987014104,2020-03-08 08:24:57,Domicile,Domicile
987014104,2020-03-08 08:31:02,Domicile,Domicile
987014104,2020-03-08 08:36:13,Domicile,Domicile
987014104,2020-03-08 08:41:43,Domicile,Domicile
987014104,2020-03-08 08:47:01,Domicile,Domicile
987014104,2020-03-08 08:52:02,Domicile,Domicile
987014104,2020-03-08 08:57:07,Domicile,Domicile
987014104,2020-03-08 09:02:39,Domicile,Domicile
987014104,2020-03-08 09:07:51,Domicile,Domicile
987014104,2020-03-08 09:13:12,Domicile,Domicile
987014104,2020-03-08 09:18:24,Domicile,Domicile
987014104,2020-03-08 09:24:27,Domicile,Domicile
987014104,2020-03-08 09:34:31,Running,indoor
987014104,2020-03-08 09:39:31,Running,indoor
987014104,2020-03-08 09:44:41,Running,indoor
987014104,2020-03-08 09:49:54,Running,indoor
987014104,2020-03-08 09:58:48,Running,indoor
987014104,2020-03-08 10:03:49,Running,indoor
987014104,2020-03-08 10:08:50,Running,indoor
987014104,2020-03-08 10:13:50,Running,indoor
987014104,2020-03-08 10:18:51,Running,indoor
987014104,2020-03-08 10:23:51,Running,indoor
987014104,2020-03-08 10:28:52,Running,indoor
987014104,2020-03-08 10:39:01,Domicile,Domicile
987014104,2020-03-08 10:44:19,Domicile,Domicile
987014104,2020-03-08 10:49:28,Domicile,Domicile
987014104,2020-03-08 10:54:29,Domicile,Domicile
987014104,2020-03-08 10:59:32,Domicile,Domicile
987014104,2020-03-08 11:05:08,Domicile,Domicile
987014104,2020-03-08 11:10:41,Domicile,Domicile
987014104,2020-03-08 11:15:46,Domicile,Domicile
987014104,2020-03-08 11:21:02,Domicile,Domicile
987014104,2020-03-08 11:26:07,Domicile,Domicile
987014104,2020-03-08 11:31:22,Domicile,Domicile
987014104,2020-03-08 11:36:58,Domicile,Domicile
987014104,2020-03-08 11:43:01,Domicile,Domicile
987014104,2020-03-08 11:48:08,Domicile,Domicile
987014104,2020-03-08 11:53:23,Domicile,Domicile
987014104,2020-03-08 11:58:31,Domicile,Domicile
987014104,2020-03-08 12:03:46,Domicile,Domicile
987014104,2020-03-08 12:09:01,Domicile,Domicile
987014104,2020-03-08 12:14:02,Domicile,Domicile
987014104,2020-03-08 12:19:07,Domicile,Domicile
987014104,2020-03-08 12:24:28,Domicile,Domicile
987014104,2020-03-08 12:29:41,Domicile,Domicile
987014104,2020-03-08 12:34:54,Domicile,Domicile
987014104,2020-03-08 12:40:01,Domicile,Domicile
987014104,2020-03-08 12:46:08,Domicile,Domicile
987014104,2020-03-08 12:52:12,Domicile,Domicile
987014104,2020-03-08 12:57:18,Domicile,Domicile
987014104,2020-03-08 13:02:36,Domicile,Domicile
987014104,2020-03-08 13:07:41,Domicile,Domicile
987014104,2020-03-08 13:12:44,Domicile,Domicile
987014104,2020-03-08 13:18:01,Domicile,Domicile
987014104,2020-03-08 13:23:02,Domicile,Domicile
987014104,2020-03-08 13:28:22,Domicile,Domicile
987014104,2020-03-08 13:33:22,Domicile,Domicile
987014104,2020-03-08 13:38:42,Domicile,Domicile
987014104,2020-03-08 13:44:01,Domicile,Domicile
987014104,2020-03-08 13:49:01,Domicile,Domicile
987014104,2020-03-08 13:54:01,Domicile,Domicile
987014104,2020-03-08 13:59:01,Domicile,Domicile
987014104,2020-03-08 14:04:12,Domicile,Domicile
987014104,2020-03-08 14:09:22,Domicile,Domicile
987014104,2020-03-08 14:14:36,Domicile,Domicile
987014104,2020-03-08 14:20:02,Domicile,Domicile
987014104,2020-03-08 14:25:22,Domicile,Domicile
987014104,2020-03-08 14:30:23,Domicile,Domicile
987014104,2020-03-08 14:35:33,Domicile,Domicile
987014104,2020-03-08 14:40:46,Domicile,Domicile
987014104,2020-03-08 14:46:06,Domicile,Domicile
987014104,2020-03-08 14:52:07,Domicile,Domicile
987014104,2020-03-08 14:57:25,Domicile,Domicile
987014104,2020-03-08 15:02:42,Domicile,Domicile
987014104,2020-03-08 15:08:05,Domicile,Domicile
987014104,2020-03-08 15:14:08,Domicile,Domicile
987014104,2020-03-08 15:20:02,Domicile,Domicile
987014104,2020-03-08 15:26:10,Domicile,Domicile
987014104,2020-03-08 15:31:12,Domicile,Domicile
987014104,2020-03-08 15:36:12,Domicile,Domicile
987014104,2020-03-08 15:41:12,Domicile,Domicile
987014104,2020-03-08 15:46:22,Domicile,Domicile
987014104,2020-03-08 15:51:53,Domicile,Domicile
987014104,2020-03-08 15:57:52,Domicile,Domicile
987014104,2020-03-08 16:03:36,Domicile,Domicile
987014104,2020-03-08 16:09:47,Domicile,Domicile
987014104,2020-03-08 16:15:13,Domicile,Domicile
987014104,2020-03-08 16:20:18,Domicile,Domicile
987014104,2020-03-08 16:25:36,Domicile,Domicile
987014104,2020-03-08 16:30:54,Domicile,Domicile
987014104,2020-03-08 16:36:05,Domicile,indoor
987014104,2020-03-08 16:41:09,Domicile,indoor
987014104,2020-03-08 16:46:16,Domicile,3.0
987014104,2020-03-08 19:32:04,Domicile,3.0
987014104,2020-03-08 19:37:14,Domicile,3.0
987014104,2020-03-08 20:15:20,Domicile,3.0
987014104,2020-03-08 20:20:30,Domicile,3.0
987014104,2020-03-08 21:02:09,Domicile,3.0
987014104,2020-03-08 21:07:19,Domicile,Domicile
987014104,2020-03-08 21:12:36,Domicile,Domicile
987014104,2020-03-08 21:18:01,Domicile,Domicile
987014104,2020-03-08 21:23:01,Domicile,Domicile
987014104,2020-03-08 21:28:12,Domicile,Domicile
987014104,2020-03-08 21:33:22,Domicile,Domicile
987014104,2020-03-08 21:38:52,Domicile,Domicile
987014104,2020-03-08 21:44:13,Domicile,Domicile
987014104,2020-03-08 21:49:14,Domicile,Domicile
987014104,2020-03-08 21:54:32,Domicile,Domicile
987014104,2020-03-08 21:59:43,Domicile,Domicile
987014104,2020-03-08 22:04:45,Domicile,Domicile
987014104,2020-03-08 22:09:48,Domicile,Domicile
987014104,2020-03-08 22:15:07,Domicile,Domicile
987014104,2020-03-08 22:21:08,Domicile,Domicile
987014104,2020-03-08 22:26:41,Domicile,Domicile
987014104,2020-03-08 22:31:54,Domicile,Domicile
987014104,2020-03-08 22:37:18,Domicile,Domicile
987014104,2020-03-08 22:42:20,Domicile,Domicile
987014104,2020-03-08 22:47:28,Domicile,Domicile
987014104,2020-03-08 22:52:42,Domicile,Domicile
987014104,2020-03-08 22:57:47,Domicile,Domicile
987014104,2020-03-08 23:02:57,Domicile,Domicile
987014104,2020-03-08 23:08:07,Domicile,Domicile
987014104,2020-03-08 23:13:14,Domicile,Domicile
987014104,2020-03-08 23:18:21,Domicile,Domicile
987014104,2020-03-08 23:23:22,Domicile,Domicile
987014104,2020-03-08 23:28:26,Domicile,Domicile
987014104,2020-03-08 23:33:54,Domicile,Domicile
987014104,2020-03-08 23:39:02,Domicile,Domicile
987014104,2020-03-08 23:44:03,Domicile,Domicile
987014104,2020-03-08 23:49:15,Domicile,Domicile
987014104,2020-03-08 23:54:19,Domicile,Domicile
987014104,2020-03-08 23:59:37,Domicile,Domicile
987014104,2020-03-09 00:04:50,Domicile,Domicile
987014104,2020-03-09 00:10:08,Domicile,Domicile
987014104,2020-03-09 00:15:12,Domicile,Domicile
987014104,2020-03-09 00:20:14,Domicile,Domicile
987014104,2020-03-09 00:25:33,Domicile,Domicile
987014104,2020-03-09 00:30:38,Domicile,Domicile
987014104,2020-03-09 00:35:55,Domicile,Domicile
987014104,2020-03-09 00:41:16,Domicile,Domicile
987014104,2020-03-09 00:46:26,Domicile,Domicile
987014104,2020-03-09 00:51:30,Domicile,Domicile
987014104,2020-03-09 00:57:01,Domicile,Domicile
987014104,2020-03-09 01:02:17,Domicile,Domicile
987014104,2020-03-09 01:07:34,Domicile,Domicile
987014104,2020-03-09 01:12:40,Domicile,Domicile
987014104,2020-03-09 01:17:42,Domicile,Domicile
987014104,2020-03-09 01:22:47,Domicile,Domicile
987014104,2020-03-09 01:27:49,Domicile,Domicile
987014104,2020-03-09 01:33:12,Domicile,Domicile
987014104,2020-03-09 01:38:12,Domicile,Domicile
987014104,2020-03-09 01:43:33,Domicile,Domicile
987014104,2020-03-09 01:49:01,Domicile,Domicile
987014104,2020-03-09 01:54:01,Domicile,Domicile
987014104,2020-03-09 01:59:12,Domicile,Domicile
987014104,2020-03-09 02:04:24,Domicile,Domicile
987014104,2020-03-09 02:09:43,Domicile,Domicile
987014104,2020-03-09 02:14:46,Domicile,Domicile
987014104,2020-03-09 02:20:01,Domicile,Domicile
987014104,2020-03-09 02:25:27,Domicile,Domicile
987014104,2020-03-09 02:30:30,Domicile,Domicile
987014104,2020-03-09 02:36:01,Domicile,Domicile
987014104,2020-03-09 02:41:05,Domicile,Domicile
987014104,2020-03-09 02:46:14,Domicile,Domicile
987014104,2020-03-09 02:51:31,Domicile,Domicile
987014104,2020-03-09 02:56:34,Domicile,Domicile
987014104,2020-03-09 03:01:48,Domicile,Domicile
987014104,2020-03-09 03:06:54,Domicile,Domicile
987014104,2020-03-09 03:12:21,Domicile,Domicile
987014104,2020-03-09 03:17:24,Domicile,Domicile
987014104,2020-03-09 03:22:41,Domicile,Domicile
987014104,2020-03-09 03:27:46,Domicile,Domicile
987014104,2020-03-09 03:33:01,Domicile,Domicile
987014104,2020-03-09 03:38:01,Domicile,Domicile
987014104,2020-03-09 03:44:05,Domicile,Domicile
987014104,2020-03-09 03:49:12,Domicile,Domicile
987014104,2020-03-09 03:54:14,Domicile,Domicile
987014104,2020-03-09 03:59:22,Domicile,Domicile
987014104,2020-03-09 04:04:54,Domicile,Domicile
987014104,2020-03-09 04:10:07,Domicile,Domicile
987014104,2020-03-09 04:16:08,Domicile,Domicile
987014104,2020-03-09 04:21:08,Domicile,Domicile
987014104,2020-03-09 04:26:26,Domicile,Domicile
987014104,2020-03-09 04:31:36,Domicile,Domicile
987014104,2020-03-09 04:36:46,Domicile,Domicile
987014104,2020-03-09 04:43:02,Domicile,Domicile
987014104,2020-03-09 04:48:13,Domicile,Domicile
987014104,2020-03-09 04:54:04,Domicile,Domicile
987014104,2020-03-09 04:59:22,Domicile,Domicile
987014104,2020-03-09 05:04:22,Domicile,Domicile
987014104,2020-03-09 05:09:32,Domicile,Domicile
987014104,2020-03-09 05:15:01,Domicile,Domicile
987014104,2020-03-09 05:20:33,Domicile,Domicile
987014104,2020-03-09 05:26:41,Domicile,Domicile
987014104,2020-03-09 05:32:01,Domicile,Domicile
987014104,2020-03-09 05:37:12,Domicile,Domicile
987014104,2020-03-09 05:42:39,Domicile,Domicile
987014104,2020-03-09 05:47:47,Domicile,Domicile
987014104,2020-03-09 05:53:40,Domicile,Domicile
987014104,2020-03-09 05:59:40,Domicile,Domicile
987014104,2020-03-09 06:04:52,Domicile,Domicile
987014104,2020-03-09 06:10:52,Domicile,Domicile
987014104,2020-03-09 06:15:55,Domicile,Domicile
987014104,2020-03-09 06:21:02,Domicile,Domicile
987014104,2020-03-09 06:26:39,Domicile,Domicile
987014104,2020-03-09 06:32:41,Domicile,Domicile
987014104,2020-03-09 06:37:55,Domicile,Domicile
987014104,2020-03-09 06:43:01,Domicile,Domicile
987014104,2020-03-09 06:48:12,Domicile,Domicile
987014104,2020-03-09 06:53:31,Domicile,Domicile
987014104,2020-03-09 06:58:53,Domicile,Domicile
987014104,2020-03-09 07:04:07,Domicile,Domicile
987014104,2020-03-09 07:09:41,Domicile,Domicile
987014104,2020-03-09 07:15:01,Domicile,Domicile
987014104,2020-03-09 07:20:08,Domicile,Domicile
987014104,2020-03-09 07:25:22,Domicile,Domicile
987014104,2020-03-09 07:30:22,Domicile,Domicile
987014104,2020-03-09 07:36:07,Domicile,Domicile
987014104,2020-03-09 07:41:12,Domicile,Domicile
987014104,2020-03-09 07:46:38,Domicile,Domicile
987014104,2020-03-09 07:51:52,Domicile,Domicile
987014104,2020-03-09 07:57:01,Domicile,Domicile
987014104,2020-03-09 08:02:01,Domicile,Domicile
987014104,2020-03-09 08:07:01,Domicile,Domicile
987014104,2020-03-09 08:13:07,Domicile,Domicile
987014104,2020-03-09 08:18:22,Domicile,Domicile
987014104,2020-03-09 08:23:22,Domicile,Domicile
987014104,2020-03-09 08:28:22,Domicile,Domicile
987014104,2020-03-09 08:33:32,Domicile,Domicile
987014104,2020-03-09 08:38:42,Domicile,Domicile
987014104,2020-03-09 08:43:53,Domicile,Domicile
987014104,2020-03-09 08:49:10,Domicile,Domicile
987014104,2020-03-09 08:54:14,Domicile,Domicile
987014104,2020-03-09 08:59:52,Domicile,Domicile
987014104,2020-03-09 09:05:13,Domicile,Domicile
987014104,2020-03-09 09:16:15,Vélo,indoor
987014104,2020-03-09 15:30:12,Bureau,indoor
987014104,2020-03-09 15:35:27,Bureau,Bureau
987014104,2020-03-09 15:40:41,Bureau,Bureau
987014104,2020-03-09 15:46:01,Bureau,Bureau
987014104,2020-03-09 15:51:06,Bureau,Bureau
987014104,2020-03-09 15:56:22,Bureau,Bureau
987014104,2020-03-09 16:01:29,Bureau,Bureau
987014104,2020-03-09 16:06:33,Bureau,Bureau
987014104,2020-03-09 16:11:50,Bureau,Bureau
987014104,2020-03-09 16:17:12,Bureau,Bureau
987014104,2020-03-09 16:22:34,Bureau,Bureau
987014104,2020-03-09 16:27:46,Bureau,Bureau
987014104,2020-03-09 16:33:08,Bureau,Bureau
987014104,2020-03-09 16:38:09,Bureau,Bureau
987014104,2020-03-09 16:43:18,Bureau,Bureau
987014104,2020-03-09 16:48:18,Bureau,Bureau
987014104,2020-03-09 16:53:42,Bureau,Bureau
987014104,2020-03-09 16:58:47,Bureau,Bureau
987014104,2020-03-09 17:04:08,Bureau,Bureau
987014104,2020-03-09 17:09:18,Bureau,Bureau
987014104,2020-03-09 17:14:43,Bureau,Bureau
987014104,2020-03-09 17:19:52,Bureau,Bureau
987014104,2020-03-09 17:24:56,Bureau,Bureau
987014104,2020-03-09 17:30:07,Bureau,Bureau
987014104,2020-03-09 17:35:08,Bureau,Bureau
987014104,2020-03-09 17:40:13,Bureau,Bureau
987014104,2020-03-09 17:45:53,Bureau,Bureau
987014104,2020-03-09 17:51:01,Bureau,Bureau
987014104,2020-03-09 17:56:15,Bureau,Bureau
987014104,2020-03-09 18:02:02,Bureau,Bureau
987014104,2020-03-09 18:08:08,Bureau,Bureau
987014104,2020-03-09 18:13:26,Bureau,Bureau
987014104,2020-03-09 18:18:50,Bureau,Bureau
987014104,2020-03-09 18:24:15,Bureau,Bureau
987014104,2020-03-09 18:29:28,Bureau,Bureau
987014104,2020-03-09 18:34:41,Bureau,Bureau
987014104,2020-03-09 18:39:42,Bureau,Bureau
987014104,2020-03-09 18:49:54,Vélo,indoor
987014104,2020-03-09 19:14:05,Domicile,3.0
987014104,2020-03-09 19:19:08,Domicile,3.0
987014104,2020-03-09 19:24:26,Domicile,3.0
987014104,2020-03-09 19:29:52,Domicile,3.0
987014104,2020-03-09 19:35:00,Domicile,3.0
987014104,2020-03-09 19:40:04,Domicile,3.0
987014104,2020-03-09 19:45:06,Domicile,3.0
987014104,2020-03-09 19:50:12,Domicile,3.0
987014104,2020-03-09 19:55:14,Domicile,3.0
987014104,2020-03-09 20:00:23,Domicile,Domicile
987014104,2020-03-09 20:05:39,Domicile,Domicile
987014104,2020-03-09 20:10:48,Domicile,Domicile
987014104,2020-03-09 20:16:12,Domicile,Domicile
987014104,2020-03-09 20:21:39,Domicile,Domicile
987014104,2020-03-09 20:26:41,Domicile,Domicile
987014104,2020-03-09 20:31:56,Domicile,Domicile
987014104,2020-03-09 20:37:12,Domicile,Domicile
987014104,2020-03-09 20:42:20,Domicile,Domicile
987014104,2020-03-09 20:47:20,Domicile,Domicile
987014104,2020-03-09 20:52:36,Domicile,Domicile
987014104,2020-03-09 20:57:51,Domicile,Domicile
987014104,2020-03-09 21:02:54,Domicile,Domicile
987014104,2020-03-09 21:08:01,Domicile,Domicile
987014104,2020-03-09 21:13:28,Domicile,Domicile
987014104,2020-03-09 21:18:45,Domicile,Domicile
987014104,2020-03-09 21:24:22,Domicile,Domicile
987014104,2020-03-09 21:29:27,Domicile,Domicile
987014104,2020-03-09 21:34:42,Domicile,Domicile
987014104,2020-03-09 21:40:08,Domicile,Domicile
987014104,2020-03-09 21:45:28,Domicile,Domicile
987014104,2020-03-09 21:50:28,Domicile,Domicile
987014104,2020-03-09 21:55:39,Domicile,Domicile
987014104,2020-03-09 22:00:42,Domicile,Domicile
987014104,2020-03-09 22:05:42,Domicile,Domicile
987014104,2020-03-09 22:10:51,Domicile,Domicile
987014104,2020-03-09 22:15:56,Domicile,Domicile
987014104,2020-03-09 22:21:16,Domicile,Domicile
987014104,2020-03-09 22:26:26,Domicile,Domicile
987014104,2020-03-09 22:31:33,Domicile,Domicile
987014104,2020-03-09 22:36:49,Domicile,Domicile
987014104,2020-03-09 22:41:51,Domicile,Domicile
987014104,2020-03-09 22:47:21,Domicile,Domicile
987014104,2020-03-09 22:52:22,Domicile,Domicile
987014104,2020-03-09 22:57:27,Domicile,Domicile
987014104,2020-03-09 23:02:32,Domicile,Domicile
987014104,2020-03-09 23:07:44,Domicile,Domicile
987014104,2020-03-09 23:12:45,Domicile,Domicile
987014104,2020-03-09 23:18:21,Domicile,Domicile
987014104,2020-03-09 23:23:27,Domicile,Domicile
987014104,2020-03-09 23:28:28,Domicile,Domicile
987014104,2020-03-09 23:33:42,Domicile,Domicile
987014104,2020-03-09 23:39:01,Domicile,Domicile
987014104,2020-03-09 23:44:22,Domicile,Domicile
987014104,2020-03-09 23:49:33,Domicile,Domicile
987014104,2020-03-09 23:54:42,Domicile,Domicile
987014104,2020-03-09 23:59:42,Domicile,Domicile
987014104,2020-03-10 00:04:53,Domicile,Domicile
987014104,2020-03-10 00:09:53,Domicile,Domicile
987014104,2020-03-10 00:14:59,Domicile,Domicile
987014104,2020-03-10 00:20:09,Domicile,Domicile
987014104,2020-03-10 00:25:21,Domicile,Domicile
987014104,2020-03-10 00:30:22,Domicile,Domicile
987014104,2020-03-10 00:35:42,Domicile,Domicile
987014104,2020-03-10 00:40:43,Domicile,Domicile
987014104,2020-03-10 00:45:54,Domicile,Domicile
987014104,2020-03-10 00:51:21,Domicile,Domicile
987014104,2020-03-10 00:56:27,Domicile,Domicile
987014104,2020-03-10 01:01:37,Domicile,Domicile
987014104,2020-03-10 01:06:52,Domicile,Domicile
987014104,2020-03-10 01:11:54,Domicile,Domicile
987014104,2020-03-10 01:17:05,Domicile,Domicile
987014104,2020-03-10 01:22:28,Domicile,Domicile
987014104,2020-03-10 01:27:43,Domicile,Domicile
987014104,2020-03-10 01:33:02,Domicile,Domicile
987014104,2020-03-10 01:38:28,Domicile,Domicile
987014104,2020-03-10 01:43:33,Domicile,Domicile
987014104,2020-03-10 01:48:56,Domicile,Domicile
987014104,2020-03-10 01:54:12,Domicile,Domicile
987014104,2020-03-10 01:59:27,Domicile,Domicile
987014104,2020-03-10 02:04:42,Domicile,Domicile
987014104,2020-03-10 02:09:44,Domicile,Domicile
987014104,2020-03-10 02:15:01,Domicile,Domicile
987014104,2020-03-10 02:20:22,Domicile,Domicile
987014104,2020-03-10 02:25:43,Domicile,Domicile
987014104,2020-03-10 02:30:53,Domicile,Domicile
987014104,2020-03-10 02:36:22,Domicile,Domicile
987014104,2020-03-10 02:41:32,Domicile,Domicile
987014104,2020-03-10 02:46:54,Domicile,Domicile
987014104,2020-03-10 02:52:02,Domicile,Domicile
987014104,2020-03-10 02:57:22,Domicile,Domicile
987014104,2020-03-10 03:02:31,Domicile,Domicile
987014104,2020-03-10 03:07:48,Domicile,Domicile
987014104,2020-03-10 03:13:22,Domicile,Domicile
987014104,2020-03-10 03:18:28,Domicile,Domicile
987014104,2020-03-10 03:23:28,Domicile,Domicile
987014104,2020-03-10 03:28:48,Domicile,Domicile
987014104,2020-03-10 03:33:53,Domicile,Domicile
987014104,2020-03-10 03:39:03,Domicile,Domicile
987014104,2020-03-10 03:44:22,Domicile,Domicile
987014104,2020-03-10 03:49:22,Domicile,Domicile
987014104,2020-03-10 03:54:22,Domicile,Domicile
987014104,2020-03-10 03:59:35,Domicile,Domicile
987014104,2020-03-10 04:05:08,Domicile,Domicile
987014104,2020-03-10 04:10:22,Domicile,Domicile
987014104,2020-03-10 04:15:27,Domicile,Domicile
987014104,2020-03-10 04:20:44,Domicile,Domicile
987014104,2020-03-10 04:25:48,Domicile,Domicile
987014104,2020-03-10 04:30:53,Domicile,Domicile
987014104,2020-03-10 04:36:02,Domicile,Domicile
987014104,2020-03-10 04:41:22,Domicile,Domicile
987014104,2020-03-10 04:46:22,Domicile,Domicile
987014104,2020-03-10 04:51:22,Domicile,Domicile
987014104,2020-03-10 04:56:25,Domicile,Domicile
987014104,2020-03-10 05:01:42,Domicile,Domicile
987014104,2020-03-10 05:06:50,Domicile,Domicile
987014104,2020-03-10 05:12:08,Domicile,Domicile
987014104,2020-03-10 05:17:23,Domicile,Domicile
987014104,2020-03-10 05:22:48,Domicile,Domicile
987014104,2020-03-10 05:28:22,Domicile,Domicile
987014104,2020-03-10 05:33:24,Domicile,Domicile
987014104,2020-03-10 05:38:24,Domicile,Domicile
987014104,2020-03-10 05:43:42,Domicile,Domicile
987014104,2020-03-10 05:48:51,Domicile,Domicile
987014104,2020-03-10 05:53:54,Domicile,Domicile
987014104,2020-03-10 05:59:13,Domicile,Domicile
987014104,2020-03-10 06:04:22,Domicile,Domicile
987014104,2020-03-10 06:09:28,Domicile,Domicile
987014104,2020-03-10 06:14:28,Domicile,Domicile
987014104,2020-03-10 06:19:39,Domicile,Domicile
987014104,2020-03-10 06:24:56,Domicile,Domicile
987014104,2020-03-10 06:30:03,Domicile,Domicile
987014104,2020-03-10 06:35:20,Domicile,Domicile
987014104,2020-03-10 06:40:22,Domicile,Domicile
987014104,2020-03-10 06:45:22,Domicile,Domicile
987014104,2020-03-10 06:50:35,Domicile,Domicile
987014104,2020-03-10 06:55:42,Domicile,Domicile
987014104,2020-03-10 07:00:42,Domicile,Domicile
987014104,2020-03-10 07:05:44,Domicile,Domicile
987014104,2020-03-10 07:11:02,Domicile,Domicile
987014104,2020-03-10 07:16:23,Domicile,Domicile
987014104,2020-03-10 07:21:33,Domicile,Domicile
987014104,2020-03-10 07:26:39,Domicile,Domicile
987014104,2020-03-10 07:31:46,Domicile,Domicile
987014104,2020-03-10 07:36:49,Domicile,Domicile
987014104,2020-03-10 07:42:01,Domicile,Domicile
987014104,2020-03-10 07:47:21,Domicile,Domicile
987014104,2020-03-10 07:52:27,Domicile,Domicile
987014104,2020-03-10 07:57:40,Domicile,Domicile
987014104,2020-03-10 08:02:43,Domicile,Domicile
987014104,2020-03-10 08:08:01,Domicile,Domicile
987014104,2020-03-10 08:13:21,Domicile,Domicile
987014104,2020-03-10 08:18:21,Domicile,Domicile
987014104,2020-03-10 08:23:21,Domicile,Domicile
987014104,2020-03-10 08:28:21,Domicile,Domicile
987014104,2020-03-10 08:33:36,Domicile,Domicile
987014104,2020-03-10 08:38:55,Domicile,Domicile
987014104,2020-03-10 08:44:22,Domicile,Domicile
987014104,2020-03-10 08:49:28,Domicile,Domicile
987014104,2020-03-10 08:54:43,Domicile,Domicile
987014104,2020-03-10 08:59:51,Domicile,Domicile
987014104,2020-03-10 09:05:01,Domicile,Domicile
987014104,2020-03-10 09:10:09,Domicile,Domicile
987014104,2020-03-10 09:15:27,Domicile,Domicile
987014104,2020-03-10 09:20:37,Domicile,Domicile
987014104,2020-03-10 09:30:53,Vélo,Domicile
987014104,2020-03-10 09:36:44,Vélo,Domicile
987014104,2020-03-10 09:43:50,Vélo,Domicile
987014104,2020-03-10 09:48:51,Vélo,Domicile
987014104,2020-03-10 09:58:16,Bureau,Bureau
987014104,2020-03-10 10:03:32,Bureau,Bureau
987014104,2020-03-10 10:08:56,Bureau,Bureau
987014104,2020-03-10 10:14:47,Bureau,Bureau
987014104,2020-03-10 10:20:01,Bureau,Bureau
987014104,2020-03-10 10:25:18,Bureau,Bureau
987014104,2020-03-10 10:31:01,Bureau,Bureau
987014104,2020-03-10 10:36:29,Bureau,Bureau
987014104,2020-03-10 10:41:49,Bureau,Bureau
987014104,2020-03-10 10:48:08,Bureau,Bureau
987014104,2020-03-10 10:53:22,Bureau,Bureau
987014104,2020-03-10 10:58:41,Bureau,Bureau
987014104,2020-03-10 11:04:09,Bureau,Bureau
987014104,2020-03-10 11:09:47,Bureau,Bureau
987014104,2020-03-10 11:15:01,Bureau,Bureau
987014104,2020-03-10 11:21:05,Bureau,Bureau
987014104,2020-03-10 11:26:26,Bureau,Bureau
987014104,2020-03-10 11:31:35,Bureau,Bureau
987014104,2020-03-10 11:37:31,Bureau,Bureau
987014104,2020-03-10 11:42:37,Bureau,Bureau
987014104,2020-03-10 11:48:08,Bureau,Bureau
987014104,2020-03-10 11:53:40,Bureau,Bureau
987014104,2020-03-10 11:59:30,Bureau,Bureau
987014104,2020-03-10 12:05:05,Bureau,Bureau
987014104,2020-03-10 12:10:28,Bureau,Bureau
987014104,2020-03-10 12:16:16,Bureau,Bureau
987014104,2020-03-10 12:21:25,Bureau,Bureau
987014104,2020-03-10 12:26:47,Bureau,Bureau
987014104,2020-03-10 12:31:50,Bureau,Bureau
987014104,2020-03-10 12:37:47,Bureau,Bureau
987014104,2020-03-10 12:43:09,Bureau,Bureau
987014104,2020-03-10 12:48:47,Bureau,Bureau
987014104,2020-03-10 12:53:50,Bureau,Bureau
987014104,2020-03-10 13:00:04,Bureau,Bureau
987014104,2020-03-10 13:05:21,Bureau,Bureau
987014104,2020-03-10 13:10:47,Bureau,Bureau
987014104,2020-03-10 13:16:09,Bureau,Bureau
987014104,2020-03-10 13:21:39,Bureau,Bureau
987014104,2020-03-10 13:27:10,Bureau,Bureau
987014104,2020-03-10 13:32:47,Bureau,Bureau
987014104,2020-03-10 13:38:07,Bureau,Bureau
987014104,2020-03-10 13:43:35,Bureau,Bureau
987014104,2020-03-10 13:49:03,Bureau,Bureau
987014104,2020-03-10 13:54:46,Bureau,Bureau
987014104,2020-03-10 14:00:21,Bureau,Bureau
987014104,2020-03-10 14:06:09,Bureau,Bureau
987014104,2020-03-10 14:11:15,Bureau,Bureau
987014104,2020-03-10 14:16:47,Bureau,Bureau
987014104,2020-03-10 14:22:08,Bureau,Bureau
987014104,2020-03-10 14:27:45,Bureau,Bureau
987014104,2020-03-10 14:33:27,Bureau,Bureau
987014104,2020-03-10 14:38:47,Bureau,Bureau
987014104,2020-03-10 14:44:09,Bureau,Bureau
987014104,2020-03-10 14:49:21,Bureau,Bureau
987014104,2020-03-10 14:55:09,Bureau,Bureau
987014104,2020-03-10 15:00:47,Bureau,Bureau
987014104,2020-03-10 15:06:07,Bureau,Bureau
987014104,2020-03-10 15:11:47,Bureau,Bureau
987014104,2020-03-10 15:17:09,Bureau,Bureau
987014104,2020-03-10 15:22:23,Bureau,Bureau
987014104,2020-03-10 15:28:01,Bureau,Bureau
987014104,2020-03-10 15:33:23,Bureau,Bureau
987014104,2020-03-10 15:39:08,Bureau,Bureau
987014104,2020-03-10 15:44:31,Bureau,Bureau
987014104,2020-03-10 15:50:07,Bureau,Bureau
987014104,2020-03-10 15:55:45,Bureau,Bureau
987014104,2020-03-10 16:00:55,Bureau,Bureau
987014104,2020-03-10 16:06:30,Bureau,Bureau
987014104,2020-03-10 16:11:38,Bureau,Bureau
987014104,2020-03-10 16:17:32,Bureau,Bureau
987014104,2020-03-10 16:22:38,Bureau,Bureau
987014104,2020-03-10 16:28:28,Bureau,Bureau
987014104,2020-03-10 16:34:04,Bureau,Bureau
987014104,2020-03-10 16:39:10,Bureau,Bureau
987014104,2020-03-10 16:45:01,Bureau,Bureau
987014104,2020-03-10 16:50:42,Bureau,Bureau
987014104,2020-03-10 16:55:44,Bureau,Bureau
987014104,2020-03-10 17:01:27,Bureau,Bureau
987014104,2020-03-10 17:06:48,Bureau,Bureau
987014104,2020-03-10 17:12:08,Bureau,Bureau
987014104,2020-03-10 17:17:54,Bureau,Bureau
987014104,2020-03-10 17:23:09,Bureau,Bureau
987014104,2020-03-10 17:28:38,Bureau,Bureau
987014104,2020-03-10 17:33:48,Bureau,Bureau
987014104,2020-03-10 17:40:05,Bureau,Bureau
987014104,2020-03-10 17:45:22,Bureau,Bureau
987014104,2020-03-10 17:51:08,Bureau,Bureau
987014104,2020-03-10 17:56:25,Bureau,Bureau
987014104,2020-03-10 18:02:13,Bureau,Bureau
987014104,2020-03-10 18:08:02,Bureau,Bureau
987014104,2020-03-10 18:13:03,Bureau,Bureau
987014104,2020-03-10 18:19:02,Bureau,Bureau
987014104,2020-03-10 18:25:01,Bureau,Bureau
987014104,2020-03-10 18:30:02,Bureau,Bureau
987014104,2020-03-10 18:35:55,Bureau,Bureau
987014104,2020-03-10 18:41:12,Bureau,Bureau
987014104,2020-03-10 18:46:52,Bureau,Bureau
987014104,2020-03-10 18:51:52,Bureau,Bureau
987014104,2020-03-10 18:57:22,Bureau,Bureau
987014104,2020-03-10 19:02:32,Bureau,Bureau
987014104,2020-03-10 19:07:46,Bureau,Bureau
987014104,2020-03-10 19:12:58,Bureau,Bureau
987014104,2020-03-10 19:18:14,Bureau,Bureau
987014104,2020-03-10 19:23:47,Bureau,Bureau
987014104,2020-03-10 19:28:58,Bureau,Bureau
987014104,2020-03-10 19:34:44,Bureau,Bureau
987014104,2020-03-10 19:40:40,Bureau,Bureau
987014104,2020-03-10 19:45:48,Bureau,Bureau
987014104,2020-03-10 19:51:16,Bureau,Bureau
987014104,2020-03-10 19:56:29,Bureau,Bureau
987014104,2020-03-10 20:01:30,Bureau,Bureau
987014104,2020-03-10 20:11:30,Vélo,Vélo
987014104,2020-03-10 20:16:36,Vélo,Vélo
987014104,2020-03-10 20:31:43,Vélo,3.0
987014104,2020-03-10 20:36:45,Vélo,3.0
987014104,2020-03-10 20:41:50,Vélo,3.0
987014104,2020-03-10 20:52:04,Domicile,3.0
987014104,2020-03-10 20:57:11,Domicile,3.0
987014104,2020-03-10 21:02:11,Domicile,3.0
987014104,2020-03-10 21:07:23,Domicile,Domicile
987014104,2020-03-10 21:12:25,Domicile,Domicile
987014104,2020-03-10 21:17:46,Domicile,Domicile
987014104,2020-03-10 21:23:08,Domicile,Domicile
987014104,2020-03-10 21:28:27,Domicile,Domicile
987014104,2020-03-10 21:33:29,Domicile,Domicile
987014104,2020-03-10 21:38:47,Domicile,Domicile
987014104,2020-03-10 21:44:05,Domicile,Domicile
987014104,2020-03-10 21:49:25,Domicile,Domicile
987014104,2020-03-10 21:54:32,Domicile,Domicile
987014104,2020-03-10 21:59:38,Domicile,Domicile
987014104,2020-03-10 22:04:56,Domicile,Domicile
987014104,2020-03-10 22:09:57,Domicile,Domicile
987014104,2020-03-10 22:15:15,Domicile,Domicile
987014104,2020-03-10 22:20:19,Domicile,Domicile
987014104,2020-03-10 22:25:37,Domicile,Domicile
987014104,2020-03-10 22:30:47,Domicile,Domicile
987014104,2020-03-10 22:35:51,Domicile,Domicile
987014104,2020-03-10 22:41:06,Domicile,Domicile
987014104,2020-03-10 22:46:11,Domicile,Domicile
987014104,2020-03-10 22:51:21,Domicile,Domicile
987014104,2020-03-10 22:56:44,Domicile,Domicile
987014104,2020-03-10 23:01:47,Domicile,Domicile
987014104,2020-03-10 23:07:10,Domicile,Domicile
987014104,2020-03-10 23:12:21,Domicile,Domicile
987014104,2020-03-10 23:17:35,Domicile,Domicile
987014104,2020-03-10 23:22:57,Domicile,Domicile
987014104,2020-03-10 23:28:03,Domicile,Domicile
987014104,2020-03-10 23:33:24,Domicile,Domicile
987014104,2020-03-10 23:38:39,Domicile,Domicile
987014104,2020-03-10 23:43:42,Domicile,Domicile
987014104,2020-03-10 23:49:01,Domicile,Domicile
987014104,2020-03-10 23:55:15,Domicile,Domicile
987014104,2020-03-11 00:01:15,Domicile,Domicile
987014104,2020-03-11 00:06:22,Domicile,Domicile
987014104,2020-03-11 00:11:32,Domicile,Domicile
987014104,2020-03-11 00:17:07,Domicile,Domicile
987014104,2020-03-11 00:22:22,Domicile,Domicile
987014104,2020-03-11 00:28:02,Domicile,Domicile
987014104,2020-03-11 00:33:18,Domicile,Domicile
987014104,2020-03-11 00:38:22,Domicile,Domicile
987014104,2020-03-11 00:43:22,Domicile,Domicile
987014104,2020-03-11 00:49:14,Domicile,Domicile
987014104,2020-03-11 00:54:22,Domicile,Domicile
987014104,2020-03-11 00:59:28,Domicile,Domicile
987014104,2020-03-11 01:04:55,Domicile,Domicile
987014104,2020-03-11 01:10:01,Domicile,Domicile
987014104,2020-03-11 01:15:56,Domicile,Domicile
987014104,2020-03-11 01:20:57,Domicile,Domicile
987014104,2020-03-11 01:26:12,Domicile,Domicile
987014104,2020-03-11 01:31:25,Domicile,Domicile
987014104,2020-03-11 01:36:47,Domicile,Domicile
987014104,2020-03-11 01:42:01,Domicile,Domicile
987014104,2020-03-11 01:47:06,Domicile,Domicile
987014104,2020-03-11 01:52:12,Domicile,Domicile
987014104,2020-03-11 01:57:22,Domicile,Domicile
987014104,2020-03-11 02:03:13,Domicile,Domicile
987014104,2020-03-11 02:08:22,Domicile,Domicile
987014104,2020-03-11 02:13:25,Domicile,Domicile
987014104,2020-03-11 02:19:01,Domicile,Domicile
987014104,2020-03-11 02:24:01,Domicile,Domicile
987014104,2020-03-11 02:30:02,Domicile,Domicile
987014104,2020-03-11 02:36:02,Domicile,Domicile
987014104,2020-03-11 02:41:22,Domicile,Domicile
987014104,2020-03-11 02:46:33,Domicile,Domicile
987014104,2020-03-11 02:51:52,Domicile,Domicile
987014104,2020-03-11 02:57:03,Domicile,Domicile
987014104,2020-03-11 03:02:16,Domicile,Domicile
987014104,2020-03-11 03:07:22,Domicile,Domicile
987014104,2020-03-11 03:12:41,Domicile,Domicile
987014104,2020-03-11 03:17:57,Domicile,Domicile
987014104,2020-03-11 03:24:04,Domicile,Domicile
987014104,2020-03-11 03:29:16,Domicile,Domicile
987014104,2020-03-11 03:34:22,Domicile,Domicile
987014104,2020-03-11 03:39:22,Domicile,Domicile
987014104,2020-03-11 03:44:23,Domicile,Domicile
987014104,2020-03-11 03:49:31,Domicile,Domicile
987014104,2020-03-11 03:54:46,Domicile,Domicile
987014104,2020-03-11 04:01:04,Domicile,Domicile
987014104,2020-03-11 04:06:23,Domicile,Domicile
987014104,2020-03-11 04:11:25,Domicile,Domicile
987014104,2020-03-11 04:17:01,Domicile,Domicile
987014104,2020-03-11 04:22:16,Domicile,Domicile
987014104,2020-03-11 04:27:22,Domicile,Domicile
987014104,2020-03-11 04:32:22,Domicile,Domicile
987014104,2020-03-11 04:37:44,Domicile,Domicile
987014104,2020-03-11 04:43:01,Domicile,Domicile
987014104,2020-03-11 04:48:01,Domicile,Domicile
987014104,2020-03-11 04:53:01,Domicile,Domicile
987014104,2020-03-11 04:59:02,Domicile,Domicile
987014104,2020-03-11 05:04:02,Domicile,Domicile
987014104,2020-03-11 05:09:17,Domicile,Domicile
987014104,2020-03-11 05:15:02,Domicile,Domicile
987014104,2020-03-11 05:20:22,Domicile,Domicile
987014104,2020-03-11 05:25:29,Domicile,Domicile
987014104,2020-03-11 05:31:01,Domicile,Domicile
987014104,2020-03-11 05:36:01,Domicile,Domicile
987014104,2020-03-11 05:41:01,Domicile,Domicile
987014104,2020-03-11 05:46:01,Domicile,Domicile
987014104,2020-03-11 05:51:17,Domicile,Domicile
987014104,2020-03-11 05:56:25,Domicile,Domicile
987014104,2020-03-11 06:01:55,Domicile,Domicile
987014104,2020-03-11 06:08:08,Domicile,Domicile
987014104,2020-03-11 06:13:23,Domicile,Domicile
987014104,2020-03-11 06:19:07,Domicile,Domicile
987014104,2020-03-11 06:24:23,Domicile,Domicile
987014104,2020-03-11 06:29:45,Domicile,Domicile
987014104,2020-03-11 06:35:08,Domicile,Domicile
987014104,2020-03-11 06:41:02,Domicile,Domicile
987014104,2020-03-11 06:46:41,Domicile,Domicile
987014104,2020-03-11 06:51:55,Domicile,Domicile
987014104,2020-03-11 06:57:16,Domicile,Domicile
987014104,2020-03-11 07:03:08,Domicile,Domicile
987014104,2020-03-11 07:09:08,Domicile,Domicile
987014104,2020-03-11 07:15:03,Domicile,Domicile
987014104,2020-03-11 07:20:12,Domicile,Domicile
987014104,2020-03-11 07:25:26,Domicile,Domicile
987014104,2020-03-11 07:31:02,Domicile,Domicile
987014104,2020-03-11 07:36:22,Domicile,Domicile
987014104,2020-03-11 07:42:01,Domicile,Domicile
987014104,2020-03-11 07:47:09,Domicile,Domicile
987014104,2020-03-11 07:52:23,Domicile,Domicile
987014104,2020-03-11 07:57:31,Domicile,Domicile
987014104,2020-03-11 08:02:48,Domicile,Domicile
987014104,2020-03-11 08:08:08,Domicile,Domicile
987014104,2020-03-11 08:13:12,Domicile,Domicile
987014104,2020-03-11 08:18:50,Domicile,Domicile
987014104,2020-03-11 08:24:03,Domicile,Domicile
987014104,2020-03-11 08:29:41,Domicile,Domicile
987014104,2020-03-11 08:35:10,Domicile,Domicile
987014104,2020-03-11 08:40:16,Domicile,Domicile
987014104,2020-03-11 08:45:23,Domicile,Domicile
987014104,2020-03-11 08:50:46,Domicile,Domicile
987014104,2020-03-11 08:55:49,Domicile,Domicile
987014104,2020-03-11 09:01:13,Domicile,Domicile
987014104,2020-03-11 09:06:23,Domicile,Domicile
987014104,2020-03-11 09:11:33,Domicile,Domicile
987014104,2020-03-11 09:16:55,Domicile,Domicile
987014104,2020-03-11 09:22:36,Domicile,Domicile
987014104,2020-03-11 09:27:47,Domicile,Domicile
987014104,2020-03-11 09:32:56,Domicile,Domicile
987014104,2020-03-11 09:38:01,Domicile,Domicile
987014104,2020-03-11 09:43:01,Domicile,Domicile
987014104,2020-03-11 09:48:01,Domicile,Domicile
987014104,2020-03-11 09:53:12,Domicile,Domicile
987014104,2020-03-11 09:58:22,Domicile,Domicile
987014104,2020-03-11 10:03:25,Domicile,Domicile
987014104,2020-03-11 10:08:56,Domicile,Domicile
987014104,2020-03-11 10:14:01,Domicile,Domicile
987014104,2020-03-11 10:19:01,Domicile,Domicile
987014104,2020-03-11 10:24:57,Domicile,Domicile
987014104,2020-03-11 10:30:02,Domicile,Domicile
987014104,2020-03-11 10:35:22,Domicile,Domicile
987014104,2020-03-11 10:41:04,Domicile,Domicile
987014104,2020-03-11 10:46:17,Domicile,Domicile
987014104,2020-03-11 10:51:22,Domicile,Domicile
987014104,2020-03-11 10:57:08,Domicile,Domicile
987014104,2020-03-11 11:03:02,Domicile,Domicile
987014104,2020-03-11 11:09:13,Domicile,Domicile
987014104,2020-03-11 11:14:22,Domicile,Domicile
987014104,2020-03-11 11:20:08,Domicile,Domicile
987014104,2020-03-11 11:26:02,Domicile,Domicile
987014104,2020-03-11 11:31:18,Domicile,Domicile
987014104,2020-03-11 11:36:22,Domicile,Domicile
987014104,2020-03-11 11:47:12,Magasin,indoor
987014104,2020-03-11 11:52:23,Magasin,indoor
987014104,2020-03-11 12:08:02,Domicile,Domicile
987014104,2020-03-11 12:13:12,Domicile,Domicile
987014104,2020-03-11 12:18:21,Domicile,Domicile
987014104,2020-03-11 12:23:22,Domicile,Domicile
987014104,2020-03-11 12:29:02,Domicile,Domicile
987014104,2020-03-11 12:35:02,Domicile,Domicile
987014104,2020-03-11 12:40:16,Domicile,Domicile
987014104,2020-03-11 12:45:27,Domicile,Domicile
987014104,2020-03-11 14:04:30,Domicile,Domicile
987014104,2020-03-11 14:10:03,Domicile,Domicile
987014104,2020-03-11 14:15:08,Domicile,Domicile
987014104,2020-03-11 14:20:17,Domicile,Domicile
987014104,2020-03-11 14:25:26,Domicile,Domicile
987014104,2020-03-11 14:30:44,Domicile,Domicile
987014104,2020-03-11 14:35:52,Domicile,Domicile
987014104,2020-03-11 14:41:18,Domicile,Domicile
987014104,2020-03-11 14:46:21,Domicile,Domicile
987014104,2020-03-11 14:51:24,Domicile,Domicile
987014104,2020-03-11 14:56:56,Domicile,Domicile
987014104,2020-03-11 15:02:05,Domicile,Domicile
987014104,2020-03-11 15:07:22,Domicile,Domicile
987014104,2020-03-11 15:12:41,Domicile,Domicile
987014104,2020-03-11 15:17:46,Domicile,Domicile
987014104,2020-03-11 15:22:55,Domicile,Domicile
987014104,2020-03-11 15:28:21,Domicile,Domicile
987014104,2020-03-11 15:33:39,Domicile,Domicile
987014104,2020-03-11 15:39:54,Domicile,Domicile
987014104,2020-03-11 15:45:40,Domicile,Domicile
987014104,2020-03-11 15:50:56,Domicile,Domicile
987014104,2020-03-11 15:56:48,Domicile,Domicile
987014104,2020-03-11 16:01:53,Domicile,Domicile
987014104,2020-03-11 16:07:56,Domicile,Domicile
987014104,2020-03-11 16:13:41,Domicile,Domicile
987014104,2020-03-11 16:18:57,Domicile,Domicile
987014104,2020-03-11 16:24:40,Domicile,Domicile
987014104,2020-03-11 16:30:01,Domicile,Domicile
987014104,2020-03-11 16:35:44,Domicile,Domicile
987014104,2020-03-11 16:40:48,Domicile,Domicile
987014104,2020-03-11 16:45:56,Domicile,Domicile
987014104,2020-03-11 16:51:07,Domicile,Domicile
987014104,2020-03-11 16:56:23,Domicile,Domicile
987014104,2020-03-11 17:01:25,Domicile,Domicile
987014104,2020-03-11 17:06:46,Domicile,Domicile
987014104,2020-03-11 17:11:51,Domicile,Domicile
987014104,2020-03-11 17:16:59,Domicile,Domicile
987014104,2020-03-11 17:22:07,Domicile,Domicile
987014104,2020-03-11 17:27:21,Domicile,Domicile
987014104,2020-03-11 17:33:01,Domicile,Domicile
987014104,2020-03-11 17:38:07,Domicile,Domicile
987014104,2020-03-11 17:43:11,Domicile,Domicile
987014104,2020-03-11 17:48:44,Domicile,Domicile
987014104,2020-03-11 17:54:07,Domicile,Domicile
987014104,2020-03-11 17:59:24,Domicile,Domicile
987014104,2020-03-11 18:04:45,Domicile,Domicile
987014104,2020-03-11 18:09:48,Domicile,Domicile
987014104,2020-03-11 18:15:10,Domicile,Domicile
987014104,2020-03-11 18:20:23,Domicile,Domicile
987014104,2020-03-11 18:25:24,Domicile,Domicile
987014104,2020-03-11 18:30:40,Domicile,Domicile
987014104,2020-03-11 18:35:59,Domicile,Domicile
987014104,2020-03-11 18:41:58,Domicile,Domicile
987014104,2020-03-11 18:47:41,Domicile,Domicile
987014104,2020-03-11 18:52:44,Domicile,Domicile
987014104,2020-03-11 18:58:01,Domicile,Domicile
987014104,2020-03-11 19:03:01,Domicile,Domicile
987014104,2020-03-11 19:08:33,Domicile,Domicile
987014104,2020-03-11 19:13:57,Domicile,Domicile
987014104,2020-03-11 19:19:03,Domicile,Domicile
987014104,2020-03-11 19:24:22,Domicile,Domicile
987014104,2020-03-11 19:29:32,Domicile,Domicile
987014104,2020-03-11 19:34:45,Domicile,Domicile
987014104,2020-03-11 19:40:18,Domicile,Domicile
987014104,2020-03-11 19:45:54,Domicile,Domicile
987014104,2020-03-11 19:51:31,Domicile,Domicile
987014104,2020-03-11 19:56:45,Domicile,Domicile
987014104,2020-03-11 20:01:58,Domicile,Domicile
987014104,2020-03-11 20:07:01,Domicile,Domicile
987014104,2020-03-11 20:12:22,Domicile,Domicile
987014104,2020-03-11 20:17:37,Domicile,Domicile
987014104,2020-03-11 20:22:49,Domicile,Domicile
987014104,2020-03-11 20:28:13,Domicile,Domicile
987014104,2020-03-11 20:33:29,Domicile,Domicile
987014104,2020-03-11 20:38:31,Domicile,Domicile
987014104,2020-03-11 20:43:37,Domicile,Domicile
987014104,2020-03-11 20:48:39,Domicile,Domicile
987014104,2020-03-11 20:53:42,Domicile,Domicile
987014104,2020-03-11 20:58:49,Domicile,Domicile
987014104,2020-03-11 21:03:58,Domicile,Domicile
987014104,2020-03-11 21:09:02,Domicile,Domicile
987014104,2020-03-11 21:14:19,Domicile,Domicile
987014104,2020-03-11 21:19:58,Domicile,Domicile
987014104,2020-03-11 21:25:40,Domicile,Domicile
987014104,2020-03-11 21:31:01,Domicile,Domicile
987014104,2020-03-11 21:36:52,Domicile,Domicile
987014104,2020-03-11 21:41:52,Domicile,Domicile
987014104,2020-03-11 21:46:56,Domicile,Domicile
987014104,2020-03-11 21:52:22,Domicile,Domicile
987014104,2020-03-11 21:57:22,Domicile,Domicile
987014104,2020-03-11 22:02:41,Domicile,Domicile
987014104,2020-03-11 22:07:50,Domicile,Domicile
987014104,2020-03-11 22:12:54,Domicile,Domicile
987014104,2020-03-11 22:18:01,Domicile,Domicile
987014104,2020-03-11 22:23:19,Domicile,Domicile
987014104,2020-03-11 22:28:22,Domicile,Domicile
987014104,2020-03-11 22:33:28,Domicile,Domicile
987014104,2020-03-11 22:38:46,Domicile,Domicile
987014104,2020-03-11 22:44:19,Domicile,Domicile
987014104,2020-03-11 22:49:22,Domicile,Domicile
987014104,2020-03-11 22:54:22,Domicile,Domicile
987014104,2020-03-11 22:59:22,Domicile,Domicile
987014104,2020-03-11 23:04:47,Domicile,Domicile
987014104,2020-03-11 23:09:50,Domicile,Domicile
987014104,2020-03-11 23:15:58,Domicile,Domicile
987014104,2020-03-11 23:21:49,Domicile,Domicile
987014104,2020-03-11 23:27:49,Domicile,Domicile
987014104,2020-03-11 23:32:52,Domicile,Domicile
987014104,2020-03-11 23:38:07,Domicile,Domicile
987014104,2020-03-11 23:43:07,Domicile,Domicile
987014104,2020-03-11 23:48:22,Domicile,Domicile
987014104,2020-03-11 23:53:27,Domicile,Domicile
987014104,2020-03-11 23:59:26,Domicile,Domicile
987014104,2020-03-12 00:04:33,Domicile,Domicile
987014104,2020-03-12 00:09:45,Domicile,Domicile
987014104,2020-03-12 00:15:22,Domicile,Domicile
987014104,2020-03-12 00:20:31,Domicile,Domicile
987014104,2020-03-12 00:25:49,Domicile,Domicile
987014104,2020-03-12 00:31:49,Domicile,Domicile
987014104,2020-03-12 00:37:12,Domicile,Domicile
987014104,2020-03-12 00:42:32,Domicile,Domicile
987014104,2020-03-12 00:47:58,Domicile,Domicile
987014104,2020-03-12 00:53:55,Domicile,Domicile
987014104,2020-03-12 00:59:52,Domicile,Domicile
987014104,2020-03-12 01:05:01,Domicile,Domicile
987014104,2020-03-12 01:10:22,Domicile,Domicile
987014104,2020-03-12 01:15:30,Domicile,Domicile
987014104,2020-03-12 01:20:46,Domicile,Domicile
987014104,2020-03-12 01:25:50,Domicile,Domicile
987014104,2020-03-12 01:31:33,Domicile,Domicile
987014104,2020-03-12 01:37:34,Domicile,Domicile
987014104,2020-03-12 01:43:31,Domicile,Domicile
987014104,2020-03-12 01:48:37,Domicile,Domicile
987014104,2020-03-12 01:54:01,Domicile,Domicile
987014104,2020-03-12 01:59:25,Domicile,Domicile
987014104,2020-03-12 02:04:27,Domicile,Domicile
987014104,2020-03-12 02:09:46,Domicile,Domicile
987014104,2020-03-12 02:15:22,Domicile,Domicile
987014104,2020-03-12 02:20:38,Domicile,Domicile
987014104,2020-03-12 02:26:35,Domicile,Domicile
987014104,2020-03-12 02:31:35,Domicile,Domicile
987014104,2020-03-12 02:37:04,Domicile,Domicile
987014104,2020-03-12 02:42:19,Domicile,Domicile
987014104,2020-03-12 02:47:52,Domicile,Domicile
987014104,2020-03-12 02:53:27,Domicile,Domicile
987014104,2020-03-12 02:58:46,Domicile,Domicile
987014104,2020-03-12 03:04:01,Domicile,Domicile
987014104,2020-03-12 03:09:06,Domicile,Domicile
987014104,2020-03-12 03:14:37,Domicile,Domicile
987014104,2020-03-12 03:19:58,Domicile,Domicile
987014104,2020-03-12 03:25:12,Domicile,Domicile
987014104,2020-03-12 03:30:18,Domicile,Domicile
987014104,2020-03-12 03:35:27,Domicile,Domicile
987014104,2020-03-12 03:40:40,Domicile,Domicile
987014104,2020-03-12 03:45:52,Domicile,Domicile
987014104,2020-03-12 03:51:55,Domicile,Domicile
987014104,2020-03-12 03:56:55,Domicile,Domicile
987014104,2020-03-12 04:02:49,Domicile,Domicile
987014104,2020-03-12 04:08:04,Domicile,Domicile
987014104,2020-03-12 04:13:29,Domicile,Domicile
987014104,2020-03-12 04:18:33,Domicile,Domicile
987014104,2020-03-12 04:23:46,Domicile,Domicile
987014104,2020-03-12 04:29:01,Domicile,Domicile
987014104,2020-03-12 04:34:27,Domicile,Domicile
987014104,2020-03-12 04:39:46,Domicile,Domicile
987014104,2020-03-12 04:45:25,Domicile,Domicile
987014104,2020-03-12 04:50:28,Domicile,Domicile
987014104,2020-03-12 04:55:33,Domicile,Domicile
987014104,2020-03-12 05:00:47,Domicile,Domicile
987014104,2020-03-12 05:05:52,Domicile,Domicile
987014104,2020-03-12 05:11:04,Domicile,Domicile
987014104,2020-03-12 05:16:04,Domicile,Domicile
987014104,2020-03-12 05:21:26,Domicile,Domicile
987014104,2020-03-12 05:27:01,Domicile,Domicile
987014104,2020-03-12 05:32:11,Domicile,Domicile
987014104,2020-03-12 05:37:30,Domicile,Domicile
987014104,2020-03-12 05:42:46,Domicile,Domicile
987014104,2020-03-12 05:48:01,Domicile,Domicile
987014104,2020-03-12 05:53:01,Domicile,Domicile
987014104,2020-03-12 05:58:25,Domicile,Domicile
987014104,2020-03-12 06:04:25,Domicile,Domicile
987014104,2020-03-12 06:10:01,Domicile,Domicile
987014104,2020-03-12 06:15:16,Domicile,Domicile
987014104,2020-03-12 06:20:24,Domicile,Domicile
987014104,2020-03-12 06:25:42,Domicile,Domicile
987014104,2020-03-12 06:30:51,Domicile,Domicile
987014104,2020-03-12 06:35:55,Domicile,Domicile
987014104,2020-03-12 06:41:01,Domicile,Domicile
987014104,2020-03-12 06:46:27,Domicile,Domicile
987014104,2020-03-12 06:52:21,Domicile,Domicile
987014104,2020-03-12 06:58:40,Domicile,Domicile
987014104,2020-03-12 07:03:53,Domicile,Domicile
987014104,2020-03-12 07:09:01,Domicile,Domicile
987014104,2020-03-12 07:14:27,Domicile,Domicile
987014104,2020-03-12 07:19:41,Domicile,Domicile
987014104,2020-03-12 07:24:47,Domicile,Domicile
987014104,2020-03-12 07:29:54,Domicile,Domicile
987014104,2020-03-12 07:35:09,Domicile,Domicile
987014104,2020-03-12 07:40:14,Domicile,Domicile
987014104,2020-03-12 07:45:52,Domicile,Domicile
987014104,2020-03-12 07:50:58,Domicile,Domicile
987014104,2020-03-12 07:55:58,Domicile,Domicile
987014104,2020-03-12 08:00:59,Domicile,Domicile
987014104,2020-03-12 08:06:07,Domicile,Domicile
987014104,2020-03-12 08:11:42,Domicile,Domicile
987014104,2020-03-12 08:16:59,Domicile,Domicile
987014104,2020-03-12 08:22:18,Domicile,Domicile
987014104,2020-03-12 08:27:41,Domicile,Domicile
987014104,2020-03-12 08:33:04,Domicile,Domicile
987014104,2020-03-12 08:38:21,Domicile,Domicile
987014104,2020-03-12 08:44:40,Domicile,Domicile
987014104,2020-03-12 08:49:58,Domicile,Domicile
987014104,2020-03-12 08:55:07,Domicile,Domicile
987014104,2020-03-12 09:00:10,Domicile,Domicile
987014104,2020-03-12 09:05:21,Domicile,Domicile
987014104,2020-03-12 09:10:42,Domicile,Domicile
987014104,2020-03-12 09:15:47,Domicile,Domicile
987014104,2020-03-12 09:21:45,Domicile,Domicile
987014104,2020-03-12 09:32:17,Vélo,Vélo
987014104,2020-03-12 09:37:17,Vélo,Vélo
987014104,2020-03-12 09:42:18,Vélo,Vélo
987014104,2020-03-12 09:57:28,Bureau,Bureau
987014104,2020-03-12 10:03:01,Bureau,Bureau
987014104,2020-03-12 10:08:47,Bureau,Bureau
987014104,2020-03-12 10:14:25,Bureau,Bureau
987014104,2020-03-12 10:20:09,Bureau,Bureau
987014104,2020-03-12 10:25:21,Bureau,Bureau
987014104,2020-03-12 10:30:47,Bureau,Bureau
987014104,2020-03-12 10:36:09,Bureau,Bureau
987014104,2020-03-12 10:41:47,Bureau,Bureau
987014104,2020-03-12 10:47:09,Bureau,Bureau
987014104,2020-03-12 10:52:30,Bureau,Bureau
987014104,2020-03-12 10:58:16,Bureau,Bureau
987014104,2020-03-12 11:03:27,Bureau,Bureau
987014104,2020-03-12 11:09:03,Bureau,Bureau
987014104,2020-03-12 11:14:20,Bureau,Bureau
987014104,2020-03-12 11:19:47,Bureau,Bureau
987014104,2020-03-12 11:25:00,Bureau,Bureau
987014104,2020-03-12 11:31:01,Bureau,Bureau
987014104,2020-03-12 11:36:28,Bureau,Bureau
987014104,2020-03-12 11:42:01,Bureau,Bureau
987014104,2020-03-12 11:47:10,Bureau,Bureau
987014104,2020-03-12 11:53:01,Bureau,Bureau
987014104,2020-03-12 11:59:05,Bureau,Bureau
987014104,2020-03-12 12:04:09,Bureau,Bureau
987014104,2020-03-12 12:09:47,Bureau,Bureau
987014104,2020-03-12 12:14:57,Bureau,Bureau
987014104,2020-03-12 12:20:07,Bureau,Bureau
987014104,2020-03-12 12:25:21,Bureau,Bureau
987014104,2020-03-12 12:30:39,Bureau,Bureau
987014104,2020-03-12 12:35:47,Bureau,Bureau
987014104,2020-03-12 12:41:00,Bureau,Bureau
987014104,2020-03-12 12:46:09,Bureau,Bureau
987014104,2020-03-12 12:51:21,Bureau,Bureau
987014104,2020-03-12 12:56:37,Bureau,Bureau
987014104,2020-03-12 13:02:14,Bureau,Bureau
987014104,2020-03-12 13:07:41,Bureau,Bureau
987014104,2020-03-12 13:12:44,Bureau,Bureau
987014104,2020-03-12 13:17:45,Bureau,Bureau
987014104,2020-03-12 13:23:48,Bureau,Bureau
987014104,2020-03-12 13:29:40,Bureau,Bureau
987014104,2020-03-12 13:35:37,Bureau,Bureau
987014104,2020-03-12 13:40:44,Bureau,Bureau
987014104,2020-03-12 13:45:55,Bureau,Bureau
987014104,2020-03-12 13:51:14,Bureau,Bureau
987014104,2020-03-12 13:56:32,Bureau,Bureau
987014104,2020-03-12 14:01:34,Bureau,Bureau
987014104,2020-03-12 14:06:46,Bureau,Bureau
987014104,2020-03-12 14:12:04,Bureau,Bureau
987014104,2020-03-12 14:17:18,Bureau,Bureau
987014104,2020-03-12 14:22:18,Bureau,Bureau
987014104,2020-03-12 14:27:46,Bureau,Bureau
987014104,2020-03-12 14:33:37,Bureau,Bureau
987014104,2020-03-12 14:39:40,Bureau,Bureau
987014104,2020-03-12 14:44:47,Bureau,Bureau
987014104,2020-03-12 14:50:12,Bureau,Bureau
987014104,2020-03-12 14:55:53,Bureau,Bureau
987014104,2020-03-12 15:01:01,Bureau,Bureau
987014104,2020-03-12 15:06:12,Bureau,Bureau
987014104,2020-03-12 15:11:18,Bureau,Bureau
987014104,2020-03-12 15:16:18,Bureau,Bureau
987014104,2020-03-12 15:21:18,Bureau,Bureau
987014104,2020-03-12 15:26:54,Bureau,Bureau
987014104,2020-03-12 15:32:10,Bureau,Bureau
987014104,2020-03-12 15:37:11,Bureau,Bureau
987014104,2020-03-12 15:42:12,Bureau,Bureau
987014104,2020-03-12 15:47:19,Bureau,Bureau
987014104,2020-03-12 15:52:56,Bureau,Bureau
987014104,2020-03-12 15:58:07,Bureau,Bureau
987014104,2020-03-12 16:03:43,Bureau,Bureau
987014104,2020-03-12 16:09:43,Bureau,Bureau
987014104,2020-03-12 16:14:58,Bureau,Bureau
987014104,2020-03-12 16:20:12,Bureau,Bureau
987014104,2020-03-12 16:25:18,Bureau,Bureau
987014104,2020-03-12 16:30:18,Bureau,Bureau
987014104,2020-03-12 16:35:18,Bureau,Bureau
987014104,2020-03-12 16:40:55,Bureau,Bureau
987014104,2020-03-12 16:46:41,Bureau,Bureau
987014104,2020-03-12 16:51:44,Bureau,Bureau
987014104,2020-03-12 16:56:52,Bureau,Bureau
987014104,2020-03-12 17:02:01,Bureau,Bureau
987014104,2020-03-12 17:07:04,Bureau,Bureau
987014104,2020-03-12 17:12:48,Bureau,Bureau
987014104,2020-03-12 17:18:10,Bureau,Bureau
987014104,2020-03-12 17:23:28,Bureau,Bureau
987014104,2020-03-12 17:28:46,Bureau,Bureau
987014104,2020-03-12 17:33:48,Bureau,Bureau
987014104,2020-03-12 17:38:59,Bureau,Bureau
987014104,2020-03-12 17:44:18,Bureau,Bureau
987014104,2020-03-12 17:49:44,Bureau,Bureau
987014104,2020-03-12 17:55:40,Bureau,Bureau
987014104,2020-03-12 18:00:51,Bureau,Bureau
987014104,2020-03-12 18:06:53,Bureau,Bureau
987014104,2020-03-12 18:12:40,Bureau,Bureau
987014104,2020-03-12 18:17:40,Bureau,Bureau
987014104,2020-03-12 18:23:43,Bureau,Bureau
987014104,2020-03-12 18:28:56,Bureau,Bureau
987014104,2020-03-12 18:34:40,Bureau,Bureau
987014104,2020-03-12 18:39:53,Bureau,Bureau
987014104,2020-03-12 18:44:54,Bureau,Bureau
987014104,2020-03-12 18:50:03,Bureau,Bureau
987014104,2020-03-12 18:55:25,Bureau,Bureau
987014104,2020-03-12 19:00:54,Bureau,Bureau
987014104,2020-03-12 19:06:12,Bureau,Bureau
987014104,2020-03-12 19:11:42,Bureau,Bureau
987014104,2020-03-12 19:16:58,Bureau,Bureau
987014104,2020-03-12 19:27:13,Vélo,Vélo
987014104,2020-03-12 19:32:13,Vélo,Vélo
987014104,2020-03-12 19:37:14,Vélo,Vélo
987014104,2020-03-12 19:47:15,Domicile,indoor
987014104,2020-03-12 19:52:29,Domicile,Domicile
987014104,2020-03-12 19:57:30,Domicile,Domicile
987014104,2020-03-12 20:03:05,Domicile,Domicile
987014104,2020-03-12 20:08:12,Domicile,Domicile
987014104,2020-03-12 20:13:37,Domicile,Domicile
987014104,2020-03-12 20:19:01,Domicile,Domicile
987014104,2020-03-12 20:24:54,Domicile,Domicile
987014104,2020-03-12 20:30:01,Domicile,Domicile
987014104,2020-03-12 20:35:12,Domicile,Domicile
987014104,2020-03-12 20:40:43,Domicile,Domicile
987014104,2020-03-12 20:45:58,Domicile,Domicile
987014104,2020-03-12 20:51:07,Domicile,Domicile
987014104,2020-03-12 20:57:03,Domicile,Domicile
987014104,2020-03-12 21:02:13,Domicile,Domicile
987014104,2020-03-12 21:07:35,Domicile,Domicile
987014104,2020-03-12 21:12:46,Domicile,Domicile
987014104,2020-03-12 21:17:46,Domicile,Domicile
987014104,2020-03-12 21:23:42,Domicile,Domicile
987014104,2020-03-12 21:29:07,Domicile,Domicile
987014104,2020-03-12 21:34:12,Domicile,Domicile
987014104,2020-03-12 21:40:02,Domicile,Domicile
987014104,2020-03-12 21:45:03,Domicile,Domicile
987014104,2020-03-12 21:50:11,Domicile,Domicile
987014104,2020-03-12 21:55:11,Domicile,Domicile
987014104,2020-03-12 22:00:12,Domicile,Domicile
987014104,2020-03-12 22:05:31,Domicile,Domicile
987014104,2020-03-12 22:10:46,Domicile,Domicile
987014104,2020-03-12 22:16:01,Domicile,Domicile
987014104,2020-03-12 22:21:04,Domicile,Domicile
987014104,2020-03-12 22:26:18,Domicile,Domicile
987014104,2020-03-12 22:31:25,Domicile,Domicile
987014104,2020-03-12 22:36:39,Domicile,Domicile
987014104,2020-03-12 22:41:59,Domicile,Domicile
987014104,2020-03-12 22:47:39,Domicile,Domicile
987014104,2020-03-12 22:52:40,Domicile,Domicile
987014104,2020-03-12 22:57:49,Domicile,Domicile
987014104,2020-03-12 23:03:00,Domicile,Domicile
987014104,2020-03-12 23:08:56,Domicile,Domicile
987014104,2020-03-12 23:14:00,Domicile,Domicile
987014104,2020-03-12 23:19:12,Domicile,Domicile
987014104,2020-03-12 23:24:30,Domicile,Domicile
987014104,2020-03-12 23:29:43,Domicile,Domicile
987014104,2020-03-12 23:35:04,Domicile,Domicile
987014104,2020-03-12 23:40:16,Domicile,Domicile
987014104,2020-03-12 23:45:38,Domicile,Domicile
987014104,2020-03-12 23:50:54,Domicile,Domicile
987014104,2020-03-12 23:56:08,Domicile,Domicile
987014104,2020-03-13 00:01:18,Domicile,Domicile
987014104,2020-03-13 00:06:38,Domicile,Domicile
987014104,2020-03-13 00:12:40,Domicile,Domicile
987014104,2020-03-13 00:18:01,Domicile,Domicile
987014104,2020-03-13 00:23:06,Domicile,Domicile
987014104,2020-03-13 00:28:12,Domicile,Domicile
987014104,2020-03-13 00:33:39,Domicile,Domicile
987014104,2020-03-13 00:38:39,Domicile,Domicile
987014104,2020-03-13 00:43:58,Domicile,Domicile
987014104,2020-03-13 00:49:37,Domicile,Domicile
987014104,2020-03-13 00:55:08,Domicile,Domicile
987014104,2020-03-13 01:00:52,Domicile,Domicile
987014104,2020-03-13 01:06:07,Domicile,Domicile
987014104,2020-03-13 01:11:18,Domicile,Domicile
987014104,2020-03-13 01:17:38,Domicile,Domicile
987014104,2020-03-13 01:22:40,Domicile,Domicile
987014104,2020-03-13 01:28:01,Domicile,Domicile
987014104,2020-03-13 01:33:36,Domicile,Domicile
987014104,2020-03-13 01:38:48,Domicile,Domicile
987014104,2020-03-13 01:44:19,Domicile,Domicile
987014104,2020-03-13 01:49:52,Domicile,Domicile
987014104,2020-03-13 01:55:41,Domicile,Domicile
987014104,2020-03-13 02:00:58,Domicile,Domicile
987014104,2020-03-13 02:06:07,Domicile,Domicile
987014104,2020-03-13 02:11:18,Domicile,Domicile
987014104,2020-03-13 02:16:44,Domicile,Domicile
987014104,2020-03-13 02:21:46,Domicile,Domicile
987014104,2020-03-13 02:27:05,Domicile,Domicile
987014104,2020-03-13 02:33:02,Domicile,Domicile
987014104,2020-03-13 02:38:16,Domicile,Domicile
987014104,2020-03-13 02:43:18,Domicile,Domicile
987014104,2020-03-13 02:48:39,Domicile,Domicile
987014104,2020-03-13 02:53:57,Domicile,Domicile
988088403,2020-02-16 10:19:31,Magasin,Domicile
988088403,2020-02-16 10:34:31,Domicile,Domicile
988088403,2020-02-16 10:39:31,Domicile,Domicile
988088403,2020-02-16 10:44:31,Domicile,Domicile
988088403,2020-02-16 10:49:31,Domicile,Domicile
988088403,2020-02-16 10:54:31,Domicile,Domicile
988088403,2020-02-16 11:04:31,Vélo,Domicile
988088403,2020-02-16 11:09:31,Vélo,Vélo
988088403,2020-02-16 11:14:31,Vélo,Vélo
988088403,2020-02-16 11:19:31,Vélo,Vélo
988088403,2020-02-16 11:24:31,Vélo,Vélo
988088403,2020-02-16 11:29:31,Vélo,Vélo
988088403,2020-02-16 11:34:31,Vélo,Vélo
988088403,2020-02-16 11:39:31,Vélo,Vélo
988088403,2020-02-16 11:44:31,Vélo,Vélo
988088403,2020-02-16 11:49:31,Vélo,Vélo
988088403,2020-02-16 11:54:31,Vélo,Vélo
988088403,2020-02-16 11:59:31,Vélo,Vélo
988088403,2020-02-16 12:04:31,Vélo,Vélo
988088403,2020-02-16 12:09:31,Vélo,Domicile
988088403,2020-02-16 12:19:31,Domicile,Domicile
988088403,2020-02-16 12:24:31,Domicile,Domicile
988088403,2020-02-16 12:29:31,Domicile,Domicile
988088403,2020-02-16 12:34:33,Domicile,Domicile
988088403,2020-02-16 12:39:33,Domicile,Domicile
988088403,2020-02-16 12:44:33,Domicile,Domicile
988088403,2020-02-16 12:49:33,Domicile,Domicile
988088403,2020-02-16 12:54:33,Domicile,Domicile
988088403,2020-02-16 12:59:33,Domicile,Domicile
988088403,2020-02-16 13:04:33,Domicile,Domicile
988088403,2020-02-16 13:09:33,Domicile,Domicile
988088403,2020-02-16 13:14:33,Domicile,Domicile
988088403,2020-02-16 13:19:33,Domicile,Domicile
988088403,2020-02-16 13:24:33,Domicile,Domicile
988088403,2020-02-16 13:29:33,Domicile,Domicile
988088403,2020-02-16 13:34:33,Domicile,Domicile
988088403,2020-02-16 13:39:33,Domicile,Domicile
988088403,2020-02-16 13:44:33,Domicile,Domicile
988088403,2020-02-16 13:49:33,Domicile,Domicile
988088403,2020-02-16 13:54:33,Domicile,Domicile
988088403,2020-02-16 13:59:33,Domicile,Domicile
988088403,2020-02-16 14:04:33,Domicile,Domicile
988088403,2020-02-16 14:09:33,Domicile,Domicile
988088403,2020-02-16 14:14:33,Domicile,Domicile
988088403,2020-02-16 14:19:33,Domicile,Domicile
988088403,2020-02-16 14:24:33,Domicile,Domicile
988088403,2020-02-16 14:29:33,Domicile,Domicile
988088403,2020-02-16 14:34:33,Domicile,Domicile
988088403,2020-02-16 14:40:11,Domicile,Domicile
988088403,2020-02-16 14:45:14,Domicile,Domicile
988088403,2020-02-16 14:50:36,Domicile,Domicile
988088403,2020-02-16 14:55:39,Domicile,Domicile
988088403,2020-02-16 15:00:53,Domicile,Domicile
988088403,2020-02-16 15:06:23,Domicile,Domicile
988088403,2020-02-16 15:11:51,Domicile,Domicile
988088403,2020-02-16 15:17:02,Domicile,Domicile
988088403,2020-02-16 15:22:24,Domicile,Domicile
988088403,2020-02-16 15:27:39,Domicile,Domicile
988088403,2020-02-16 15:32:59,Domicile,Domicile
988088403,2020-02-16 15:38:22,Domicile,Domicile
988088403,2020-02-16 15:43:22,Domicile,Domicile
988088403,2020-02-16 15:48:22,Domicile,Domicile
988088403,2020-02-16 15:53:22,Domicile,Domicile
988088403,2020-02-16 15:58:22,Domicile,Domicile
988088403,2020-02-16 16:03:22,Domicile,Domicile
988088403,2020-02-16 16:08:22,Domicile,Domicile
988088403,2020-02-16 16:13:22,Domicile,Domicile
988088403,2020-02-16 16:18:22,Domicile,Domicile
988088403,2020-02-16 16:23:22,Domicile,Domicile
988088403,2020-02-16 16:28:22,Domicile,Domicile
988088403,2020-02-16 16:33:22,Domicile,Domicile
988088403,2020-02-16 16:38:22,Domicile,Domicile
988088403,2020-02-16 16:43:22,Domicile,Domicile
988088403,2020-02-16 16:48:22,Domicile,Domicile
988088403,2020-02-16 16:53:22,Domicile,Domicile
988088403,2020-02-16 16:58:22,Domicile,Domicile
988088403,2020-02-16 17:03:22,Domicile,Domicile
988088403,2020-02-16 17:08:22,Domicile,Domicile
988088403,2020-02-16 17:13:22,Domicile,Domicile
988088403,2020-02-16 17:18:22,Domicile,Domicile
988088403,2020-02-16 17:23:22,Domicile,Domicile
988088403,2020-02-16 17:28:26,Domicile,Domicile
988088403,2020-02-16 17:33:26,Domicile,Domicile
988088403,2020-02-16 17:38:27,Domicile,Domicile
988088403,2020-02-16 17:43:31,Domicile,Domicile
988088403,2020-02-16 17:48:31,Domicile,Domicile
988088403,2020-02-16 17:53:31,Domicile,Domicile
988088403,2020-02-16 17:58:31,Domicile,Domicile
988088403,2020-02-16 18:03:31,Domicile,Domicile
988088403,2020-02-16 18:08:31,Domicile,Domicile
988088403,2020-02-16 18:13:39,Domicile,Domicile
988088403,2020-02-16 18:18:41,Domicile,Domicile
988088403,2020-02-16 18:23:41,Domicile,Domicile
988088403,2020-02-16 18:28:41,Domicile,Domicile
988088403,2020-02-16 18:33:52,Domicile,Domicile
988088403,2020-02-16 18:38:58,Domicile,Domicile
988088403,2020-02-16 18:44:19,Domicile,Domicile
988088403,2020-02-16 18:49:33,Domicile,Domicile
988088403,2020-02-16 18:54:49,Domicile,Domicile
988088403,2020-02-16 19:00:28,Domicile,Domicile
988088403,2020-02-16 19:05:36,Domicile,Domicile
988088403,2020-02-16 19:10:37,Domicile,Domicile
988088403,2020-02-16 19:15:57,Domicile,Domicile
988088403,2020-02-16 19:21:29,Domicile,Domicile
988088403,2020-02-16 19:26:29,Domicile,Domicile
988088403,2020-02-16 19:31:47,Domicile,Domicile
988088403,2020-02-16 19:36:53,Domicile,Domicile
988088403,2020-02-16 19:42:08,Domicile,Domicile
988088403,2020-02-16 19:47:40,Domicile,11.0
988088403,2020-02-16 19:52:40,Domicile,11.0
988088403,2020-02-16 19:58:01,Domicile,Domicile
988088403,2020-02-16 20:03:01,Domicile,Domicile
988088403,2020-02-16 20:08:21,Domicile,indoor
988088403,2020-02-16 20:13:21,Domicile,Domicile
988088403,2020-02-16 20:18:21,Domicile,Domicile
988088403,2020-02-16 20:23:21,Domicile,Domicile
988088403,2020-02-16 20:28:27,Domicile,Domicile
988088403,2020-02-16 20:33:27,Domicile,Domicile
988088403,2020-02-16 20:38:27,Domicile,Domicile
988088403,2020-02-16 20:43:27,Domicile,Domicile
988088403,2020-02-16 20:48:27,Domicile,Domicile
988088403,2020-02-16 20:53:27,Domicile,Domicile
988088403,2020-02-16 20:58:27,Domicile,Domicile
988088403,2020-02-16 21:03:31,Domicile,Domicile
988088403,2020-02-16 21:08:31,Domicile,Domicile
988088403,2020-02-16 21:13:31,Domicile,Domicile
988088403,2020-02-16 21:18:51,Domicile,Domicile
988088403,2020-02-16 21:24:13,Domicile,Domicile
988088403,2020-02-16 21:29:21,Domicile,Domicile
988088403,2020-02-16 21:34:21,Domicile,Domicile
988088403,2020-02-16 21:39:21,Domicile,Domicile
988088403,2020-02-16 21:44:21,Domicile,Domicile
988088403,2020-02-16 21:49:21,Domicile,Domicile
988088403,2020-02-16 21:54:28,Domicile,Domicile
988088403,2020-02-16 21:59:28,Domicile,Domicile
988088403,2020-02-16 22:04:28,Domicile,Domicile
988088403,2020-02-16 22:09:28,Domicile,Domicile
988088403,2020-02-16 22:14:28,Domicile,Domicile
988088403,2020-02-16 22:19:35,Domicile,Domicile
988088403,2020-02-16 22:24:35,Domicile,Domicile
988088403,2020-02-16 22:29:35,Domicile,Domicile
988088403,2020-02-16 22:34:35,Domicile,Domicile
988088403,2020-02-16 22:39:35,Domicile,Domicile
988088403,2020-02-16 22:44:35,Domicile,Domicile
988088403,2020-02-16 22:49:35,Domicile,Domicile
988088403,2020-02-16 22:54:35,Domicile,Domicile
988088403,2020-02-16 22:59:35,Domicile,Domicile
988088403,2020-02-16 23:04:45,Domicile,Domicile
988088403,2020-02-16 23:09:45,Domicile,Domicile
988088403,2020-02-16 23:14:45,Domicile,Domicile
988088403,2020-02-16 23:19:45,Domicile,Domicile
988088403,2020-02-16 23:24:45,Domicile,Domicile
988088403,2020-02-16 23:29:45,Domicile,Domicile
988088403,2020-02-16 23:34:45,Domicile,Domicile
988088403,2020-02-16 23:39:45,Domicile,Domicile
988088403,2020-02-16 23:44:45,Domicile,Domicile
988088403,2020-02-16 23:49:59,Domicile,Domicile
988088403,2020-02-16 23:55:01,Domicile,Domicile
988088403,2020-02-17 00:00:32,Domicile,Domicile
988088403,2020-02-17 00:05:39,Domicile,Domicile
988088403,2020-02-17 00:11:13,Domicile,Domicile
988088403,2020-02-17 00:16:25,Domicile,Domicile
988088403,2020-02-17 00:21:45,Domicile,Domicile
988088403,2020-02-17 00:27:00,Domicile,Domicile
988088403,2020-02-17 00:32:10,Domicile,Domicile
988088403,2020-02-17 00:37:14,Domicile,Domicile
988088403,2020-02-17 00:42:20,Domicile,Domicile
988088403,2020-02-17 00:47:43,Domicile,Domicile
988088403,2020-02-17 00:53:03,Domicile,Domicile
988088403,2020-02-17 00:58:03,Domicile,Domicile
988088403,2020-02-17 01:03:26,Domicile,Domicile
988088403,2020-02-17 01:08:48,Domicile,Domicile
988088403,2020-02-17 01:14:03,Domicile,Domicile
988088403,2020-02-17 01:19:11,Domicile,Domicile
988088403,2020-02-17 01:24:12,Domicile,Domicile
988088403,2020-02-17 01:29:17,Domicile,Domicile
988088403,2020-02-17 01:34:32,Domicile,Domicile
988088403,2020-02-17 01:39:43,Domicile,Domicile
988088403,2020-02-17 01:44:43,Domicile,Domicile
988088403,2020-02-17 01:50:04,Domicile,Domicile
988088403,2020-02-17 01:55:14,Domicile,Domicile
988088403,2020-02-17 02:00:29,Domicile,Domicile
988088403,2020-02-17 02:05:40,Domicile,Domicile
988088403,2020-02-17 02:10:49,Domicile,Domicile
988088403,2020-02-17 02:16:08,Domicile,Domicile
988088403,2020-02-17 02:21:12,Domicile,Domicile
988088403,2020-02-17 02:26:27,Domicile,Domicile
988088403,2020-02-17 02:31:49,Domicile,Domicile
988088403,2020-02-17 02:37:01,Domicile,Domicile
988088403,2020-02-17 02:42:02,Domicile,Domicile
988088403,2020-02-17 02:47:24,Domicile,Domicile
988088403,2020-02-17 02:52:48,Domicile,Domicile
988088403,2020-02-17 02:57:56,Domicile,Domicile
988088403,2020-02-17 03:03:12,Domicile,Domicile
988088403,2020-02-17 03:08:12,Domicile,Domicile
988088403,2020-02-17 03:13:22,Domicile,Domicile
988088403,2020-02-17 03:18:51,Domicile,Domicile
988088403,2020-02-17 03:24:13,Domicile,Domicile
988088403,2020-02-17 03:29:13,Domicile,Domicile
988088403,2020-02-17 03:34:30,Domicile,Domicile
988088403,2020-02-17 03:39:49,Domicile,Domicile
988088403,2020-02-17 03:44:53,Domicile,Domicile
988088403,2020-02-17 03:50:02,Domicile,Domicile
988088403,2020-02-17 03:55:06,Domicile,Domicile
988088403,2020-02-17 04:00:27,Domicile,Domicile
988088403,2020-02-17 04:05:36,Domicile,Domicile
988088403,2020-02-17 04:10:50,Domicile,Domicile
988088403,2020-02-17 04:16:04,Domicile,Domicile
988088403,2020-02-17 04:21:26,Domicile,Domicile
988088403,2020-02-17 04:26:36,Domicile,Domicile
988088403,2020-02-17 04:31:39,Domicile,Domicile
988088403,2020-02-17 04:37:01,Domicile,Domicile
988088403,2020-02-17 04:42:24,Domicile,Domicile
988088403,2020-02-17 04:47:29,Domicile,Domicile
988088403,2020-02-17 04:52:38,Domicile,Domicile
988088403,2020-02-17 04:57:46,Domicile,Domicile
988088403,2020-02-17 05:03:01,Domicile,Domicile
988088403,2020-02-17 05:08:03,Domicile,Domicile
988088403,2020-02-17 05:13:13,Domicile,Domicile
988088403,2020-02-17 05:18:28,Domicile,Domicile
988088403,2020-02-17 05:23:37,Domicile,Domicile
988088403,2020-02-17 05:28:58,Domicile,Domicile
988088403,2020-02-17 05:34:05,Domicile,Domicile
988088403,2020-02-17 05:39:27,Domicile,Domicile
988088403,2020-02-17 05:44:28,Domicile,Domicile
988088403,2020-02-17 05:49:52,Domicile,Domicile
988088403,2020-02-17 05:54:59,Domicile,Domicile
988088403,2020-02-17 06:00:22,Domicile,Domicile
988088403,2020-02-17 06:05:30,Domicile,Domicile
988088403,2020-02-17 06:10:45,Domicile,Domicile
988088403,2020-02-17 06:15:48,Domicile,Domicile
988088403,2020-02-17 06:20:48,Domicile,Domicile
988088403,2020-02-17 06:26:01,Domicile,Domicile
988088403,2020-02-17 06:31:14,Domicile,Domicile
988088403,2020-02-17 06:36:23,Domicile,Domicile
988088403,2020-02-17 06:41:50,Domicile,Domicile
988088403,2020-02-17 06:47:21,Domicile,Domicile
988088403,2020-02-17 06:52:39,Domicile,Domicile
988088403,2020-02-17 06:57:42,Domicile,Domicile
988088403,2020-02-17 07:03:05,Domicile,Domicile
988088403,2020-02-17 07:08:22,Domicile,Domicile
988088403,2020-02-17 07:13:38,Domicile,Domicile
988088403,2020-02-17 07:18:49,Domicile,Domicile
988088403,2020-02-17 07:24:03,Domicile,Domicile
988088403,2020-02-17 07:29:03,Domicile,Domicile
988088403,2020-02-17 07:34:25,Domicile,Domicile
988088403,2020-02-17 07:39:33,Domicile,Domicile
988088403,2020-02-17 07:44:51,Domicile,Domicile
988088403,2020-02-17 07:50:05,Domicile,Domicile
988088403,2020-02-17 08:11:39,Magasin,Domicile
988088403,2020-02-17 08:16:39,Magasin,Domicile
988088403,2020-02-17 08:36:43,Magasin,Domicile
988088403,2020-02-17 08:42:56,Magasin,Domicile
988088403,2020-02-17 08:49:22,Magasin,indoor
988088403,2020-02-17 08:54:22,Magasin,indoor
988088403,2020-02-17 09:04:22,Motorcycle,Motorcycle
988088403,2020-02-17 09:09:45,Motorcycle,Motorcycle
988088403,2020-02-17 09:14:45,Motorcycle,Motorcycle
988088403,2020-02-17 09:19:45,Motorcycle,Motorcycle
988088403,2020-02-17 09:30:27,Bureau,Bureau
988088403,2020-02-17 09:35:27,Bureau,Bureau
988088403,2020-02-17 09:40:27,Bureau,Bureau
988088403,2020-02-17 09:45:27,Bureau,Bureau
988088403,2020-02-17 09:50:27,Bureau,Bureau
988088403,2020-02-17 09:55:55,Bureau,Bureau
988088403,2020-02-17 10:00:55,Bureau,Bureau
988088403,2020-02-17 10:05:55,Bureau,Bureau
988088403,2020-02-17 10:11:19,Bureau,Bureau
988088403,2020-02-17 10:16:19,Bureau,Bureau
988088403,2020-02-17 10:21:19,Bureau,Bureau
988088403,2020-02-17 10:26:19,Bureau,Bureau
988088403,2020-02-17 10:31:19,Bureau,Bureau
988088403,2020-02-17 10:36:19,Bureau,Bureau
988088403,2020-02-17 10:41:19,Bureau,Bureau
988088403,2020-02-17 10:46:19,Bureau,Bureau
988088403,2020-02-17 10:51:20,Bureau,Bureau
988088403,2020-02-17 10:56:20,Bureau,Bureau
988088403,2020-02-17 11:01:20,Bureau,Bureau
988088403,2020-02-17 11:06:20,Bureau,Bureau
988088403,2020-02-17 11:11:20,Bureau,Bureau
988088403,2020-02-17 11:16:20,Bureau,Bureau
988088403,2020-02-17 11:21:20,Bureau,Bureau
988088403,2020-02-17 11:26:20,Bureau,Bureau
988088403,2020-02-17 11:31:20,Bureau,Bureau
988088403,2020-02-17 11:36:20,Bureau,Bureau
988088403,2020-02-17 11:41:22,Bureau,Bureau
988088403,2020-02-17 11:46:22,Bureau,Bureau
988088403,2020-02-17 11:51:22,Bureau,Bureau
988088403,2020-02-17 11:56:33,Bureau,Bureau
988088403,2020-02-17 12:02:11,Bureau,Bureau
988088403,2020-02-17 12:07:11,Bureau,Bureau
988088403,2020-02-17 12:12:11,Bureau,Bureau
988088403,2020-02-17 12:18:38,Bureau,Bureau
988088403,2020-02-17 12:23:38,Bureau,Bureau
988088403,2020-02-17 12:28:38,Bureau,Bureau
988088403,2020-02-17 12:33:38,Bureau,Bureau
988088403,2020-02-17 12:38:38,Bureau,Bureau
988088403,2020-02-17 12:48:38,Motorcycle,Bureau
988088403,2020-02-17 12:58:38,Magasin,Bureau
988088403,2020-02-17 13:03:38,Magasin,Bureau
988088403,2020-02-17 13:08:38,Magasin,Bureau
988088403,2020-02-17 13:13:38,Magasin,Bureau
988088403,2020-02-17 13:18:38,Magasin,Bureau
988088403,2020-02-17 13:23:38,Magasin,Bureau
988088403,2020-02-17 13:28:38,Magasin,Bureau
988088403,2020-02-17 13:33:38,Magasin,Bureau
988088403,2020-02-17 13:38:38,Magasin,Bureau
988088403,2020-02-17 13:53:38,Bureau,Bureau
988088403,2020-02-17 13:58:46,Bureau,Bureau
988088403,2020-02-17 14:03:46,Bureau,Bureau
988088403,2020-02-17 14:08:46,Bureau,Bureau
988088403,2020-02-17 14:13:46,Bureau,Bureau
988088403,2020-02-17 14:18:46,Bureau,Bureau
988088403,2020-02-17 14:23:46,Bureau,Bureau
988088403,2020-02-17 14:28:46,Bureau,Bureau
988088403,2020-02-17 14:33:46,Bureau,Bureau
988088403,2020-02-17 14:38:46,Bureau,Bureau
988088403,2020-02-17 14:43:46,Bureau,Bureau
988088403,2020-02-17 14:48:46,Bureau,Bureau
988088403,2020-02-17 14:53:46,Bureau,Bureau
988088403,2020-02-17 14:58:46,Bureau,Bureau
988088403,2020-02-17 15:03:46,Bureau,Bureau
988088403,2020-02-17 15:08:46,Bureau,Bureau
988088403,2020-02-17 15:13:46,Bureau,Bureau
988088403,2020-02-17 15:18:46,Bureau,Bureau
988088403,2020-02-17 15:23:46,Bureau,Bureau
988088403,2020-02-17 15:28:46,Bureau,Bureau
988088403,2020-02-17 15:33:46,Bureau,Bureau
988088403,2020-02-17 15:38:46,Bureau,Bureau
988088403,2020-02-17 15:43:46,Bureau,Bureau
988088403,2020-02-17 15:48:46,Bureau,Bureau
988088403,2020-02-17 15:53:46,Bureau,Bureau
988088403,2020-02-17 15:58:46,Bureau,Bureau
988088403,2020-02-17 16:03:46,Bureau,Bureau
988088403,2020-02-17 16:08:46,Bureau,Bureau
988088403,2020-02-17 16:13:46,Bureau,Bureau
988088403,2020-02-17 16:18:46,Bureau,Bureau
988088403,2020-02-17 16:25:31,Bureau,Bureau
988088403,2020-02-17 16:30:31,Bureau,Bureau
988088403,2020-02-17 16:35:31,Bureau,Bureau
988088403,2020-02-17 16:40:31,Bureau,Bureau
988088403,2020-02-17 16:45:31,Bureau,Bureau
988088403,2020-02-17 16:50:31,Bureau,Bureau
988088403,2020-02-17 16:55:31,Bureau,Bureau
988088403,2020-02-17 17:00:31,Bureau,Bureau
988088403,2020-02-17 17:05:31,Bureau,Bureau
988088403,2020-02-17 17:10:31,Bureau,Bureau
988088403,2020-02-17 17:15:31,Bureau,Bureau
988088403,2020-02-17 17:20:31,Bureau,Bureau
988088403,2020-02-17 17:25:31,Bureau,Bureau
988088403,2020-02-17 17:30:33,Bureau,Bureau
988088403,2020-02-17 17:35:33,Bureau,Bureau
988088403,2020-02-17 17:40:33,Bureau,Bureau
988088403,2020-02-17 17:49:23,Bureau,Bureau
988088403,2020-02-17 17:54:23,Bureau,Bureau
988088403,2020-02-17 18:10:19,Bureau,Bureau
988088403,2020-02-17 18:18:52,Bureau,Bureau
988088403,2020-02-17 18:24:23,Bureau,Bureau
988088403,2020-02-17 18:37:32,Bureau,Bureau
988088403,2020-02-17 18:49:01,Bureau,Bureau
988088403,2020-02-17 18:54:01,Bureau,Bureau
988088403,2020-02-17 18:59:01,Bureau,Bureau
988088403,2020-02-17 19:04:01,Bureau,Bureau
988088403,2020-02-17 19:12:32,Bureau,Bureau
988088403,2020-02-17 19:22:32,Motorcycle,Bureau
988088403,2020-02-17 19:27:32,Motorcycle,Motorcycle
988088403,2020-02-17 19:32:32,Motorcycle,Motorcycle
988088403,2020-02-17 19:37:32,Motorcycle,Motorcycle
988088403,2020-02-17 19:42:32,Motorcycle,Motorcycle
988088403,2020-02-17 20:02:44,Domicile,Domicile
988088403,2020-02-17 20:07:44,Domicile,Domicile
988088403,2020-02-17 20:12:49,Domicile,Domicile
988088403,2020-02-17 20:18:02,Domicile,Domicile
988088403,2020-02-17 20:23:02,Domicile,Domicile
988088403,2020-02-17 20:28:02,Domicile,Domicile
988088403,2020-02-17 20:33:19,Domicile,Domicile
988088403,2020-02-17 20:38:20,Domicile,Domicile
988088403,2020-02-17 20:43:20,Domicile,Domicile
988088403,2020-02-17 20:48:20,Domicile,Domicile
988088403,2020-02-17 20:53:20,Domicile,Domicile
988088403,2020-02-17 20:58:20,Domicile,Domicile
988088403,2020-02-17 21:03:20,Domicile,Domicile
988088403,2020-02-17 21:08:49,Domicile,Domicile
988088403,2020-02-17 21:13:49,Domicile,Domicile
988088403,2020-02-17 21:18:49,Domicile,Domicile
988088403,2020-02-17 21:24:03,Domicile,Domicile
988088403,2020-02-17 21:29:21,Domicile,Domicile
988088403,2020-02-17 21:34:24,Domicile,Domicile
988088403,2020-02-17 21:39:48,Domicile,Domicile
988088403,2020-02-17 21:44:49,Domicile,Domicile
988088403,2020-02-17 21:50:12,Domicile,Domicile
988088403,2020-02-17 21:55:12,Domicile,Domicile
988088403,2020-02-17 22:00:12,Domicile,Domicile
988088403,2020-02-17 22:05:27,Domicile,Domicile
988088403,2020-02-17 22:10:41,Domicile,Domicile
988088403,2020-02-17 22:15:41,Domicile,Domicile
988088403,2020-02-17 22:20:41,Domicile,Domicile
988088403,2020-02-17 22:25:41,Domicile,Domicile
988088403,2020-02-17 22:30:42,Domicile,Domicile
988088403,2020-02-17 22:35:42,Domicile,Domicile
988088403,2020-02-17 22:40:46,Domicile,Domicile
988088403,2020-02-17 22:45:46,Domicile,Domicile
988088403,2020-02-17 22:50:58,Domicile,Domicile
988088403,2020-02-17 22:55:58,Domicile,Domicile
988088403,2020-02-17 23:00:58,Domicile,Domicile
988088403,2020-02-17 23:05:58,Domicile,Domicile
988088403,2020-02-17 23:11:00,Domicile,Domicile
988088403,2020-02-17 23:16:03,Domicile,Domicile
988088403,2020-02-17 23:21:13,Domicile,Domicile
988088403,2020-02-17 23:26:13,Domicile,Domicile
988088403,2020-02-17 23:31:21,Domicile,Domicile
988088403,2020-02-17 23:36:35,Domicile,Domicile
988088403,2020-02-17 23:41:42,Domicile,Domicile
988088403,2020-02-17 23:46:47,Domicile,Domicile
988088403,2020-02-17 23:51:53,Domicile,Domicile
988088403,2020-02-17 23:56:58,Domicile,Domicile
988088403,2020-02-18 00:02:09,Domicile,Domicile
988088403,2020-02-18 00:07:15,Domicile,Domicile
988088403,2020-02-18 00:12:37,Domicile,Domicile
988088403,2020-02-18 00:17:52,Domicile,Domicile
988088403,2020-02-18 00:23:08,Domicile,Domicile
988088403,2020-02-18 00:28:09,Domicile,Domicile
988088403,2020-02-18 00:33:42,Domicile,Domicile
988088403,2020-02-18 00:39:00,Domicile,Domicile
988088403,2020-02-18 00:44:13,Domicile,Domicile
988088403,2020-02-18 00:49:17,Domicile,Domicile
988088403,2020-02-18 00:54:42,Domicile,Domicile
988088403,2020-02-18 00:59:46,Domicile,Domicile
988088403,2020-02-18 01:05:05,Domicile,Domicile
988088403,2020-02-18 01:10:12,Domicile,Domicile
988088403,2020-02-18 01:15:15,Domicile,Domicile
988088403,2020-02-18 01:20:25,Domicile,Domicile
988088403,2020-02-18 01:25:37,Domicile,Domicile
988088403,2020-02-18 01:30:43,Domicile,Domicile
988088403,2020-02-18 01:35:54,Domicile,Domicile
988088403,2020-02-18 01:41:12,Domicile,Domicile
988088403,2020-02-18 01:46:22,Domicile,Domicile
988088403,2020-02-18 01:51:45,Domicile,Domicile
988088403,2020-02-18 01:57:14,Domicile,Domicile
988088403,2020-02-18 02:02:25,Domicile,Domicile
988088403,2020-02-18 02:07:32,Domicile,Domicile
988088403,2020-02-18 02:12:39,Domicile,Domicile
988088403,2020-02-18 02:18:02,Domicile,Domicile
988088403,2020-02-18 02:23:27,Domicile,Domicile
988088403,2020-02-18 02:28:48,Domicile,Domicile
988088403,2020-02-18 02:33:52,Domicile,Domicile
988088403,2020-02-18 02:39:01,Domicile,Domicile
988088403,2020-02-18 02:44:10,Domicile,Domicile
988088403,2020-02-18 02:49:23,Domicile,Domicile
988088403,2020-02-18 02:54:25,Domicile,Domicile
988088403,2020-02-18 02:59:26,Domicile,Domicile
988088403,2020-02-18 03:04:29,Domicile,Domicile
988088403,2020-02-18 03:09:43,Domicile,Domicile
988088403,2020-02-18 03:15:04,Domicile,Domicile
988088403,2020-02-18 03:20:21,Domicile,Domicile
988088403,2020-02-18 03:25:40,Domicile,Domicile
988088403,2020-02-18 03:31:03,Domicile,Domicile
988088403,2020-02-18 03:36:06,Domicile,Domicile
988088403,2020-02-18 03:41:15,Domicile,Domicile
988088403,2020-02-18 03:46:48,Domicile,Domicile
988088403,2020-02-18 03:51:56,Domicile,Domicile
988088403,2020-02-18 03:57:08,Domicile,Domicile
988088403,2020-02-18 04:02:09,Domicile,Domicile
988088403,2020-02-18 04:07:21,Domicile,Domicile
988088403,2020-02-18 04:12:31,Domicile,Domicile
988088403,2020-02-18 04:17:43,Domicile,Domicile
988088403,2020-02-18 04:22:53,Domicile,Domicile
988088403,2020-02-18 04:28:09,Domicile,Domicile
988088403,2020-02-18 04:33:20,Domicile,Domicile
988088403,2020-02-18 04:38:42,Domicile,Domicile
988088403,2020-02-18 04:43:52,Domicile,Domicile
988088403,2020-02-18 04:49:09,Domicile,Domicile
988088403,2020-02-18 04:54:29,Domicile,Domicile
988088403,2020-02-18 04:59:45,Domicile,Domicile
988088403,2020-02-18 05:05:07,Domicile,Domicile
988088403,2020-02-18 05:10:28,Domicile,Domicile
988088403,2020-02-18 05:15:53,Domicile,Domicile
988088403,2020-02-18 05:21:13,Domicile,Domicile
988088403,2020-02-18 05:26:34,Domicile,Domicile
988088403,2020-02-18 05:31:53,Domicile,Domicile
988088403,2020-02-18 05:37:11,Domicile,Domicile
988088403,2020-02-18 05:42:13,Domicile,Domicile
988088403,2020-02-18 05:47:19,Domicile,Domicile
988088403,2020-02-18 05:52:24,Domicile,Domicile
988088403,2020-02-18 05:57:24,Domicile,Domicile
988088403,2020-02-18 06:02:42,Domicile,Domicile
988088403,2020-02-18 06:07:58,Domicile,Domicile
988088403,2020-02-18 06:13:01,Domicile,Domicile
988088403,2020-02-18 06:18:21,Domicile,Domicile
988088403,2020-02-18 06:23:31,Domicile,Domicile
988088403,2020-02-18 06:28:41,Domicile,Domicile
988088403,2020-02-18 06:34:13,Domicile,Domicile
988088403,2020-02-18 06:39:41,Domicile,Domicile
988088403,2020-02-18 06:45:02,Domicile,Domicile
988088403,2020-02-18 06:50:26,Domicile,Domicile
988088403,2020-02-18 06:55:46,Domicile,Domicile
988088403,2020-02-18 07:00:56,Domicile,Domicile
988088403,2020-02-18 07:06:01,Domicile,Domicile
988088403,2020-02-18 07:11:06,Domicile,Domicile
988088403,2020-02-18 07:16:33,Domicile,Domicile
988088403,2020-02-18 07:21:53,Domicile,Domicile
988088403,2020-02-18 07:27:16,Domicile,Domicile
988088403,2020-02-18 07:32:28,Domicile,Domicile
988088403,2020-02-18 07:37:55,Domicile,Domicile
988088403,2020-02-18 07:42:55,Domicile,Domicile
988088403,2020-02-18 07:47:58,Domicile,Domicile
988088403,2020-02-18 07:53:10,Domicile,Domicile
988088403,2020-02-18 07:58:26,Domicile,Domicile
988088403,2020-02-18 08:03:41,Domicile,Domicile
988088403,2020-02-18 08:08:57,Domicile,Domicile
988088403,2020-02-18 08:14:11,Domicile,Domicile
988088403,2020-02-18 08:24:13,Motorcycle,Domicile
988088403,2020-02-18 08:29:13,Motorcycle,Domicile
988088403,2020-02-18 08:34:13,Motorcycle,Domicile
988088403,2020-02-18 08:39:15,Motorcycle,Domicile
988088403,2020-02-18 08:44:15,Motorcycle,Domicile
988088403,2020-02-18 08:54:15,Bureau,Bureau
988088403,2020-02-18 08:59:15,Bureau,Bureau
988088403,2020-02-18 09:04:15,Bureau,Bureau
988088403,2020-02-18 09:09:15,Bureau,Bureau
988088403,2020-02-18 09:14:17,Bureau,Bureau
988088403,2020-02-18 09:19:17,Bureau,Bureau
988088403,2020-02-18 09:24:33,Bureau,Bureau
988088403,2020-02-18 09:29:33,Bureau,Bureau
988088403,2020-02-18 09:35:04,Bureau,Bureau
988088403,2020-02-18 09:40:04,Bureau,Bureau
988088403,2020-02-18 09:47:37,Bureau,Bureau
988088403,2020-02-18 09:52:38,Bureau,Bureau
988088403,2020-02-18 09:57:54,Bureau,Bureau
988088403,2020-02-18 10:05:32,Bureau,Bureau
988088403,2020-02-18 10:15:29,Bureau,Bureau
988088403,2020-02-18 10:20:30,Bureau,Bureau
988088403,2020-02-18 10:25:31,Bureau,Bureau
988088403,2020-02-18 10:30:32,Bureau,Bureau
988088403,2020-02-18 10:35:34,Bureau,Bureau
988088403,2020-02-18 10:40:34,Bureau,Bureau
988088403,2020-02-18 10:45:35,Bureau,Bureau
988088403,2020-02-18 10:50:37,Bureau,Bureau
988088403,2020-02-18 10:55:38,Bureau,Bureau
988088403,2020-02-18 11:00:40,Bureau,Bureau
988088403,2020-02-18 11:06:14,Bureau,Bureau
988088403,2020-02-18 11:11:15,Bureau,Bureau
988088403,2020-02-18 11:16:15,Bureau,Bureau
988088403,2020-02-18 11:21:16,Bureau,Bureau
988088403,2020-02-18 11:26:17,Bureau,Bureau
988088403,2020-02-18 11:31:18,Bureau,Bureau
988088403,2020-02-18 11:36:19,Bureau,Bureau
988088403,2020-02-18 11:41:19,Bureau,Bureau
988088403,2020-02-18 11:46:21,Bureau,Bureau
988088403,2020-02-18 11:51:21,Bureau,Bureau
988088403,2020-02-18 11:56:23,Bureau,Bureau
988088403,2020-02-18 12:01:24,Bureau,Bureau
988088403,2020-02-18 12:06:25,Bureau,Bureau
988088403,2020-02-18 12:11:25,Bureau,Bureau
988088403,2020-02-18 12:16:26,Bureau,Bureau
988088403,2020-02-18 12:21:27,Bureau,Bureau
988088403,2020-02-18 12:26:28,Bureau,Bureau
988088403,2020-02-18 12:31:31,Bureau,Bureau
988088403,2020-02-18 12:36:31,Bureau,Bureau
988088403,2020-02-18 12:41:33,Bureau,Bureau
988088403,2020-02-18 12:46:33,Bureau,Bureau
988088403,2020-02-18 12:51:35,Bureau,Bureau
988088403,2020-02-18 12:56:36,Bureau,Bureau
988088403,2020-02-18 13:01:36,Bureau,Bureau
988088403,2020-02-18 13:06:47,Bureau,Bureau
988088403,2020-02-18 13:11:48,Bureau,Bureau
988088403,2020-02-18 13:16:48,Bureau,Bureau
988088403,2020-02-18 13:21:49,Bureau,Bureau
988088403,2020-02-18 13:27:51,Bureau,Bureau
988088403,2020-02-18 13:32:51,Bureau,Bureau
988088403,2020-02-18 13:37:53,Bureau,Bureau
988088403,2020-02-18 13:42:53,Bureau,Bureau
988088403,2020-02-18 13:47:54,Bureau,Bureau
988088403,2020-02-18 13:53:24,Bureau,Bureau
988088403,2020-02-18 13:58:25,Bureau,Bureau
988088403,2020-02-18 14:03:27,Bureau,Bureau
988088403,2020-02-18 14:08:36,Bureau,Bureau
988088403,2020-02-18 14:13:37,Bureau,Bureau
988088403,2020-02-18 14:18:37,Bureau,Bureau
988088403,2020-02-18 14:23:38,Bureau,Bureau
988088403,2020-02-18 14:28:39,Bureau,Bureau
988088403,2020-02-18 14:33:39,Bureau,Bureau
988088403,2020-02-18 14:38:40,Bureau,Bureau
988088403,2020-02-18 14:43:41,Bureau,Bureau
988088403,2020-02-18 14:48:42,Bureau,Bureau
988088403,2020-02-18 14:53:43,Bureau,Bureau
988088403,2020-02-18 14:58:44,Bureau,Bureau
988088403,2020-02-18 15:03:45,Bureau,Bureau
988088403,2020-02-18 15:08:45,Bureau,Bureau
988088403,2020-02-18 15:13:47,Bureau,Bureau
988088403,2020-02-18 15:18:47,Bureau,Bureau
988088403,2020-02-18 15:23:48,Bureau,Bureau
988088403,2020-02-18 15:28:49,Bureau,Bureau
988088403,2020-02-18 15:33:51,Bureau,Bureau
988088403,2020-02-18 15:38:52,Bureau,Bureau
988088403,2020-02-18 15:44:00,Bureau,Bureau
988088403,2020-02-18 15:49:03,Bureau,Bureau
988088403,2020-02-18 15:54:03,Bureau,Bureau
988088403,2020-02-18 15:59:04,Bureau,Bureau
988088403,2020-02-18 16:04:06,Bureau,Bureau
988088403,2020-02-18 16:09:26,Bureau,Bureau
988088403,2020-02-18 16:14:28,Bureau,Bureau
988088403,2020-02-18 16:19:28,Bureau,Bureau
988088403,2020-02-18 16:24:29,Bureau,Bureau
988088403,2020-02-18 16:29:29,Bureau,Bureau
988088403,2020-02-18 16:34:31,Bureau,Bureau
988088403,2020-02-18 16:39:38,Bureau,Bureau
988088403,2020-02-18 16:44:40,Bureau,Bureau
988088403,2020-02-18 16:49:41,Bureau,Bureau
988088403,2020-02-18 16:54:42,Bureau,Bureau
988088403,2020-02-18 16:59:42,Bureau,Bureau
988088403,2020-02-18 17:04:42,Bureau,Bureau
988088403,2020-02-18 17:09:43,Bureau,Bureau
988088403,2020-02-18 17:14:44,Bureau,Bureau
988088403,2020-02-18 17:20:03,Bureau,Bureau
988088403,2020-02-18 17:25:03,Bureau,Bureau
988088403,2020-02-18 17:30:06,Bureau,Bureau
988088403,2020-02-18 17:36:07,Bureau,Bureau
988088403,2020-02-18 17:41:07,Bureau,Bureau
988088403,2020-02-18 17:46:09,Bureau,Bureau
988088403,2020-02-18 17:51:38,Bureau,Bureau
988088403,2020-02-18 17:56:39,Bureau,Bureau
988088403,2020-02-18 18:01:40,Bureau,Bureau
988088403,2020-02-18 18:06:40,Bureau,Bureau
988088403,2020-02-18 18:11:42,Bureau,Bureau
988088403,2020-02-18 18:16:42,Bureau,Bureau
988088403,2020-02-18 18:21:44,Bureau,Bureau
988088403,2020-02-18 18:26:45,Bureau,Bureau
988088403,2020-02-18 18:31:49,Bureau,Bureau
988088403,2020-02-18 18:40:03,Bureau,Bureau
988088403,2020-02-18 18:47:08,Bureau,Bureau
988088403,2020-02-18 18:52:09,Bureau,Bureau
988088403,2020-02-18 18:57:21,Bureau,Bureau
988088403,2020-02-18 19:02:22,Bureau,Bureau
988088403,2020-02-18 19:07:22,Bureau,Bureau
988088403,2020-02-18 19:12:23,Bureau,Bureau
988088403,2020-02-18 19:25:37,Motorcycle,Bureau
988088403,2020-02-18 19:30:56,Motorcycle,Bureau
988088403,2020-02-18 20:09:20,Domicile,Domicile
988088403,2020-02-18 20:14:22,Domicile,Domicile
988088403,2020-02-18 20:19:30,Domicile,Domicile
988088403,2020-02-18 20:24:44,Domicile,Domicile
988088403,2020-02-18 20:30:03,Domicile,Domicile
988088403,2020-02-18 20:35:20,Domicile,Domicile
988088403,2020-02-18 20:40:27,Domicile,Domicile
988088403,2020-02-18 20:45:33,Domicile,Domicile
988088403,2020-02-18 20:50:41,Domicile,Domicile
988088403,2020-02-18 20:55:41,Domicile,Domicile
988088403,2020-02-18 21:00:42,Domicile,Domicile
988088403,2020-02-18 21:05:46,Domicile,Domicile
988088403,2020-02-18 21:10:51,Domicile,Domicile
988088403,2020-02-18 21:16:04,Domicile,Domicile
988088403,2020-02-18 21:21:17,Domicile,Domicile
988088403,2020-02-18 21:26:22,Domicile,Domicile
988088403,2020-02-18 21:31:23,Domicile,Domicile
988088403,2020-02-18 21:36:26,Domicile,Domicile
988088403,2020-02-18 21:41:27,Domicile,Domicile
988088403,2020-02-18 21:46:44,Domicile,Domicile
988088403,2020-02-18 21:52:00,Domicile,Domicile
988088403,2020-02-18 21:57:08,Domicile,Domicile
988088403,2020-02-18 22:02:15,Domicile,Domicile
988088403,2020-02-18 22:07:21,Domicile,Domicile
988088403,2020-02-18 22:12:39,Domicile,Domicile
988088403,2020-02-18 22:17:44,Domicile,Domicile
988088403,2020-02-18 22:22:46,Domicile,Domicile
988088403,2020-02-18 22:28:04,Domicile,Domicile
988088403,2020-02-18 22:33:16,Domicile,Domicile
988088403,2020-02-18 22:38:20,Domicile,Domicile
988088403,2020-02-18 22:43:29,Domicile,Domicile
988088403,2020-02-18 22:48:38,Domicile,Domicile
988088403,2020-02-18 22:53:41,Domicile,Domicile
988088403,2020-02-18 22:58:41,Domicile,Domicile
988088403,2020-02-18 23:03:42,Domicile,Domicile
988088403,2020-02-18 23:09:02,Domicile,Domicile
988088403,2020-02-18 23:14:22,Domicile,Domicile
988088403,2020-02-18 23:19:41,Domicile,Domicile
988088403,2020-02-18 23:24:44,Domicile,Domicile
988088403,2020-02-18 23:30:22,Domicile,Domicile
988088403,2020-02-18 23:35:24,Domicile,Domicile
988088403,2020-02-18 23:40:26,Domicile,Domicile
988088403,2020-02-18 23:45:42,Domicile,Domicile
988088403,2020-02-18 23:50:45,Domicile,Domicile
988088403,2020-02-18 23:56:03,Domicile,Domicile
988088403,2020-02-19 00:01:06,Domicile,Domicile
988088403,2020-02-19 00:06:24,Domicile,Domicile
988088403,2020-02-19 00:11:25,Domicile,Domicile
988088403,2020-02-19 00:16:34,Domicile,Domicile
988088403,2020-02-19 00:21:41,Domicile,Domicile
988088403,2020-02-19 00:26:49,Domicile,Domicile
988088403,2020-02-19 00:32:02,Domicile,Domicile
988088403,2020-02-19 00:37:06,Domicile,Domicile
988088403,2020-02-19 00:42:15,Domicile,Domicile
988088403,2020-02-19 00:47:20,Domicile,7.0
988088403,2020-02-19 00:52:26,Domicile,7.0
988088403,2020-02-19 00:57:32,Domicile,7.0
988088403,2020-02-19 01:02:34,Domicile,7.0
988088403,2020-02-19 01:07:43,Domicile,7.0
988088403,2020-02-19 01:12:52,Domicile,7.0
988088403,2020-02-19 01:18:00,Domicile,7.0
988088403,2020-02-19 01:23:00,Domicile,7.0
988088403,2020-02-19 01:28:06,Domicile,Domicile
988088403,2020-02-19 01:33:07,Domicile,Domicile
988088403,2020-02-19 01:38:16,Domicile,Domicile
988088403,2020-02-19 01:43:18,Domicile,Domicile
988088403,2020-02-19 01:48:29,Domicile,Domicile
988088403,2020-02-19 01:53:38,Domicile,Domicile
988088403,2020-02-19 01:58:48,Domicile,Domicile
988088403,2020-02-19 02:03:55,Domicile,Domicile
988088403,2020-02-19 02:09:04,Domicile,Domicile
988088403,2020-02-19 02:14:07,Domicile,Domicile
988088403,2020-02-19 02:19:12,Domicile,Domicile
988088403,2020-02-19 02:24:21,Domicile,Domicile
988088403,2020-02-19 02:29:38,Domicile,Domicile
988088403,2020-02-19 02:34:43,Domicile,Domicile
988088403,2020-02-19 02:39:46,Domicile,Domicile
988088403,2020-02-19 02:44:55,Domicile,Domicile
988088403,2020-02-19 02:50:00,Domicile,Domicile
988088403,2020-02-19 02:55:03,Domicile,Domicile
988088403,2020-02-19 03:00:12,Domicile,Domicile
988088403,2020-02-19 03:05:18,Domicile,Domicile
988088403,2020-02-19 03:10:26,Domicile,Domicile
988088403,2020-02-19 03:15:34,Domicile,Domicile
988088403,2020-02-19 03:20:42,Domicile,Domicile
988088403,2020-02-19 03:25:46,Domicile,Domicile
988088403,2020-02-19 03:30:51,Domicile,Domicile
988088403,2020-02-19 03:36:00,Domicile,Domicile
988088403,2020-02-19 03:41:00,Domicile,Domicile
988088403,2020-02-19 03:46:05,Domicile,Domicile
988088403,2020-02-19 03:51:20,Domicile,Domicile
988088403,2020-02-19 03:56:21,Domicile,Domicile
988088403,2020-02-19 04:01:30,Domicile,Domicile
988088403,2020-02-19 04:06:30,Domicile,Domicile
988088403,2020-02-19 04:11:32,Domicile,Domicile
988088403,2020-02-19 04:16:41,Domicile,Domicile
988088403,2020-02-19 04:21:46,Domicile,Domicile
988088403,2020-02-19 04:26:51,Domicile,Domicile
988088403,2020-02-19 04:31:57,Domicile,Domicile
988088403,2020-02-19 04:37:13,Domicile,Domicile
988088403,2020-02-19 04:42:15,Domicile,Domicile
988088403,2020-02-19 04:47:15,Domicile,Domicile
988088403,2020-02-19 04:52:34,Domicile,Domicile
988088403,2020-02-19 04:57:43,Domicile,Domicile
988088403,2020-02-19 05:02:43,Domicile,Domicile
988088403,2020-02-19 05:07:58,Domicile,Domicile
988088403,2020-02-19 05:13:03,Domicile,Domicile
988088403,2020-02-19 05:18:12,Domicile,Domicile
988088403,2020-02-19 05:23:34,Domicile,Domicile
988088403,2020-02-19 05:28:40,Domicile,Domicile
988088403,2020-02-19 05:33:49,Domicile,Domicile
988088403,2020-02-19 05:39:02,Domicile,Domicile
988088403,2020-02-19 05:44:05,Domicile,Domicile
988088403,2020-02-19 05:49:11,Domicile,Domicile
988088403,2020-02-19 05:54:33,Domicile,Domicile
988088403,2020-02-19 05:59:35,Domicile,Domicile
988088403,2020-02-19 06:04:43,Domicile,Domicile
988088403,2020-02-19 06:10:06,Domicile,Domicile
988088403,2020-02-19 06:15:07,Domicile,Domicile
988088403,2020-02-19 06:20:08,Domicile,Domicile
988088403,2020-02-19 06:25:48,Domicile,Domicile
988088403,2020-02-19 06:30:54,Domicile,Domicile
988088403,2020-02-19 06:36:03,Domicile,Domicile
988088403,2020-02-19 06:41:25,Domicile,7.0
988088403,2020-02-19 06:46:25,Domicile,7.0
988088403,2020-02-19 06:51:34,Domicile,7.0
988088403,2020-02-19 06:56:37,Domicile,7.0
988088403,2020-02-19 07:01:38,Domicile,7.0
988088403,2020-02-19 07:06:47,Domicile,7.0
988088403,2020-02-19 07:12:00,Domicile,7.0
988088403,2020-02-19 07:17:01,Domicile,7.0
988088403,2020-02-19 07:22:11,Domicile,7.0
988088403,2020-02-19 07:27:21,Domicile,7.0
988088403,2020-02-19 07:32:21,Domicile,7.0
988088403,2020-02-19 07:37:28,Domicile,7.0
988088403,2020-02-19 07:42:39,Domicile,7.0
988088403,2020-02-19 07:47:47,Domicile,7.0
988088403,2020-02-19 07:52:52,Domicile,indoor
988088403,2020-02-19 07:57:54,Domicile,indoor
988088403,2020-02-19 08:02:58,Domicile,indoor
988088403,2020-02-19 08:08:06,Domicile,indoor
988088403,2020-02-19 08:13:24,Domicile,indoor
988088403,2020-02-19 08:18:32,Domicile,indoor
988088403,2020-02-19 08:23:38,Domicile,indoor
988088403,2020-02-19 08:33:44,Motorcycle,Motorcycle
988088403,2020-02-19 08:38:44,Motorcycle,Motorcycle
988088403,2020-02-19 08:43:44,Motorcycle,Motorcycle
988088403,2020-02-19 08:48:44,Motorcycle,Motorcycle
988088403,2020-02-19 08:59:50,Bureau,Bureau
988088403,2020-02-19 09:04:56,Bureau,Bureau
988088403,2020-02-19 09:09:56,Bureau,Bureau
988088403,2020-02-19 09:14:56,Bureau,Bureau
988088403,2020-02-19 09:19:56,Bureau,Bureau
988088403,2020-02-19 09:24:56,Bureau,Bureau
988088403,2020-02-19 09:30:12,Bureau,Bureau
988088403,2020-02-19 09:35:12,Bureau,Bureau
988088403,2020-02-19 09:40:20,Bureau,Bureau
988088403,2020-02-19 09:45:20,Bureau,Bureau
988088403,2020-02-19 09:50:20,Bureau,Bureau
988088403,2020-02-19 09:55:20,Bureau,Bureau
988088403,2020-02-19 10:00:20,Bureau,Bureau
988088403,2020-02-19 10:05:20,Bureau,Bureau
988088403,2020-02-19 10:10:23,Bureau,Bureau
988088403,2020-02-19 10:15:23,Bureau,Bureau
988088403,2020-02-19 10:20:23,Bureau,Bureau
988088403,2020-02-19 10:25:23,Bureau,Bureau
988088403,2020-02-19 10:30:23,Bureau,Bureau
988088403,2020-02-19 10:35:23,Bureau,Bureau
988088403,2020-02-19 10:40:23,Bureau,Bureau
988088403,2020-02-19 10:45:23,Bureau,Bureau
988088403,2020-02-19 10:50:26,Bureau,Bureau
988088403,2020-02-19 10:55:26,Bureau,Bureau
988088403,2020-02-19 11:00:26,Bureau,Bureau
988088403,2020-02-19 11:05:26,Bureau,Bureau
988088403,2020-02-19 11:10:26,Bureau,Bureau
988088403,2020-02-19 11:15:28,Bureau,Bureau
988088403,2020-02-19 11:20:28,Bureau,Bureau
988088403,2020-02-19 11:25:28,Bureau,Bureau
988088403,2020-02-19 11:30:49,Bureau,Bureau
988088403,2020-02-19 11:35:49,Bureau,Bureau
988088403,2020-02-19 11:40:49,Bureau,Bureau
988088403,2020-02-19 11:48:10,Bureau,Bureau
988088403,2020-02-19 11:53:10,Bureau,Bureau
988088403,2020-02-19 11:58:10,Bureau,Bureau
988088403,2020-02-19 12:03:10,Bureau,Bureau
988088403,2020-02-19 12:08:10,Bureau,Bureau
988088403,2020-02-19 12:13:20,Bureau,Bureau
988088403,2020-02-19 12:18:20,Bureau,Bureau
988088403,2020-02-19 12:23:20,Bureau,Bureau
988088403,2020-02-19 12:28:20,Bureau,Bureau
988088403,2020-02-19 12:33:22,Bureau,Bureau
988088403,2020-02-19 12:38:22,Bureau,Bureau
988088403,2020-02-19 12:43:22,Bureau,Bureau
988088403,2020-02-19 12:48:22,Bureau,Bureau
988088403,2020-02-19 12:53:31,Bureau,Bureau
988088403,2020-02-19 12:58:31,Bureau,Bureau
988088403,2020-02-19 13:03:41,Bureau,Bureau
988088403,2020-02-19 13:08:41,Bureau,Bureau
988088403,2020-02-19 13:14:26,Bureau,Bureau
988088403,2020-02-19 13:19:26,Bureau,Bureau
988088403,2020-02-19 13:24:26,Bureau,Bureau
988088403,2020-02-19 13:29:44,Bureau,Bureau
988088403,2020-02-19 13:34:51,Bureau,Bureau
988088403,2020-02-19 13:45:15,Bureau,Bureau
988088403,2020-02-19 13:50:15,Bureau,Bureau
988088403,2020-02-19 13:55:15,Bureau,Bureau
988088403,2020-02-19 14:00:15,Bureau,Bureau
988088403,2020-02-19 14:05:15,Bureau,Bureau
988088403,2020-02-19 14:10:18,Bureau,Bureau
988088403,2020-02-19 14:15:25,Bureau,Bureau
988088403,2020-02-19 14:20:25,Bureau,Bureau
988088403,2020-02-19 14:25:25,Bureau,Bureau
988088403,2020-02-19 14:30:26,Bureau,Bureau
988088403,2020-02-19 14:35:48,Bureau,Bureau
988088403,2020-02-19 14:40:48,Bureau,Bureau
988088403,2020-02-19 14:45:48,Bureau,Bureau
988088403,2020-02-19 14:50:48,Bureau,Bureau
988088403,2020-02-19 14:55:48,Bureau,Bureau
988088403,2020-02-19 15:00:48,Bureau,Bureau
988088403,2020-02-19 15:05:48,Bureau,Bureau
988088403,2020-02-19 15:10:48,Bureau,Bureau
988088403,2020-02-19 15:15:48,Bureau,Bureau
988088403,2020-02-19 15:20:48,Bureau,Bureau
988088403,2020-02-19 15:25:48,Bureau,Bureau
988088403,2020-02-19 15:31:12,Bureau,Bureau
988088403,2020-02-19 15:36:33,Bureau,Bureau
988088403,2020-02-19 15:41:33,Bureau,Bureau
988088403,2020-02-19 15:46:40,Bureau,Bureau
988088403,2020-02-19 15:51:40,Bureau,Bureau
988088403,2020-02-19 15:56:40,Bureau,Bureau
988088403,2020-02-19 16:01:40,Bureau,Bureau
988088403,2020-02-19 16:06:55,Bureau,Bureau
988088403,2020-02-19 16:11:55,Bureau,Bureau
988088403,2020-02-19 16:16:56,Bureau,Bureau
988088403,2020-02-19 16:21:56,Bureau,Bureau
988088403,2020-02-19 16:27:26,Bureau,Bureau
988088403,2020-02-19 16:32:53,Bureau,Bureau
988088403,2020-02-19 16:37:53,Bureau,Bureau
988088403,2020-02-19 16:42:53,Bureau,Bureau
988088403,2020-02-19 16:47:53,Bureau,Bureau
988088403,2020-02-19 16:52:53,Bureau,Bureau
988088403,2020-02-19 16:57:53,Bureau,Bureau
988088403,2020-02-19 17:02:53,Bureau,Bureau
988088403,2020-02-19 17:07:53,Bureau,Bureau
988088403,2020-02-19 17:13:01,Bureau,Bureau
988088403,2020-02-19 17:18:01,Bureau,Bureau
988088403,2020-02-19 17:23:01,Bureau,Bureau
988088403,2020-02-19 17:28:01,Bureau,Bureau
988088403,2020-02-19 17:33:01,Bureau,Bureau
988088403,2020-02-19 17:38:01,Bureau,Bureau
988088403,2020-02-19 17:43:01,Bureau,Bureau
988088403,2020-02-19 17:48:01,Bureau,Bureau
988088403,2020-02-19 17:53:01,Bureau,Bureau
988088403,2020-02-19 17:58:01,Bureau,Bureau
988088403,2020-02-19 18:03:01,Bureau,Bureau
988088403,2020-02-19 18:08:01,Bureau,Bureau
988088403,2020-02-19 18:13:01,Bureau,Bureau
988088403,2020-02-19 18:18:07,Bureau,Bureau
988088403,2020-02-19 18:23:07,Bureau,Bureau
988088403,2020-02-19 18:28:07,Bureau,Bureau
988088403,2020-02-19 18:33:07,Bureau,Bureau
988088403,2020-02-19 18:38:07,Bureau,Bureau
988088403,2020-02-19 18:43:07,Bureau,Bureau
988088403,2020-02-19 18:48:07,Bureau,Bureau
988088403,2020-02-19 18:53:08,Bureau,Bureau
988088403,2020-02-19 18:58:16,Bureau,Bureau
988088403,2020-02-19 19:03:16,Bureau,Bureau
988088403,2020-02-19 19:08:16,Bureau,Bureau
988088403,2020-02-19 19:13:16,Bureau,Bureau
988088403,2020-02-19 19:23:16,Motorcycle,Motorcycle
988088403,2020-02-19 19:33:25,Voiture,Voiture
988088403,2020-02-19 19:38:25,Voiture,Motorcycle
988088403,2020-02-19 19:48:25,Domicile,Domicile
988088403,2020-02-19 19:53:39,Domicile,Domicile
988088403,2020-02-19 19:59:01,Domicile,Domicile
988088403,2020-02-19 20:04:01,Domicile,Domicile
988088403,2020-02-19 20:09:01,Domicile,Domicile
988088403,2020-02-19 20:14:01,Domicile,Domicile
988088403,2020-02-19 20:19:12,Domicile,Domicile
988088403,2020-02-19 20:24:15,Domicile,Domicile
988088403,2020-02-19 20:29:21,Domicile,Domicile
988088403,2020-02-19 20:34:27,Domicile,Domicile
988088403,2020-02-19 20:39:53,Domicile,Domicile
988088403,2020-02-19 20:44:53,Domicile,Domicile
988088403,2020-02-19 20:49:53,Domicile,Domicile
988088403,2020-02-19 20:54:58,Domicile,Domicile
988088403,2020-02-19 20:59:58,Domicile,Domicile
988088403,2020-02-19 21:04:58,Domicile,Domicile
988088403,2020-02-19 21:09:58,Domicile,Domicile
988088403,2020-02-19 21:15:00,Domicile,Domicile
988088403,2020-02-19 21:20:02,Domicile,Domicile
988088403,2020-02-19 21:25:02,Domicile,Domicile
988088403,2020-02-19 21:30:02,Domicile,Domicile
988088403,2020-02-19 21:35:02,Domicile,Domicile
988088403,2020-02-19 21:40:02,Domicile,Domicile
988088403,2020-02-19 21:45:02,Domicile,Domicile
988088403,2020-02-19 21:50:02,Domicile,Domicile
988088403,2020-02-19 21:55:02,Domicile,Domicile
988088403,2020-02-19 22:00:08,Domicile,Domicile
988088403,2020-02-19 22:05:08,Domicile,Domicile
988088403,2020-02-19 22:10:08,Domicile,Domicile
988088403,2020-02-19 22:15:08,Domicile,Domicile
988088403,2020-02-19 22:20:08,Domicile,Domicile
988088403,2020-02-19 22:25:08,Domicile,Domicile
988088403,2020-02-19 22:30:08,Domicile,Domicile
988088403,2020-02-19 22:35:08,Domicile,Domicile
988088403,2020-02-19 22:40:08,Domicile,Domicile
988088403,2020-02-19 22:45:10,Domicile,Domicile
988088403,2020-02-19 22:50:10,Domicile,Domicile
988088403,2020-02-19 22:55:10,Domicile,Domicile
988088403,2020-02-19 23:00:10,Domicile,Domicile
988088403,2020-02-19 23:05:10,Domicile,Domicile
988088403,2020-02-19 23:10:10,Domicile,Domicile
988088403,2020-02-19 23:15:10,Domicile,Domicile
988088403,2020-02-19 23:20:10,Domicile,Domicile
988088403,2020-02-19 23:25:10,Domicile,Domicile
988088403,2020-02-19 23:30:10,Domicile,Domicile
988088403,2020-02-19 23:35:10,Domicile,Domicile
988088403,2020-02-19 23:40:10,Domicile,Domicile
988088403,2020-02-19 23:45:10,Domicile,Domicile
988088403,2020-02-19 23:50:10,Domicile,Domicile
988088403,2020-02-19 23:55:10,Domicile,Domicile
988088403,2020-02-20 00:00:10,Domicile,Domicile
988088403,2020-02-20 00:05:10,Domicile,Domicile
988088403,2020-02-20 00:10:10,Domicile,Domicile
988088403,2020-02-20 00:15:10,Domicile,Domicile
988088403,2020-02-20 00:20:19,Domicile,Domicile
988088403,2020-02-20 00:25:19,Domicile,Domicile
988088403,2020-02-20 00:30:19,Domicile,Domicile
988088403,2020-02-20 00:35:19,Domicile,Domicile
988088403,2020-02-20 00:40:19,Domicile,Domicile
988088403,2020-02-20 00:45:19,Domicile,Domicile
988088403,2020-02-20 00:50:19,Domicile,Domicile
988088403,2020-02-20 00:55:19,Domicile,Domicile
988088403,2020-02-20 01:00:19,Domicile,Domicile
988088403,2020-02-20 01:05:19,Domicile,Domicile
988088403,2020-02-20 01:10:19,Domicile,Domicile
988088403,2020-02-20 01:15:19,Domicile,Domicile
988088403,2020-02-20 01:20:19,Domicile,Domicile
988088403,2020-02-20 01:25:19,Domicile,Domicile
988088403,2020-02-20 01:30:31,Domicile,Domicile
988088403,2020-02-20 01:35:32,Domicile,Domicile
988088403,2020-02-20 01:40:46,Domicile,Domicile
988088403,2020-02-20 01:46:00,Domicile,Domicile
988088403,2020-02-20 01:51:05,Domicile,Domicile
988088403,2020-02-20 01:56:26,Domicile,Domicile
988088403,2020-02-20 02:01:48,Domicile,Domicile
988088403,2020-02-20 02:07:06,Domicile,Domicile
988088403,2020-02-20 02:12:28,Domicile,Domicile
988088403,2020-02-20 02:17:41,Domicile,Domicile
988088403,2020-02-20 02:22:55,Domicile,Domicile
988088403,2020-02-20 02:27:59,Domicile,Domicile
988088403,2020-02-20 02:33:11,Domicile,Domicile
988088403,2020-02-20 02:38:16,Domicile,Domicile
988088403,2020-02-20 02:43:36,Domicile,Domicile
988088403,2020-02-20 02:48:54,Domicile,Domicile
988088403,2020-02-20 02:54:09,Domicile,Domicile
988088403,2020-02-20 02:59:26,Domicile,Domicile
988088403,2020-02-20 03:04:31,Domicile,Domicile
988088403,2020-02-20 03:09:50,Domicile,Domicile
988088403,2020-02-20 03:14:55,Domicile,Domicile
988088403,2020-02-20 03:20:00,Domicile,Domicile
988088403,2020-02-20 03:25:13,Domicile,Domicile
988088403,2020-02-20 03:30:13,Domicile,Domicile
988088403,2020-02-20 03:35:13,Domicile,Domicile
988088403,2020-02-20 03:40:13,Domicile,Domicile
988088403,2020-02-20 03:45:33,Domicile,Domicile
988088403,2020-02-20 03:50:33,Domicile,Domicile
988088403,2020-02-20 03:55:33,Domicile,Domicile
988088403,2020-02-20 04:00:33,Domicile,Domicile
988088403,2020-02-20 04:05:47,Domicile,Domicile
988088403,2020-02-20 04:10:47,Domicile,Domicile
988088403,2020-02-20 04:15:47,Domicile,Domicile
988088403,2020-02-20 04:20:47,Domicile,Domicile
988088403,2020-02-20 04:26:03,Domicile,Domicile
988088403,2020-02-20 04:31:03,Domicile,Domicile
988088403,2020-02-20 04:36:03,Domicile,Domicile
988088403,2020-02-20 04:41:03,Domicile,Domicile
988088403,2020-02-20 04:46:03,Domicile,Domicile
988088403,2020-02-20 04:51:03,Domicile,Domicile
988088403,2020-02-20 04:56:03,Domicile,Domicile
988088403,2020-02-20 05:01:08,Domicile,Domicile
988088403,2020-02-20 05:06:20,Domicile,Domicile
988088403,2020-02-20 05:11:20,Domicile,Domicile
988088403,2020-02-20 05:16:37,Domicile,Domicile
988088403,2020-02-20 05:21:38,Domicile,Domicile
988088403,2020-02-20 05:26:42,Domicile,Domicile
988088403,2020-02-20 05:31:44,Domicile,Domicile
988088403,2020-02-20 05:36:48,Domicile,Domicile
988088403,2020-02-20 05:42:08,Domicile,Domicile
988088403,2020-02-20 05:47:08,Domicile,Domicile
988088403,2020-02-20 05:52:35,Domicile,Domicile
988088403,2020-02-20 05:57:38,Domicile,Domicile
988088403,2020-02-20 06:02:39,Domicile,Domicile
988088403,2020-02-20 06:07:39,Domicile,Domicile
988088403,2020-02-20 06:12:49,Domicile,Domicile
988088403,2020-02-20 06:17:58,Domicile,Domicile
988088403,2020-02-20 06:23:18,Domicile,Domicile
988088403,2020-02-20 06:28:28,Domicile,Domicile
988088403,2020-02-20 06:33:42,Domicile,Domicile
988088403,2020-02-20 06:39:06,Domicile,Domicile
988088403,2020-02-20 06:44:06,Domicile,Domicile
988088403,2020-02-20 06:49:06,Domicile,Domicile
988088403,2020-02-20 06:54:22,Domicile,Domicile
988088403,2020-02-20 06:59:42,Domicile,Domicile
988088403,2020-02-20 07:05:06,Domicile,Domicile
988088403,2020-02-20 07:10:11,Domicile,Domicile
988088403,2020-02-20 07:15:11,Domicile,Domicile
988088403,2020-02-20 07:20:19,Domicile,Domicile
988088403,2020-02-20 07:25:26,Domicile,Domicile
988088403,2020-02-20 07:30:32,Domicile,Domicile
988088403,2020-02-20 07:35:52,Domicile,Domicile
988088403,2020-02-20 07:40:54,Domicile,Domicile
988088403,2020-02-20 07:46:15,Domicile,Domicile
988088403,2020-02-20 07:51:23,Domicile,Domicile
988088403,2020-02-20 07:56:43,Domicile,Domicile
988088403,2020-02-20 08:01:47,Domicile,Domicile
988088403,2020-02-20 08:06:52,Domicile,Domicile
988088403,2020-02-20 08:12:02,Domicile,Domicile
988088403,2020-02-20 08:17:25,Domicile,Domicile
988088403,2020-02-20 08:22:32,Domicile,Domicile
988088403,2020-02-20 08:27:46,Domicile,Domicile
988088403,2020-02-20 08:38:03,Motorcycle,Domicile
988088403,2020-02-20 08:43:03,Motorcycle,Domicile
988088403,2020-02-20 08:48:03,Motorcycle,Domicile
988088403,2020-02-20 08:53:03,Motorcycle,10.0
988088403,2020-02-20 08:58:03,Motorcycle,Motorcycle
988088403,2020-02-20 09:08:45,Bureau,Bureau
988088403,2020-02-20 09:13:45,Bureau,Bureau
988088403,2020-02-20 09:18:45,Bureau,Bureau
988088403,2020-02-20 09:23:45,Bureau,Bureau
988088403,2020-02-20 09:28:45,Bureau,Bureau
988088403,2020-02-20 09:33:45,Bureau,Bureau
988088403,2020-02-20 09:38:45,Bureau,Bureau
988088403,2020-02-20 09:43:45,Bureau,Bureau
988088403,2020-02-20 09:48:45,Bureau,Bureau
988088403,2020-02-20 09:53:45,Bureau,Bureau
988088403,2020-02-20 09:58:45,Bureau,Bureau
988088403,2020-02-20 10:03:45,Bureau,Bureau
988088403,2020-02-20 10:08:45,Bureau,Bureau
988088403,2020-02-20 10:13:45,Bureau,Bureau
988088403,2020-02-20 10:18:45,Bureau,Bureau
988088403,2020-02-20 10:23:45,Bureau,Bureau
988088403,2020-02-20 10:28:45,Bureau,Bureau
988088403,2020-02-20 10:33:45,Bureau,Bureau
988088403,2020-02-20 10:38:45,Bureau,Bureau
988088403,2020-02-20 10:43:45,Bureau,Bureau
988088403,2020-02-20 10:48:45,Bureau,Bureau
988088403,2020-02-20 10:53:45,Bureau,Bureau
988088403,2020-02-20 10:58:45,Bureau,Bureau
988088403,2020-02-20 11:03:45,Bureau,Bureau
988088403,2020-02-20 11:08:45,Bureau,Bureau
988088403,2020-02-20 11:13:45,Bureau,Bureau
988088403,2020-02-20 11:18:45,Bureau,Bureau
988088403,2020-02-20 11:23:45,Bureau,Bureau
988088403,2020-02-20 11:28:45,Bureau,Bureau
988088403,2020-02-20 11:33:45,Bureau,Bureau
988088403,2020-02-20 11:38:45,Bureau,Bureau
988088403,2020-02-20 11:43:45,Bureau,Bureau
988088403,2020-02-20 11:48:45,Bureau,Bureau
988088403,2020-02-20 11:53:45,Bureau,Bureau
988088403,2020-02-20 11:59:00,Bureau,Bureau
988088403,2020-02-20 12:04:21,Bureau,Bureau
988088403,2020-02-20 12:09:21,Bureau,Bureau
988088403,2020-02-20 12:14:21,Bureau,Bureau
988088403,2020-02-20 12:19:21,Bureau,Bureau
988088403,2020-02-20 12:24:21,Bureau,Bureau
988088403,2020-02-20 12:29:21,Bureau,Bureau
988088403,2020-02-20 12:34:21,Bureau,Bureau
988088403,2020-02-20 12:39:21,Bureau,Bureau
988088403,2020-02-20 12:44:21,Bureau,Bureau
988088403,2020-02-20 12:49:21,Bureau,Bureau
988088403,2020-02-20 13:04:24,Magasin,Bureau
988088403,2020-02-20 13:09:24,Magasin,Bureau
988088403,2020-02-20 13:14:24,Magasin,Bureau
988088403,2020-02-20 13:19:24,Magasin,Bureau
988088403,2020-02-20 13:24:24,Magasin,Bureau
988088403,2020-02-20 13:29:24,Magasin,Bureau
988088403,2020-02-20 13:34:24,Magasin,Bureau
988088403,2020-02-20 13:39:24,Magasin,Bureau
988088403,2020-02-20 13:44:24,Magasin,Bureau
988088403,2020-02-20 13:59:24,Bureau,Bureau
988088403,2020-02-20 14:04:24,Bureau,Bureau
988088403,2020-02-20 14:09:24,Bureau,Bureau
988088403,2020-02-20 14:14:28,Bureau,Bureau
988088403,2020-02-20 14:19:28,Bureau,Bureau
988088403,2020-02-20 14:24:28,Bureau,Bureau
988088403,2020-02-20 14:29:28,Bureau,Bureau
988088403,2020-02-20 14:34:28,Bureau,Bureau
988088403,2020-02-20 14:39:28,Bureau,Bureau
988088403,2020-02-20 14:44:28,Bureau,Bureau
988088403,2020-02-20 14:49:28,Bureau,Bureau
988088403,2020-02-20 14:54:28,Bureau,Bureau
988088403,2020-02-20 14:59:28,Bureau,Bureau
988088403,2020-02-20 15:04:28,Bureau,Bureau
988088403,2020-02-20 15:09:28,Bureau,Bureau
988088403,2020-02-20 15:14:28,Bureau,Bureau
988088403,2020-02-20 15:19:28,Bureau,Bureau
988088403,2020-02-20 15:24:28,Bureau,Bureau
988088403,2020-02-20 15:29:28,Bureau,Bureau
988088403,2020-02-20 15:34:28,Bureau,Bureau
988088403,2020-02-20 15:39:28,Bureau,Bureau
988088403,2020-02-20 15:44:28,Bureau,Bureau
988088403,2020-02-20 15:49:28,Bureau,Bureau
988088403,2020-02-20 15:54:28,Bureau,Bureau
988088403,2020-02-20 15:59:28,Bureau,Bureau
988088403,2020-02-20 16:04:28,Bureau,Bureau
988088403,2020-02-20 16:09:28,Bureau,Bureau
988088403,2020-02-20 16:14:28,Bureau,Bureau
988088403,2020-02-20 16:19:28,Bureau,Bureau
988088403,2020-02-20 16:24:28,Bureau,Bureau
988088403,2020-02-20 16:29:31,Bureau,Bureau
988088403,2020-02-20 16:34:31,Bureau,Bureau
988088403,2020-02-20 16:39:31,Bureau,Bureau
988088403,2020-02-20 16:44:31,Bureau,Bureau
988088403,2020-02-20 16:49:31,Bureau,Bureau
988088403,2020-02-20 16:54:31,Bureau,Bureau
988088403,2020-02-20 16:59:31,Bureau,Bureau
988088403,2020-02-20 17:04:31,Bureau,Bureau
988088403,2020-02-20 17:09:31,Bureau,Bureau
988088403,2020-02-20 17:14:31,Bureau,Bureau
988088403,2020-02-20 17:19:31,Bureau,Bureau
988088403,2020-02-20 17:24:31,Bureau,Bureau
988088403,2020-02-20 17:29:31,Bureau,Bureau
988088403,2020-02-20 17:34:31,Bureau,Bureau
988088403,2020-02-20 17:39:31,Bureau,Bureau
988088403,2020-02-20 17:44:31,Bureau,Bureau
988088403,2020-02-20 17:49:31,Bureau,Bureau
988088403,2020-02-20 17:54:31,Bureau,Bureau
988088403,2020-02-20 17:59:31,Bureau,Bureau
988088403,2020-02-20 18:04:31,Bureau,Bureau
988088403,2020-02-20 18:09:31,Bureau,Bureau
988088403,2020-02-20 18:14:31,Bureau,Bureau
988088403,2020-02-20 18:19:36,Bureau,Bureau
988088403,2020-02-20 18:24:36,Bureau,Bureau
988088403,2020-02-20 18:29:36,Bureau,Bureau
988088403,2020-02-20 18:34:44,Bureau,Bureau
988088403,2020-02-20 18:44:44,Motorcycle,Motorcycle
988088403,2020-02-20 18:49:44,Motorcycle,Motorcycle
988088403,2020-02-20 18:54:44,Motorcycle,Motorcycle
988088403,2020-02-20 18:59:54,Motorcycle,Motorcycle
988088403,2020-02-20 19:19:54,Domicile,Domicile
988088403,2020-02-20 19:24:54,Domicile,Domicile
988088403,2020-02-20 19:30:01,Domicile,Domicile
988088403,2020-02-20 19:35:14,Domicile,Domicile
988088403,2020-02-20 19:40:23,Domicile,Domicile
988088403,2020-02-20 19:45:23,Domicile,Domicile
988088403,2020-02-20 19:50:23,Domicile,Domicile
988088403,2020-02-20 19:55:23,Domicile,Domicile
988088403,2020-02-20 20:00:49,Domicile,Domicile
988088403,2020-02-20 20:05:49,Domicile,Domicile
988088403,2020-02-20 20:10:49,Domicile,Domicile
988088403,2020-02-20 20:15:49,Domicile,Domicile
988088403,2020-02-20 20:20:49,Domicile,Domicile
988088403,2020-02-20 20:25:49,Domicile,Domicile
988088403,2020-02-20 20:30:50,Domicile,Domicile
988088403,2020-02-20 20:35:50,Domicile,Domicile
988088403,2020-02-20 20:41:08,Domicile,Domicile
988088403,2020-02-20 20:46:08,Domicile,Domicile
988088403,2020-02-20 20:51:08,Domicile,Domicile
988088403,2020-02-20 20:56:37,Domicile,Domicile
988088403,2020-02-20 21:01:37,Domicile,Domicile
988088403,2020-02-20 21:06:37,Domicile,Domicile
988088403,2020-02-20 21:11:52,Domicile,Domicile
988088403,2020-02-20 21:17:12,Domicile,Domicile
988088403,2020-02-20 21:22:15,Domicile,Domicile
988088403,2020-02-20 21:27:25,Domicile,Domicile
988088403,2020-02-20 21:32:33,Domicile,Domicile
988088403,2020-02-20 21:37:36,Domicile,Domicile
988088403,2020-02-20 21:42:54,Domicile,Domicile
988088403,2020-02-20 21:48:22,Domicile,Domicile
988088403,2020-02-20 21:53:22,Domicile,Domicile
988088403,2020-02-20 21:58:23,Domicile,Domicile
988088403,2020-02-20 22:03:23,Domicile,Domicile
988088403,2020-02-20 22:08:23,Domicile,Domicile
988088403,2020-02-20 22:13:30,Domicile,Domicile
988088403,2020-02-20 22:18:30,Domicile,Domicile
988088403,2020-02-20 22:23:48,Domicile,Domicile
988088403,2020-02-20 22:28:48,Domicile,Domicile
988088403,2020-02-20 22:33:51,Domicile,Domicile
988088403,2020-02-20 22:39:07,Domicile,Domicile
988088403,2020-02-20 22:44:26,Domicile,Domicile
988088403,2020-02-20 22:49:40,Domicile,Domicile
988088403,2020-02-20 22:54:40,Domicile,Domicile
988088403,2020-02-20 22:59:46,Domicile,Domicile
988088403,2020-02-20 23:04:48,Domicile,Domicile
988088403,2020-02-20 23:09:53,Domicile,Domicile
988088403,2020-02-20 23:15:00,Domicile,Domicile
988088403,2020-02-20 23:20:05,Domicile,Domicile
988088403,2020-02-20 23:25:16,Domicile,Domicile
988088403,2020-02-20 23:30:38,Domicile,Domicile
988088403,2020-02-20 23:35:47,Domicile,Domicile
988088403,2020-02-20 23:40:54,Domicile,Domicile
988088403,2020-02-20 23:46:16,Domicile,Domicile
988088403,2020-02-20 23:51:19,Domicile,Domicile
988088403,2020-02-20 23:56:34,Domicile,Domicile
988088403,2020-02-21 00:01:36,Domicile,Domicile
988088403,2020-02-21 00:07:00,Domicile,Domicile
988088403,2020-02-21 00:12:07,Domicile,Domicile
988088403,2020-02-21 00:17:18,Domicile,Domicile
988088403,2020-02-21 00:22:21,Domicile,Domicile
988088403,2020-02-21 00:27:51,Domicile,Domicile
988088403,2020-02-21 00:32:51,Domicile,Domicile
988088403,2020-02-21 00:38:04,Domicile,Domicile
988088403,2020-02-21 00:43:06,Domicile,Domicile
988088403,2020-02-21 00:48:09,Domicile,Domicile
988088403,2020-02-21 00:53:29,Domicile,Domicile
988088403,2020-02-21 00:58:44,Domicile,Domicile
988088403,2020-02-21 01:03:46,Domicile,Domicile
988088403,2020-02-21 01:08:57,Domicile,Domicile
988088403,2020-02-21 01:14:09,Domicile,Domicile
988088403,2020-02-21 01:19:20,Domicile,Domicile
988088403,2020-02-21 01:24:28,Domicile,Domicile
988088403,2020-02-21 01:29:41,Domicile,Domicile
988088403,2020-02-21 01:34:46,Domicile,Domicile
988088403,2020-02-21 01:39:48,Domicile,Domicile
988088403,2020-02-21 01:44:56,Domicile,Domicile
988088403,2020-02-21 01:50:00,Domicile,Domicile
988088403,2020-02-21 01:55:00,Domicile,Domicile
988088403,2020-02-21 02:00:10,Domicile,Domicile
988088403,2020-02-21 02:05:10,Domicile,Domicile
988088403,2020-02-21 02:10:11,Domicile,Domicile
988088403,2020-02-21 02:15:25,Domicile,Domicile
988088403,2020-02-21 02:20:31,Domicile,Domicile
988088403,2020-02-21 02:25:35,Domicile,Domicile
988088403,2020-02-21 02:30:48,Domicile,Domicile
988088403,2020-02-21 02:35:54,Domicile,Domicile
988088403,2020-02-21 02:41:09,Domicile,Domicile
988088403,2020-02-21 02:46:10,Domicile,Domicile
988088403,2020-02-21 02:51:24,Domicile,Domicile
988088403,2020-02-21 02:56:38,Domicile,Domicile
988088403,2020-02-21 03:01:48,Domicile,Domicile
988088403,2020-02-21 03:07:01,Domicile,Domicile
988088403,2020-02-21 03:12:07,Domicile,Domicile
988088403,2020-02-21 03:17:25,Domicile,Domicile
988088403,2020-02-21 03:22:50,Domicile,Domicile
988088403,2020-02-21 03:28:07,Domicile,Domicile
988088403,2020-02-21 03:33:11,Domicile,Domicile
988088403,2020-02-21 03:38:16,Domicile,Domicile
988088403,2020-02-21 03:43:21,Domicile,Domicile
988088403,2020-02-21 03:48:38,Domicile,Domicile
988088403,2020-02-21 03:54:07,Domicile,Domicile
988088403,2020-02-21 03:59:13,Domicile,Domicile
988088403,2020-02-21 04:04:17,Domicile,Domicile
988088403,2020-02-21 04:09:29,Domicile,Domicile
988088403,2020-02-21 04:14:39,Domicile,Domicile
988088403,2020-02-21 04:19:54,Domicile,Domicile
988088403,2020-02-21 04:25:11,Domicile,Domicile
988088403,2020-02-21 04:30:20,Domicile,Domicile
988088403,2020-02-21 04:35:32,Domicile,Domicile
988088403,2020-02-21 04:41:05,Domicile,Domicile
988088403,2020-02-21 04:46:21,Domicile,Domicile
988088403,2020-02-21 04:51:35,Domicile,Domicile
988088403,2020-02-21 04:56:48,Domicile,Domicile
988088403,2020-02-21 05:01:48,Domicile,Domicile
988088403,2020-02-21 05:06:57,Domicile,Domicile
988088403,2020-02-21 05:12:10,Domicile,Domicile
988088403,2020-02-21 05:17:35,Domicile,Domicile
988088403,2020-02-21 05:22:47,Domicile,Domicile
988088403,2020-02-21 05:28:14,Domicile,Domicile
988088403,2020-02-21 05:33:36,Domicile,Domicile
988088403,2020-02-21 05:38:45,Domicile,Domicile
988088403,2020-02-21 05:44:02,Domicile,Domicile
988088403,2020-02-21 05:49:03,Domicile,Domicile
988088403,2020-02-21 05:54:04,Domicile,Domicile
988088403,2020-02-21 05:59:14,Domicile,Domicile
988088403,2020-02-21 06:04:32,Domicile,Domicile
988088403,2020-02-21 06:09:43,Domicile,Domicile
988088403,2020-02-21 06:14:48,Domicile,Domicile
988088403,2020-02-21 06:19:48,Domicile,Domicile
988088403,2020-02-21 06:24:49,Domicile,Domicile
988088403,2020-02-21 06:30:11,Domicile,Domicile
988088403,2020-02-21 06:35:30,Domicile,Domicile
988088403,2020-02-21 06:40:40,Domicile,Domicile
988088403,2020-02-21 06:45:40,Domicile,Domicile
988088403,2020-02-21 06:50:57,Domicile,Domicile
988088403,2020-02-21 06:56:07,Domicile,Domicile
988088403,2020-02-21 07:01:28,Domicile,Domicile
988088403,2020-02-21 07:06:39,Domicile,Domicile
988088403,2020-02-21 07:11:44,Domicile,Domicile
988088403,2020-02-21 07:16:55,Domicile,Domicile
988088403,2020-02-21 07:21:56,Domicile,Domicile
988088403,2020-02-21 07:27:06,Domicile,Domicile
988088403,2020-02-21 07:32:15,Domicile,Domicile
988088403,2020-02-21 07:37:29,Domicile,Domicile
988088403,2020-02-21 07:42:29,Domicile,Domicile
988088403,2020-02-21 07:47:41,Domicile,Domicile
988088403,2020-02-21 07:52:47,Domicile,Domicile
988088403,2020-02-21 07:58:05,Domicile,Domicile
988088403,2020-02-21 08:03:25,Domicile,Domicile
988088403,2020-02-21 08:08:47,Domicile,Domicile
988088403,2020-02-21 08:13:55,Domicile,Domicile
988088403,2020-02-21 08:19:06,Domicile,Domicile
988088403,2020-02-21 08:24:12,Domicile,Domicile
988088403,2020-02-21 08:34:12,Motorcycle,Domicile
988088403,2020-02-21 08:39:12,Motorcycle,Domicile
988088403,2020-02-21 08:44:22,Motorcycle,Domicile
988088403,2020-02-21 08:49:22,Motorcycle,Domicile
988088403,2020-02-21 08:54:22,Motorcycle,Domicile
988088403,2020-02-21 09:04:22,Bureau,Bureau
988088403,2020-02-21 09:09:22,Bureau,Bureau
988088403,2020-02-21 09:14:22,Bureau,Bureau
988088403,2020-02-21 09:19:22,Bureau,Bureau
988088403,2020-02-21 09:24:36,Bureau,Bureau
988088403,2020-02-21 09:29:36,Bureau,Bureau
988088403,2020-02-21 09:34:43,Bureau,Bureau
988088403,2020-02-21 09:39:43,Bureau,Bureau
988088403,2020-02-21 09:44:43,Bureau,Bureau
988088403,2020-02-21 09:49:43,Bureau,Bureau
988088403,2020-02-21 09:54:43,Bureau,Bureau
988088403,2020-02-21 09:59:43,Bureau,Bureau
988088403,2020-02-21 10:04:43,Bureau,Bureau
988088403,2020-02-21 10:09:43,Bureau,Bureau
988088403,2020-02-21 10:14:43,Bureau,Bureau
988088403,2020-02-21 10:19:43,Bureau,Bureau
988088403,2020-02-21 10:24:43,Bureau,Bureau
988088403,2020-02-21 10:29:43,Bureau,Bureau
988088403,2020-02-21 10:34:43,Bureau,Bureau
988088403,2020-02-21 10:39:43,Bureau,Bureau
988088403,2020-02-21 10:44:43,Bureau,Bureau
988088403,2020-02-21 10:49:49,Bureau,Bureau
988088403,2020-02-21 10:54:49,Bureau,Bureau
988088403,2020-02-21 10:59:49,Bureau,Bureau
988088403,2020-02-21 11:04:51,Bureau,Bureau
988088403,2020-02-21 11:09:59,Bureau,Bureau
988088403,2020-02-21 11:15:16,Bureau,Bureau
988088403,2020-02-21 11:20:16,Bureau,Bureau
988088403,2020-02-21 11:25:19,Bureau,Bureau
988088403,2020-02-21 11:30:19,Bureau,Bureau
988088403,2020-02-21 11:35:19,Bureau,Bureau
988088403,2020-02-21 11:40:19,Bureau,Bureau
988088403,2020-02-21 11:45:19,Bureau,Bureau
988088403,2020-02-21 11:50:19,Bureau,Bureau
988088403,2020-02-21 11:55:19,Bureau,Bureau
988088403,2020-02-21 12:00:19,Bureau,Bureau
988088403,2020-02-21 12:05:19,Bureau,Bureau
988088403,2020-02-21 12:10:19,Bureau,Bureau
988088403,2020-02-21 12:15:19,Bureau,Bureau
988088403,2020-02-21 12:20:19,Bureau,Bureau
988088403,2020-02-21 12:25:19,Bureau,Bureau
988088403,2020-02-21 12:30:19,Bureau,Bureau
988088403,2020-02-21 12:35:19,Bureau,Bureau
988088403,2020-02-21 12:40:19,Bureau,Bureau
988088403,2020-02-21 12:45:19,Bureau,Bureau
988088403,2020-02-21 12:50:19,Bureau,Bureau
988088403,2020-02-21 12:55:19,Bureau,Bureau
988088403,2020-02-21 13:00:19,Bureau,Bureau
988088403,2020-02-21 13:05:19,Bureau,Bureau
988088403,2020-02-21 13:10:19,Bureau,Bureau
988088403,2020-02-21 13:15:19,Bureau,Bureau
988088403,2020-02-21 13:20:19,Bureau,Bureau
988088403,2020-02-21 13:25:19,Bureau,Bureau
988088403,2020-02-21 13:30:19,Bureau,Bureau
988088403,2020-02-21 13:35:19,Bureau,Bureau
988088403,2020-02-21 13:40:19,Bureau,Bureau
988088403,2020-02-21 13:45:19,Bureau,Bureau
988088403,2020-02-21 13:50:19,Bureau,Bureau
988088403,2020-02-21 13:55:19,Bureau,Bureau
988088403,2020-02-21 14:00:19,Bureau,Bureau
988088403,2020-02-21 14:05:19,Bureau,Bureau
988088403,2020-02-21 14:10:19,Bureau,Bureau
988088403,2020-02-21 14:15:19,Bureau,Bureau
988088403,2020-02-21 14:20:19,Bureau,Bureau
988088403,2020-02-21 14:25:19,Bureau,Bureau
988088403,2020-02-21 14:30:19,Bureau,Bureau
988088403,2020-02-21 14:35:19,Bureau,Bureau
988088403,2020-02-21 14:40:19,Bureau,Bureau
988088403,2020-02-21 14:45:19,Bureau,Bureau
988088403,2020-02-21 14:50:19,Bureau,Bureau
988088403,2020-02-21 14:55:19,Bureau,Bureau
988088403,2020-02-21 15:00:19,Bureau,Bureau
988088403,2020-02-21 15:05:19,Bureau,Bureau
988088403,2020-02-21 15:10:19,Bureau,Bureau
988088403,2020-02-21 15:15:24,Bureau,Bureau
988088403,2020-02-21 15:20:35,Bureau,Bureau
988088403,2020-02-21 15:25:35,Bureau,Bureau
988088403,2020-02-21 15:30:35,Bureau,Bureau
988088403,2020-02-21 15:35:35,Bureau,Bureau
988088403,2020-02-21 15:40:35,Bureau,Bureau
988088403,2020-02-21 15:45:35,Bureau,Bureau
988088403,2020-02-21 15:50:35,Bureau,Bureau
988088403,2020-02-21 15:55:35,Bureau,Bureau
988088403,2020-02-21 16:00:35,Bureau,Bureau
988088403,2020-02-21 16:05:35,Bureau,Bureau
988088403,2020-02-21 16:10:35,Bureau,Bureau
988088403,2020-02-21 16:15:35,Bureau,Bureau
988088403,2020-02-21 16:20:44,Bureau,Bureau
988088403,2020-02-21 16:25:44,Bureau,Bureau
988088403,2020-02-21 16:30:44,Bureau,Bureau
988088403,2020-02-21 16:35:44,Bureau,Bureau
988088403,2020-02-21 16:40:44,Bureau,Bureau
988088403,2020-02-21 16:45:44,Bureau,Bureau
988088403,2020-02-21 16:50:44,Bureau,Bureau
988088403,2020-02-21 16:55:44,Bureau,Bureau
988088403,2020-02-21 17:00:52,Bureau,Bureau
988088403,2020-02-21 17:05:53,Bureau,Bureau
988088403,2020-02-21 17:10:53,Bureau,Bureau
988088403,2020-02-21 17:15:53,Bureau,Bureau
988088403,2020-02-21 17:20:53,Bureau,Bureau
988088403,2020-02-21 17:26:08,Bureau,Bureau
988088403,2020-02-21 17:31:08,Bureau,Bureau
988088403,2020-02-21 17:36:08,Bureau,Bureau
988088403,2020-02-21 17:41:08,Bureau,Bureau
988088403,2020-02-21 17:46:08,Bureau,Bureau
988088403,2020-02-21 17:51:08,Bureau,Bureau
988088403,2020-02-21 17:56:16,Bureau,Bureau
988088403,2020-02-21 18:01:23,Bureau,Bureau
988088403,2020-02-21 18:06:23,Bureau,Bureau
988088403,2020-02-21 18:11:32,Bureau,Bureau
988088403,2020-02-21 18:21:32,Motorcycle,Bureau
988088403,2020-02-21 18:26:32,Motorcycle,Motorcycle
988088403,2020-02-21 18:31:32,Motorcycle,Motorcycle
988088403,2020-02-21 18:36:32,Motorcycle,Motorcycle
988088403,2020-02-21 18:41:32,Motorcycle,Motorcycle
988088403,2020-02-21 18:46:32,Motorcycle,Motorcycle
988088403,2020-02-21 18:51:32,Motorcycle,indoor
988088403,2020-02-21 19:01:32,Domicile,Domicile
988088403,2020-02-21 19:06:32,Domicile,Domicile
988088403,2020-02-21 19:11:32,Domicile,Domicile
988088403,2020-02-21 19:16:33,Domicile,Domicile
988088403,2020-02-21 19:21:33,Domicile,Domicile
988088403,2020-02-21 19:26:33,Domicile,Domicile
988088403,2020-02-21 19:31:33,Domicile,Domicile
988088403,2020-02-21 19:36:33,Domicile,Domicile
988088403,2020-02-21 19:41:33,Domicile,Domicile
988088403,2020-02-21 19:46:33,Domicile,Domicile
988088403,2020-02-21 19:51:33,Domicile,Domicile
988088403,2020-02-21 19:56:33,Domicile,Domicile
988088403,2020-02-21 20:01:33,Domicile,Domicile
988088403,2020-02-21 20:06:33,Domicile,Domicile
988088403,2020-02-21 20:11:33,Domicile,Domicile
988088403,2020-02-21 20:16:33,Domicile,Domicile
988088403,2020-02-21 20:21:33,Domicile,Domicile
988088403,2020-02-21 20:26:33,Domicile,Domicile
988088403,2020-02-21 20:31:43,Domicile,Domicile
988088403,2020-02-21 20:36:58,Domicile,Domicile
988088403,2020-02-21 20:41:58,Domicile,Domicile
988088403,2020-02-21 20:46:58,Domicile,Domicile
988088403,2020-02-21 20:51:58,Domicile,Domicile
988088403,2020-02-21 20:57:02,Domicile,Domicile
988088403,2020-02-21 21:02:03,Domicile,Domicile
988088403,2020-02-21 21:07:03,Domicile,Domicile
988088403,2020-02-21 21:12:03,Domicile,Domicile
988088403,2020-02-21 21:17:03,Domicile,Domicile
988088403,2020-02-21 21:22:03,Domicile,Domicile
988088403,2020-02-21 21:27:03,Domicile,Domicile
988088403,2020-02-21 21:32:06,Domicile,Domicile
988088403,2020-02-21 21:37:16,Domicile,Domicile
988088403,2020-02-21 21:42:16,Domicile,Domicile
988088403,2020-02-21 21:47:16,Domicile,Domicile
988088403,2020-02-21 21:52:16,Domicile,Domicile
988088403,2020-02-21 21:57:16,Domicile,Domicile
988088403,2020-02-21 22:02:16,Domicile,Domicile
988088403,2020-02-21 22:07:16,Domicile,Domicile
988088403,2020-02-21 22:12:16,Domicile,Domicile
988088403,2020-02-21 22:17:16,Domicile,Domicile
988088403,2020-02-21 22:22:16,Domicile,Domicile
988088403,2020-02-21 22:27:16,Domicile,Domicile
988088403,2020-02-21 22:32:16,Domicile,Domicile
988088403,2020-02-21 22:37:16,Domicile,Domicile
988088403,2020-02-21 22:42:16,Domicile,Domicile
988088403,2020-02-21 22:47:16,Domicile,Domicile
988088403,2020-02-21 22:52:16,Domicile,Domicile
988088403,2020-02-21 22:57:16,Domicile,Domicile
988088403,2020-02-21 23:02:22,Domicile,Domicile
988088403,2020-02-21 23:07:22,Domicile,Domicile
988088403,2020-02-21 23:12:33,Domicile,Domicile
988088403,2020-02-21 23:17:33,Domicile,Domicile
988088403,2020-02-21 23:22:33,Domicile,Domicile
988088403,2020-02-21 23:27:33,Domicile,Domicile
988088403,2020-02-21 23:32:33,Domicile,Domicile
988088403,2020-02-21 23:37:33,Domicile,Domicile
988088403,2020-02-21 23:42:34,Domicile,Domicile
988088403,2020-02-21 23:47:39,Domicile,Domicile
988088403,2020-02-21 23:52:39,Domicile,Domicile
988088403,2020-02-21 23:57:39,Domicile,Domicile
988088403,2020-02-22 00:02:39,Domicile,Domicile
988088403,2020-02-22 00:07:39,Domicile,Domicile
988088403,2020-02-22 00:12:39,Domicile,Domicile
988088403,2020-02-22 00:17:39,Domicile,Domicile
988088403,2020-02-22 00:22:39,Domicile,Domicile
988088403,2020-02-22 00:27:39,Domicile,Domicile
988088403,2020-02-22 00:32:39,Domicile,Domicile
988088403,2020-02-22 00:37:39,Domicile,Domicile
988088403,2020-02-22 00:42:39,Domicile,Domicile
988088403,2020-02-22 00:47:39,Domicile,Domicile
988088403,2020-02-22 00:52:39,Domicile,Domicile
988088403,2020-02-22 00:57:39,Domicile,Domicile
988231648,2020-03-06 03:00:04,Domicile,Domicile
988231648,2020-03-06 03:05:12,Domicile,Domicile
988231648,2020-03-06 03:10:20,Domicile,Domicile
988231648,2020-03-06 03:15:30,Domicile,Domicile
988231648,2020-03-06 03:20:39,Domicile,Domicile
988231648,2020-03-06 03:25:45,Domicile,Domicile
988231648,2020-03-06 03:30:54,Domicile,Domicile
988231648,2020-03-06 03:36:04,Domicile,Domicile
988231648,2020-03-06 03:41:11,Domicile,Domicile
988231648,2020-03-06 03:46:14,Domicile,Domicile
988231648,2020-03-06 03:51:14,Domicile,Domicile
988231648,2020-03-06 03:56:19,Domicile,Domicile
988231648,2020-03-06 04:01:30,Domicile,Domicile
988231648,2020-03-06 04:06:40,Domicile,Domicile
988231648,2020-03-06 04:11:45,Domicile,Domicile
988231648,2020-03-06 04:16:52,Domicile,Domicile
988231648,2020-03-06 04:21:59,Domicile,Domicile
988231648,2020-03-06 04:27:02,Domicile,Domicile
988231648,2020-03-06 04:32:02,Domicile,Domicile
988231648,2020-03-06 04:37:03,Domicile,Domicile
988231648,2020-03-06 04:42:10,Domicile,Domicile
988231648,2020-03-06 04:47:19,Domicile,Domicile
988231648,2020-03-06 04:52:27,Domicile,Domicile
988231648,2020-03-06 04:57:31,Domicile,Domicile
988231648,2020-03-06 05:02:38,Domicile,Domicile
988231648,2020-03-06 05:07:41,Domicile,Domicile
988231648,2020-03-06 05:12:43,Domicile,Domicile
988231648,2020-03-06 05:17:43,Domicile,Domicile
988231648,2020-03-06 05:22:48,Domicile,Domicile
988231648,2020-03-06 05:27:49,Domicile,Domicile
988231648,2020-03-06 05:32:57,Domicile,Domicile
988231648,2020-03-06 05:38:02,Domicile,Domicile
988231648,2020-03-06 05:43:08,Domicile,Domicile
988231648,2020-03-06 05:48:13,Domicile,Domicile
988231648,2020-03-06 05:53:24,Domicile,Domicile
988231648,2020-03-06 05:58:28,Domicile,Domicile
988231648,2020-03-06 06:03:39,Domicile,Domicile
988231648,2020-03-06 06:08:42,Domicile,Domicile
988231648,2020-03-06 06:13:47,Domicile,Domicile
988231648,2020-03-06 06:18:47,Domicile,Domicile
988231648,2020-03-06 06:23:56,Domicile,Domicile
988231648,2020-03-06 06:28:56,Domicile,Domicile
988231648,2020-03-06 06:34:06,Domicile,Domicile
988231648,2020-03-06 06:39:11,Domicile,Domicile
988231648,2020-03-06 06:44:13,Domicile,Domicile
988231648,2020-03-06 06:49:32,Domicile,Domicile
988231648,2020-03-06 06:54:35,Domicile,Domicile
988231648,2020-03-06 06:59:47,Domicile,Domicile
988231648,2020-03-06 07:04:57,Domicile,Domicile
988231648,2020-03-06 07:09:57,Domicile,Domicile
988231648,2020-03-06 07:15:07,Domicile,Domicile
988231648,2020-03-06 07:20:08,Domicile,Domicile
988231648,2020-03-06 07:25:15,Domicile,Domicile
988231648,2020-03-06 07:30:15,Domicile,Domicile
988231648,2020-03-06 07:35:24,Domicile,Domicile
988231648,2020-03-06 07:40:34,Domicile,Domicile
988231648,2020-03-06 07:45:40,Domicile,Domicile
988231648,2020-03-06 07:50:49,Domicile,Domicile
988231648,2020-03-06 07:55:54,Domicile,Domicile
988231648,2020-03-06 08:01:00,Domicile,Domicile
988231648,2020-03-06 08:06:06,Domicile,Domicile
988231648,2020-03-06 08:11:11,Domicile,Domicile
988231648,2020-03-06 08:16:13,Domicile,Domicile
988231648,2020-03-06 08:21:19,Domicile,Domicile
988231648,2020-03-06 08:26:20,Domicile,Domicile
988231648,2020-03-06 08:37:19,Motorcycle,Bureau
988231648,2020-03-06 08:42:20,Motorcycle,Bureau
988231648,2020-03-06 08:54:12,Bureau,Bureau
988231648,2020-03-06 08:59:12,Bureau,Bureau
988231648,2020-03-06 09:06:00,Bureau,Bureau
988231648,2020-03-06 14:17:45,Bureau,Bureau
988231648,2020-03-06 14:22:50,Bureau,Bureau
988231648,2020-03-06 14:27:51,Bureau,Bureau
988231648,2020-03-06 14:33:11,Bureau,Bureau
988231648,2020-03-06 14:38:11,Bureau,Bureau
988231648,2020-03-06 14:43:12,Bureau,Bureau
988231648,2020-03-06 14:48:12,Bureau,Bureau
988231648,2020-03-06 14:53:12,Bureau,Bureau
988231648,2020-03-06 14:58:13,Bureau,Bureau
988231648,2020-03-06 15:03:14,Bureau,Bureau
988231648,2020-03-06 15:08:14,Bureau,Bureau
988231648,2020-03-06 15:13:15,Bureau,Bureau
988231648,2020-03-06 15:18:15,Bureau,Bureau
988231648,2020-03-06 15:23:15,Bureau,Bureau
988231648,2020-03-06 15:28:15,Bureau,Bureau
988231648,2020-03-06 15:33:15,Bureau,Bureau
988231648,2020-03-06 15:38:16,Bureau,Bureau
988231648,2020-03-06 15:43:17,Bureau,Bureau
988231648,2020-03-06 15:48:17,Bureau,Bureau
988231648,2020-03-06 15:55:35,Bureau,Bureau
988231648,2020-03-06 16:00:37,Bureau,Bureau
988231648,2020-03-06 16:06:50,Bureau,Bureau
988231648,2020-03-06 16:11:51,Bureau,Bureau
988231648,2020-03-06 16:18:32,Bureau,Bureau
988231648,2020-03-06 16:25:44,Bureau,Bureau
988231648,2020-03-06 16:30:44,Bureau,Bureau
988231648,2020-03-06 16:35:45,Bureau,Bureau
988231648,2020-03-06 16:40:46,Bureau,Bureau
988231648,2020-03-06 16:45:47,Bureau,Bureau
988231648,2020-03-06 16:50:47,Bureau,Bureau
988231648,2020-03-06 16:55:47,Bureau,Bureau
988231648,2020-03-06 17:01:31,Bureau,indoor
988231648,2020-03-06 17:06:31,Bureau,Bureau
988231648,2020-03-06 17:11:31,Bureau,Bureau
988231648,2020-03-06 17:16:38,Bureau,Bureau
988231648,2020-03-06 17:21:39,Bureau,Bureau
988231648,2020-03-06 17:26:41,Bureau,Bureau
988231648,2020-03-06 17:35:41,Bureau,Bureau
988231648,2020-03-06 17:40:53,Bureau,Bureau
988231648,2020-03-06 17:45:53,Bureau,Bureau
988231648,2020-03-06 17:58:51,Motorcycle,Motorcycle
988231648,2020-03-06 18:03:51,Motorcycle,indoor
988231648,2020-03-06 18:08:51,Motorcycle,Motorcycle
988231648,2020-03-06 18:23:29,Domicile,Domicile
988231648,2020-03-06 18:28:29,Domicile,Domicile
988231648,2020-03-06 18:33:29,Domicile,Domicile
988231648,2020-03-06 18:38:29,Domicile,Domicile
988231648,2020-03-06 18:43:29,Domicile,Domicile
988231648,2020-03-06 18:48:30,Domicile,Domicile
988231648,2020-03-06 18:53:31,Domicile,Domicile
988231648,2020-03-06 18:58:31,Domicile,Domicile
988231648,2020-03-06 19:03:31,Domicile,Domicile
988231648,2020-03-06 19:08:32,Domicile,Domicile
988231648,2020-03-06 19:13:33,Domicile,Domicile
988231648,2020-03-06 19:18:34,Domicile,Domicile
988231648,2020-03-06 19:23:34,Domicile,Domicile
988231648,2020-03-06 19:28:35,Domicile,Domicile
988231648,2020-03-06 19:33:35,Domicile,Domicile
988231648,2020-03-06 19:38:36,Domicile,Domicile
988231648,2020-03-06 19:43:36,Domicile,Domicile
988231648,2020-03-06 19:48:37,Domicile,Domicile
988231648,2020-03-06 19:53:38,Domicile,Domicile
988231648,2020-03-06 20:00:09,Domicile,Domicile
988231648,2020-03-06 20:09:35,Domicile,Domicile
988231648,2020-03-06 20:24:37,Domicile,Domicile
988231648,2020-03-06 20:29:37,Domicile,Domicile
988231648,2020-03-06 20:34:37,Domicile,Domicile
988231648,2020-03-06 20:39:38,Domicile,Domicile
988231648,2020-03-06 20:44:39,Domicile,Domicile
988231648,2020-03-06 20:49:39,Domicile,Domicile
988231648,2020-03-06 20:54:39,Domicile,Domicile
988231648,2020-03-06 20:59:39,Domicile,Domicile
988231648,2020-03-06 21:04:40,Domicile,Domicile
988231648,2020-03-06 21:09:41,Domicile,3.0
988231648,2020-03-06 21:14:41,Domicile,Domicile
988231648,2020-03-06 21:19:42,Domicile,Domicile
988231648,2020-03-06 21:24:43,Domicile,Domicile
988231648,2020-03-06 21:29:43,Domicile,Domicile
988231648,2020-03-06 21:34:43,Domicile,Domicile
988231648,2020-03-06 21:39:44,Domicile,Domicile
988231648,2020-03-06 21:44:45,Domicile,Domicile
988231648,2020-03-06 21:49:46,Domicile,Domicile
988231648,2020-03-06 21:54:47,Domicile,Domicile
988231648,2020-03-06 21:59:47,Domicile,Domicile
988231648,2020-03-06 22:04:48,Domicile,Domicile
988231648,2020-03-06 22:09:49,Domicile,Domicile
988231648,2020-03-06 22:14:49,Domicile,Domicile
988231648,2020-03-06 22:19:49,Domicile,Domicile
988231648,2020-03-06 22:24:50,Domicile,Domicile
988231648,2020-03-06 22:29:50,Domicile,Domicile
988231648,2020-03-06 22:34:51,Domicile,Domicile
988231648,2020-03-06 22:39:52,Domicile,Domicile
988231648,2020-03-06 22:44:52,Domicile,Domicile
988231648,2020-03-06 22:49:53,Domicile,Domicile
988231648,2020-03-06 22:54:53,Domicile,Domicile
988231648,2020-03-06 22:59:54,Domicile,Domicile
988231648,2020-03-06 23:04:55,Domicile,Domicile
988231648,2020-03-06 23:09:56,Domicile,Domicile
988231648,2020-03-06 23:14:56,Domicile,Domicile
988231648,2020-03-06 23:19:56,Domicile,Domicile
988231648,2020-03-06 23:24:56,Domicile,Domicile
988231648,2020-03-06 23:29:57,Domicile,Domicile
988231648,2020-03-06 23:34:58,Domicile,Domicile
988231648,2020-03-06 23:39:59,Domicile,Domicile
988231648,2020-03-06 23:45:00,Domicile,Domicile
988231648,2020-03-06 23:50:01,Domicile,Domicile
988231648,2020-03-06 23:55:02,Domicile,Domicile
988231648,2020-03-07 00:00:03,Domicile,Domicile
988231648,2020-03-07 00:05:04,Domicile,Domicile
988231648,2020-03-07 00:10:04,Domicile,Domicile
988231648,2020-03-07 00:15:05,Domicile,Domicile
988231648,2020-03-07 00:20:05,Domicile,Domicile
988231648,2020-03-07 00:25:05,Domicile,Domicile
988231648,2020-03-07 00:30:06,Domicile,Domicile
988231648,2020-03-07 00:35:07,Domicile,Domicile
988231648,2020-03-07 00:40:08,Domicile,Domicile
988231648,2020-03-07 00:45:09,Domicile,Domicile
988231648,2020-03-07 00:50:09,Domicile,Domicile
988231648,2020-03-07 00:55:10,Domicile,Domicile
988231648,2020-03-07 01:00:10,Domicile,Domicile
988231648,2020-03-07 01:05:11,Domicile,Domicile
988231648,2020-03-07 01:10:11,Domicile,Domicile
988231648,2020-03-07 01:15:11,Domicile,Domicile
988231648,2020-03-07 01:20:11,Domicile,Domicile
988231648,2020-03-07 01:25:11,Domicile,Domicile
988231648,2020-03-07 01:30:11,Domicile,Domicile
988231648,2020-03-07 01:35:11,Domicile,Domicile
988231648,2020-03-07 01:40:11,Domicile,Domicile
988231648,2020-03-07 01:45:11,Domicile,Domicile
988231648,2020-03-07 01:50:11,Domicile,Domicile
988231648,2020-03-07 01:55:12,Domicile,Domicile
988231648,2020-03-07 02:00:12,Domicile,Domicile
988231648,2020-03-07 02:05:12,Domicile,Domicile
988231648,2020-03-07 02:10:13,Domicile,Domicile
988231648,2020-03-07 02:15:14,Domicile,Domicile
988231648,2020-03-07 02:20:14,Domicile,Domicile
988231648,2020-03-07 02:25:14,Domicile,Domicile
988231648,2020-03-07 02:30:15,Domicile,Domicile
988231648,2020-03-07 02:35:15,Domicile,Domicile
988231648,2020-03-07 02:40:16,Domicile,Domicile
988231648,2020-03-07 02:45:17,Domicile,Domicile
988231648,2020-03-07 02:50:17,Domicile,Domicile
988231648,2020-03-07 02:55:18,Domicile,Domicile
988231648,2020-03-07 03:00:19,Domicile,Domicile
988231648,2020-03-07 03:05:19,Domicile,Domicile
988231648,2020-03-07 03:10:20,Domicile,Domicile
988231648,2020-03-07 03:15:21,Domicile,Domicile
988231648,2020-03-07 03:20:21,Domicile,indoor
988231648,2020-03-07 03:25:22,Domicile,indoor
988231648,2020-03-07 03:30:23,Domicile,Domicile
988231648,2020-03-07 03:35:24,Domicile,Domicile
988231648,2020-03-07 03:40:24,Domicile,Domicile
988231648,2020-03-07 03:45:24,Domicile,Domicile
988231648,2020-03-07 03:50:24,Domicile,Domicile
988231648,2020-03-07 03:55:24,Domicile,Domicile
988231648,2020-03-07 04:00:24,Domicile,Domicile
988231648,2020-03-07 04:05:25,Domicile,Domicile
988231648,2020-03-07 04:10:25,Domicile,Domicile
988231648,2020-03-07 04:15:25,Domicile,Domicile
988231648,2020-03-07 04:20:25,Domicile,Domicile
988231648,2020-03-07 04:25:25,Domicile,Domicile
988231648,2020-03-07 04:30:25,Domicile,Domicile
988231648,2020-03-07 04:35:25,Domicile,Domicile
988231648,2020-03-07 04:40:26,Domicile,Domicile
988231648,2020-03-07 04:45:27,Domicile,Domicile
988231648,2020-03-07 04:50:28,Domicile,Domicile
988231648,2020-03-07 04:55:29,Domicile,Domicile
988231648,2020-03-07 05:00:30,Domicile,Domicile
988231648,2020-03-07 05:05:30,Domicile,Domicile
988231648,2020-03-07 05:10:31,Domicile,Domicile
988231648,2020-03-07 05:15:31,Domicile,Domicile
988231648,2020-03-07 05:20:31,Domicile,Domicile
988231648,2020-03-07 05:25:31,Domicile,Domicile
988231648,2020-03-07 05:30:31,Domicile,3.0
988231648,2020-03-07 05:35:32,Domicile,3.0
988231648,2020-03-07 05:40:33,Domicile,3.0
988231648,2020-03-07 05:45:34,Domicile,Domicile
988231648,2020-03-07 05:50:35,Domicile,Domicile
988231648,2020-03-07 05:55:36,Domicile,Domicile
988231648,2020-03-07 06:00:36,Domicile,Domicile
988231648,2020-03-07 06:05:36,Domicile,Domicile
988231648,2020-03-07 06:10:36,Domicile,Domicile
988231648,2020-03-07 06:15:36,Domicile,Domicile
988231648,2020-03-07 06:20:37,Domicile,Domicile
988231648,2020-03-07 06:25:38,Domicile,Domicile
988231648,2020-03-07 06:30:39,Domicile,Domicile
988231648,2020-03-07 06:35:40,Domicile,Domicile
988231648,2020-03-07 06:40:41,Domicile,Domicile
988231648,2020-03-07 06:45:42,Domicile,Domicile
988231648,2020-03-07 06:50:43,Domicile,Domicile
988231648,2020-03-07 06:55:44,Domicile,Domicile
988231648,2020-03-07 07:00:44,Domicile,Domicile
988231648,2020-03-07 07:05:45,Domicile,Domicile
988231648,2020-03-07 07:10:45,Domicile,Domicile
988231648,2020-03-07 07:15:45,Domicile,Domicile
988231648,2020-03-07 07:20:45,Domicile,Domicile
988231648,2020-03-07 07:25:46,Domicile,Domicile
988231648,2020-03-07 07:30:47,Domicile,Domicile
988231648,2020-03-07 08:06:32,Domicile,Domicile
988231648,2020-03-07 08:11:32,Domicile,Domicile
988231648,2020-03-07 08:16:32,Domicile,Domicile
988231648,2020-03-07 08:22:20,Domicile,Domicile
988231648,2020-03-07 08:27:21,Domicile,Domicile
988231648,2020-03-07 08:32:22,Domicile,Domicile
988231648,2020-03-07 08:37:56,Domicile,Domicile
988231648,2020-03-07 08:42:56,Domicile,Domicile
988231648,2020-03-07 08:47:57,Domicile,Domicile
988231648,2020-03-07 08:52:57,Domicile,Domicile
988231648,2020-03-07 08:57:58,Domicile,Domicile
988231648,2020-03-07 09:02:58,Domicile,Domicile
988231648,2020-03-07 09:07:59,Domicile,Domicile
988231648,2020-03-07 09:13:00,Domicile,Domicile
988231648,2020-03-07 09:18:17,Domicile,Domicile
988231648,2020-03-07 09:23:17,Domicile,Domicile
988231648,2020-03-07 09:28:17,Domicile,Domicile
988231648,2020-03-07 09:39:04,Domicile,Domicile
988231648,2020-03-07 09:44:04,Domicile,Domicile
988231648,2020-03-07 09:49:05,Domicile,Domicile
988231648,2020-03-07 09:54:05,Domicile,Domicile
988231648,2020-03-07 09:59:05,Domicile,Domicile
988231648,2020-03-07 10:04:06,Domicile,Domicile
988231648,2020-03-07 10:09:06,Domicile,Domicile
988231648,2020-03-07 10:14:06,Domicile,Domicile
988231648,2020-03-07 10:19:07,Domicile,Domicile
988231648,2020-03-07 11:13:56,Domicile,Domicile
988231648,2020-03-07 11:18:56,Domicile,Domicile
988231648,2020-03-07 11:23:57,Domicile,Domicile
988231648,2020-03-07 11:28:58,Domicile,Domicile
988231648,2020-03-07 11:33:59,Domicile,Domicile
988231648,2020-03-07 11:38:59,Domicile,Domicile
988231648,2020-03-07 11:44:00,Domicile,Domicile
988231648,2020-03-07 11:49:01,Domicile,Domicile
988231648,2020-03-07 11:54:02,Domicile,Domicile
988231648,2020-03-07 11:59:03,Domicile,Domicile
988231648,2020-03-07 12:04:04,Domicile,Domicile
988231648,2020-03-07 12:09:04,Domicile,Domicile
988231648,2020-03-07 12:14:04,Domicile,Domicile
988231648,2020-03-07 12:19:05,Domicile,Domicile
988231648,2020-03-07 12:24:05,Domicile,Domicile
988231648,2020-03-07 12:29:05,Domicile,Domicile
988231648,2020-03-07 12:34:06,Domicile,Domicile
988231648,2020-03-07 12:39:07,Domicile,Domicile
988231648,2020-03-07 12:44:08,Domicile,Domicile
988231648,2020-03-07 12:49:09,Domicile,Domicile
988231648,2020-03-07 12:54:09,Domicile,Domicile
988231648,2020-03-07 12:59:10,Domicile,Domicile
988231648,2020-03-07 13:04:11,Domicile,Domicile
988231648,2020-03-07 13:09:12,Domicile,Domicile
988231648,2020-03-07 13:14:13,Domicile,Domicile
988231648,2020-03-07 13:19:14,Domicile,Domicile
988231648,2020-03-07 13:24:15,Domicile,Domicile
988231648,2020-03-07 13:29:16,Domicile,Domicile
988231648,2020-03-07 13:34:17,Domicile,Domicile
988231648,2020-03-07 13:39:17,Domicile,Domicile
988231648,2020-03-07 13:44:17,Domicile,Domicile
988231648,2020-03-07 13:49:18,Domicile,Domicile
988231648,2020-03-07 13:54:18,Domicile,Domicile
988231648,2020-03-07 13:59:18,Domicile,Domicile
988231648,2020-03-07 14:04:19,Domicile,Domicile
988231648,2020-03-07 14:09:19,Domicile,Domicile
988231648,2020-03-07 14:14:19,Domicile,Domicile
988231648,2020-03-07 14:19:19,Domicile,Domicile
988231648,2020-03-07 14:24:20,Domicile,Domicile
988231648,2020-03-07 16:19:43,Walk,Domicile
988231648,2020-03-07 16:24:45,Walk,Domicile
988231648,2020-03-07 16:43:08,Domicile,Domicile
988231648,2020-03-07 16:48:08,Domicile,Domicile
988231648,2020-03-07 16:53:09,Domicile,Domicile
988231648,2020-03-07 16:58:10,Domicile,Domicile
988231648,2020-03-07 17:03:10,Domicile,Domicile
988231648,2020-03-07 17:08:11,Domicile,Domicile
988231648,2020-03-07 17:13:11,Domicile,Domicile
988231648,2020-03-07 17:18:11,Domicile,Domicile
988231648,2020-03-07 17:23:12,Domicile,Domicile
988231648,2020-03-07 17:28:54,Domicile,Domicile
988231648,2020-03-07 17:33:55,Domicile,Domicile
988231648,2020-03-07 17:43:19,Domicile,Domicile
988231648,2020-03-07 17:48:19,Domicile,Domicile
988231648,2020-03-07 17:53:23,Domicile,Domicile
988231648,2020-03-07 17:58:24,Domicile,Domicile
988231648,2020-03-07 18:03:32,Domicile,Domicile
988231648,2020-03-07 18:09:32,Domicile,Domicile
988231648,2020-03-07 18:14:33,Domicile,Domicile
988231648,2020-03-07 18:19:33,Domicile,Domicile
988231648,2020-03-07 18:24:34,Domicile,Domicile
988231648,2020-03-07 18:29:35,Domicile,Domicile
988231648,2020-03-07 18:39:01,Domicile,Domicile
988231648,2020-03-07 18:44:02,Domicile,Domicile
988231648,2020-03-07 19:03:59,Domicile,Domicile
988231648,2020-03-07 19:09:00,Domicile,Domicile
988231648,2020-03-07 19:14:06,Domicile,Domicile
988231648,2020-03-07 19:19:06,Domicile,Domicile
988231648,2020-03-07 19:24:24,Domicile,Domicile
988231648,2020-03-07 19:30:14,Domicile,Domicile
988231648,2020-03-07 19:35:14,Domicile,Domicile
988231648,2020-03-07 19:40:15,Domicile,Domicile
988231648,2020-03-07 19:45:16,Domicile,Domicile
988231648,2020-03-07 19:50:16,Domicile,Domicile
988231648,2020-03-07 21:15:32,Domicile,Domicile
988231648,2020-03-07 21:20:32,Domicile,Domicile
988231648,2020-03-07 21:25:33,Domicile,Domicile
988231648,2020-03-07 21:30:34,Domicile,Domicile
988231648,2020-03-07 22:05:30,Domicile,Domicile
988231648,2020-03-07 22:17:12,Domicile,Domicile
988231648,2020-03-07 22:22:13,Domicile,Domicile
988231648,2020-03-07 22:27:13,Domicile,Domicile
988231648,2020-03-07 22:32:14,Domicile,Domicile
988231648,2020-03-07 22:37:15,Domicile,Domicile
988231648,2020-03-07 22:42:15,Domicile,Domicile
988231648,2020-03-07 22:47:15,Domicile,Domicile
988231648,2020-03-07 22:52:15,Domicile,Domicile
988231648,2020-03-07 22:57:15,Domicile,Domicile
988231648,2020-03-07 23:02:15,Domicile,Domicile
988231648,2020-03-07 23:07:16,Domicile,Domicile
988231648,2020-03-07 23:12:17,Domicile,Domicile
988231648,2020-03-07 23:17:17,Domicile,Domicile
988231648,2020-03-07 23:22:18,Domicile,Domicile
988231648,2020-03-07 23:27:18,Domicile,Domicile
988231648,2020-03-07 23:32:19,Domicile,Domicile
988231648,2020-03-07 23:37:19,Domicile,Domicile
988231648,2020-03-07 23:42:19,Domicile,Domicile
988231648,2020-03-07 23:47:19,Domicile,Domicile
988231648,2020-03-07 23:52:19,Domicile,Domicile
988231648,2020-03-07 23:57:19,Domicile,Domicile
988231648,2020-03-08 00:02:19,Domicile,Domicile
988231648,2020-03-08 00:07:19,Domicile,Domicile
988231648,2020-03-08 00:12:19,Domicile,Domicile
988231648,2020-03-08 00:17:19,Domicile,Domicile
988231648,2020-03-08 00:22:19,Domicile,Domicile
988231648,2020-03-08 00:27:19,Domicile,Domicile
988231648,2020-03-08 00:32:19,Domicile,Domicile
988231648,2020-03-08 00:37:19,Domicile,Domicile
988231648,2020-03-08 00:42:19,Domicile,Domicile
988231648,2020-03-08 00:47:19,Domicile,Domicile
988231648,2020-03-08 00:52:19,Domicile,Domicile
988231648,2020-03-08 00:57:19,Domicile,Domicile
988231648,2020-03-08 01:02:20,Domicile,Domicile
988231648,2020-03-08 01:07:20,Domicile,Domicile
988231648,2020-03-08 01:12:20,Domicile,Domicile
988231648,2020-03-08 01:17:21,Domicile,Domicile
988231648,2020-03-08 01:22:22,Domicile,Domicile
988231648,2020-03-08 01:27:23,Domicile,Domicile
988231648,2020-03-08 01:32:23,Domicile,Domicile
988231648,2020-03-08 01:37:23,Domicile,Domicile
988231648,2020-03-08 01:42:23,Domicile,3.0
988231648,2020-03-08 01:47:23,Domicile,Domicile
988231648,2020-03-08 01:52:23,Domicile,Domicile
988231648,2020-03-08 01:57:23,Domicile,Domicile
988231648,2020-03-08 02:02:24,Domicile,Domicile
988231648,2020-03-08 02:07:24,Domicile,Domicile
988231648,2020-03-08 02:12:24,Domicile,Domicile
988231648,2020-03-08 02:17:24,Domicile,Domicile
988231648,2020-03-08 02:22:24,Domicile,Domicile
988231648,2020-03-08 02:27:24,Domicile,Domicile
988231648,2020-03-08 02:32:24,Domicile,Domicile
988231648,2020-03-08 02:37:25,Domicile,Domicile
988231648,2020-03-08 02:42:25,Domicile,Domicile
988231648,2020-03-08 02:47:25,Domicile,Domicile
988231648,2020-03-08 02:52:25,Domicile,Domicile
988231648,2020-03-08 02:57:26,Domicile,Domicile
988231648,2020-03-08 03:02:27,Domicile,Domicile
988231648,2020-03-08 03:07:27,Domicile,Domicile
988231648,2020-03-08 03:12:27,Domicile,Domicile
988231648,2020-03-08 03:17:27,Domicile,Domicile
988231648,2020-03-08 03:22:27,Domicile,Domicile
988231648,2020-03-08 03:27:28,Domicile,Domicile
988231648,2020-03-08 03:32:29,Domicile,Domicile
988231648,2020-03-08 03:37:29,Domicile,Domicile
988231648,2020-03-08 03:42:29,Domicile,Domicile
988231648,2020-03-08 03:47:29,Domicile,Domicile
988231648,2020-03-08 03:52:29,Domicile,Domicile
988231648,2020-03-08 03:57:29,Domicile,Domicile
988231648,2020-03-08 04:02:29,Domicile,Domicile
988231648,2020-03-08 04:07:29,Domicile,Domicile
988231648,2020-03-08 04:12:30,Domicile,Domicile
988231648,2020-03-08 04:17:31,Domicile,Domicile
988231648,2020-03-08 04:22:31,Domicile,Domicile
988231648,2020-03-08 04:27:32,Domicile,Domicile
988231648,2020-03-08 04:32:33,Domicile,Domicile
988231648,2020-03-08 04:37:34,Domicile,Domicile
988231648,2020-03-08 04:42:35,Domicile,Domicile
988231648,2020-03-08 04:47:36,Domicile,Domicile
988231648,2020-03-08 04:52:37,Domicile,Domicile
988231648,2020-03-08 04:57:38,Domicile,Domicile
988231648,2020-03-08 05:02:39,Domicile,Domicile
988231648,2020-03-08 05:07:40,Domicile,Domicile
988231648,2020-03-08 05:12:41,Domicile,Domicile
988231648,2020-03-08 05:17:41,Domicile,Domicile
988231648,2020-03-08 05:22:41,Domicile,Domicile
988231648,2020-03-08 05:27:41,Domicile,3.0
988231648,2020-03-08 05:32:41,Domicile,3.0
988231648,2020-03-08 05:37:41,Domicile,Domicile
988231648,2020-03-08 05:42:41,Domicile,Domicile
988231648,2020-03-08 05:47:41,Domicile,Domicile
988231648,2020-03-08 05:52:41,Domicile,Domicile
988231648,2020-03-08 05:57:41,Domicile,Domicile
988231648,2020-03-08 06:02:41,Domicile,Domicile
988231648,2020-03-08 06:07:41,Domicile,Domicile
988231648,2020-03-08 06:12:41,Domicile,Domicile
988231648,2020-03-08 06:17:41,Domicile,Domicile
988231648,2020-03-08 06:22:41,Domicile,Domicile
988231648,2020-03-08 06:27:42,Domicile,Domicile
988231648,2020-03-08 06:32:43,Domicile,Domicile
988231648,2020-03-08 06:37:43,Domicile,Domicile
988231648,2020-03-08 06:42:43,Domicile,Domicile
988231648,2020-03-08 06:47:43,Domicile,Domicile
988231648,2020-03-08 06:54:58,Domicile,Domicile
988231648,2020-03-08 06:59:59,Domicile,Domicile
988231648,2020-03-08 07:05:00,Domicile,Domicile
988231648,2020-03-08 07:10:00,Domicile,Domicile
988231648,2020-03-08 07:15:01,Domicile,Domicile
988231648,2020-03-08 07:20:01,Domicile,Domicile
988231648,2020-03-08 07:25:01,Domicile,Domicile
988231648,2020-03-08 07:30:01,Domicile,Domicile
988231648,2020-03-08 07:45:55,Domicile,Domicile
988231648,2020-03-08 07:50:55,Domicile,Domicile
988231648,2020-03-08 07:55:55,Domicile,Domicile
988231648,2020-03-08 08:00:56,Domicile,Domicile
988231648,2020-03-08 08:05:57,Domicile,Domicile
988231648,2020-03-08 08:12:05,Domicile,Domicile
988231648,2020-03-08 08:17:06,Domicile,Domicile
988231648,2020-03-08 08:22:07,Domicile,Domicile
988231648,2020-03-08 08:28:09,Domicile,Domicile
988231648,2020-03-08 08:33:29,Domicile,Domicile
988231648,2020-03-08 08:38:29,Domicile,Domicile
988231648,2020-03-08 08:43:30,Domicile,Domicile
988231648,2020-03-08 08:48:31,Domicile,Domicile
988231648,2020-03-08 08:53:31,Domicile,Domicile
988231648,2020-03-08 08:58:31,Domicile,Domicile
988231648,2020-03-08 09:03:32,Domicile,Domicile
988231648,2020-03-08 09:08:33,Domicile,Domicile
988231648,2020-03-08 09:13:34,Domicile,Domicile
988231648,2020-03-08 09:18:35,Domicile,Domicile
988231648,2020-03-08 09:23:35,Domicile,Domicile
988231648,2020-03-08 09:28:35,Domicile,Domicile
988231648,2020-03-08 09:33:35,Domicile,Domicile
988231648,2020-03-08 09:38:38,Domicile,Domicile
988231648,2020-03-08 09:43:39,Domicile,Domicile
988231648,2020-03-08 09:48:39,Domicile,Domicile
988231648,2020-03-08 09:53:44,Domicile,Domicile
988231648,2020-03-08 09:58:45,Domicile,Domicile
988231648,2020-03-08 10:03:45,Domicile,Domicile
988231648,2020-03-08 10:08:45,Domicile,Domicile
988231648,2020-03-08 10:13:46,Domicile,Domicile
988231648,2020-03-08 10:18:47,Domicile,Domicile
988231648,2020-03-08 10:23:47,Domicile,Domicile
988231648,2020-03-08 10:28:47,Domicile,Domicile
988231648,2020-03-08 10:33:47,Domicile,Domicile
988231648,2020-03-08 10:38:47,Domicile,Domicile
988231648,2020-03-08 10:43:48,Domicile,Domicile
988231648,2020-03-08 10:48:48,Domicile,Domicile
988231648,2020-03-08 10:53:49,Domicile,Domicile
988231648,2020-03-08 10:58:49,Domicile,Domicile
988231648,2020-03-08 11:03:49,Domicile,Domicile
988231648,2020-03-08 11:08:49,Domicile,Domicile
988231648,2020-03-08 11:13:49,Domicile,Domicile
988231648,2020-03-08 11:18:50,Domicile,Domicile
988231648,2020-03-08 11:23:51,Domicile,Domicile
988231648,2020-03-08 11:28:51,Domicile,Domicile
988231648,2020-03-08 11:33:51,Domicile,Domicile
988231648,2020-03-08 11:38:51,Domicile,Domicile
988231648,2020-03-08 11:43:51,Domicile,Domicile
988231648,2020-03-08 11:48:51,Domicile,Domicile
988231648,2020-03-08 11:53:51,Domicile,Domicile
988231648,2020-03-08 11:58:51,Domicile,Domicile
988231648,2020-03-08 12:03:51,Domicile,Domicile
988231648,2020-03-08 12:08:51,Domicile,Domicile
988231648,2020-03-08 12:13:51,Domicile,Domicile
988231648,2020-03-08 12:18:51,Domicile,Domicile
988231648,2020-03-08 12:23:52,Domicile,Domicile
988231648,2020-03-08 12:28:53,Domicile,Domicile
988231648,2020-03-08 12:33:54,Domicile,Domicile
988231648,2020-03-08 12:38:55,Domicile,Domicile
988231648,2020-03-08 12:43:56,Domicile,Domicile
988231648,2020-03-08 12:48:57,Domicile,Domicile
988231648,2020-03-08 12:53:57,Domicile,Domicile
988231648,2020-03-08 12:58:57,Domicile,Domicile
988231648,2020-03-08 13:03:57,Domicile,Domicile
988231648,2020-03-08 13:08:57,Domicile,Domicile
988231648,2020-03-08 13:13:58,Domicile,Domicile
988231648,2020-03-08 13:18:59,Domicile,Domicile
988231648,2020-03-08 13:23:59,Domicile,Domicile
988231648,2020-03-08 13:28:59,Domicile,Domicile
988231648,2020-03-08 13:34:00,Domicile,Domicile
988231648,2020-03-08 13:39:01,Domicile,Domicile
988231648,2020-03-08 13:44:01,Domicile,Domicile
988231648,2020-03-08 13:49:01,Domicile,Domicile
988231648,2020-03-08 13:54:01,Domicile,Domicile
988231648,2020-03-08 13:59:01,Domicile,Domicile
988231648,2020-03-08 14:04:01,Domicile,Domicile
988231648,2020-03-08 14:09:01,Domicile,Domicile
988231648,2020-03-08 14:14:02,Domicile,Domicile
988231648,2020-03-08 14:19:02,Domicile,Domicile
988231648,2020-03-08 14:25:02,Domicile,Domicile
988231648,2020-03-08 14:30:02,Domicile,Domicile
988231648,2020-03-08 14:35:02,Domicile,Domicile
988231648,2020-03-08 14:40:02,Domicile,Domicile
988231648,2020-03-08 14:45:03,Domicile,Domicile
988231648,2020-03-08 14:50:03,Domicile,Domicile
988231648,2020-03-08 14:55:03,Domicile,Domicile
988231648,2020-03-08 15:00:04,Domicile,Domicile
988231648,2020-03-08 15:05:05,Domicile,Domicile
988231648,2020-03-08 15:10:06,Domicile,Domicile
988231648,2020-03-08 15:15:07,Domicile,Domicile
988231648,2020-03-08 15:20:08,Domicile,Domicile
988231648,2020-03-08 15:25:09,Domicile,Domicile
988231648,2020-03-08 15:30:10,Domicile,Domicile
988231648,2020-03-08 15:35:11,Domicile,Domicile
988231648,2020-03-08 15:40:12,Domicile,Domicile
988231648,2020-03-08 15:45:12,Domicile,Domicile
988231648,2020-03-08 15:50:13,Domicile,Domicile
988231648,2020-03-08 15:55:14,Domicile,Domicile
988231648,2020-03-08 16:00:15,Domicile,Domicile
988231648,2020-03-08 16:05:15,Domicile,Domicile
988231648,2020-03-08 16:10:15,Domicile,Domicile
988231648,2020-03-08 16:15:16,Domicile,Domicile
988231648,2020-03-08 16:20:17,Domicile,Domicile
988231648,2020-03-08 16:25:18,Domicile,Domicile
988231648,2020-03-08 16:30:19,Domicile,Domicile
988231648,2020-03-08 16:35:20,Domicile,Domicile
988231648,2020-03-08 16:40:21,Domicile,Domicile
988231648,2020-03-08 16:45:22,Domicile,Domicile
988231648,2020-03-08 16:50:22,Domicile,Domicile
988231648,2020-03-08 16:55:23,Domicile,Domicile
988231648,2020-03-08 17:00:23,Domicile,Domicile
988231648,2020-03-08 17:05:23,Domicile,Domicile
988231648,2020-03-08 17:10:27,Domicile,Domicile
988231648,2020-03-08 17:15:27,Domicile,Domicile
988231648,2020-03-08 17:20:28,Domicile,Domicile
988231648,2020-03-08 17:25:29,Domicile,Domicile
988231648,2020-03-08 17:30:30,Domicile,Domicile
988231648,2020-03-08 17:35:31,Domicile,Domicile
988231648,2020-03-08 17:40:32,Domicile,Domicile
988231648,2020-03-08 17:45:58,Domicile,Domicile
988231648,2020-03-08 17:55:46,Domicile,Domicile
988231648,2020-03-08 18:00:46,Domicile,Domicile
988231648,2020-03-08 18:06:10,Domicile,Domicile
988231648,2020-03-08 18:14:16,Domicile,Domicile
988231648,2020-03-08 18:19:16,Domicile,Domicile
988231648,2020-03-08 18:24:36,Domicile,Domicile
988231648,2020-03-08 18:30:31,Domicile,Domicile
988231648,2020-03-08 18:35:32,Domicile,Domicile
988231648,2020-03-08 18:40:33,Domicile,3.0
988231648,2020-03-08 18:45:34,Domicile,3.0
988231648,2020-03-08 18:50:34,Domicile,Domicile
988231648,2020-03-08 18:55:34,Domicile,Domicile
988231648,2020-03-08 19:00:35,Domicile,Domicile
988231648,2020-03-08 19:05:35,Domicile,Domicile
988231648,2020-03-08 19:10:36,Domicile,Domicile
988231648,2020-03-08 19:15:37,Domicile,Domicile
988231648,2020-03-08 19:21:55,Domicile,Domicile
988231648,2020-03-08 19:26:55,Domicile,Domicile
988231648,2020-03-08 19:31:55,Domicile,Domicile
988231648,2020-03-08 19:36:56,Domicile,Domicile
988231648,2020-03-08 19:41:56,Domicile,Domicile
988231648,2020-03-08 19:46:56,Domicile,Domicile
988231648,2020-03-08 19:51:56,Domicile,Domicile
988231648,2020-03-08 19:56:56,Domicile,Domicile
988231648,2020-03-08 20:01:57,Domicile,Domicile
988231648,2020-03-08 20:07:06,Domicile,Domicile
988231648,2020-03-08 20:12:07,Domicile,Domicile
988231648,2020-03-08 20:17:08,Domicile,Domicile
988231648,2020-03-08 20:22:09,Domicile,Domicile
988231648,2020-03-08 20:27:10,Domicile,Domicile
988231648,2020-03-08 20:32:11,Domicile,Domicile
988231648,2020-03-08 20:37:12,Domicile,Domicile
988231648,2020-03-08 20:43:57,Domicile,Domicile
988231648,2020-03-08 20:48:57,Domicile,Domicile
988231648,2020-03-08 20:55:27,Domicile,Domicile
988231648,2020-03-08 21:00:28,Domicile,Domicile
988231648,2020-03-08 21:05:29,Domicile,Domicile
988231648,2020-03-08 21:10:30,Domicile,Domicile
988231648,2020-03-08 21:15:31,Domicile,Domicile
988231648,2020-03-08 21:20:31,Domicile,Domicile
988231648,2020-03-08 21:25:54,Domicile,Domicile
988231648,2020-03-08 21:34:35,Domicile,Domicile
988231648,2020-03-08 21:39:35,Domicile,Domicile
988231648,2020-03-08 21:44:36,Domicile,Domicile
988231648,2020-03-08 21:49:36,Domicile,Domicile
988231648,2020-03-08 21:54:36,Domicile,Domicile
988231648,2020-03-08 21:59:37,Domicile,Domicile
988231648,2020-03-08 22:04:38,Domicile,Domicile
988231648,2020-03-08 22:09:39,Domicile,Domicile
988231648,2020-03-08 22:14:40,Domicile,Domicile
988231648,2020-03-08 22:19:40,Domicile,Domicile
988231648,2020-03-08 22:24:40,Domicile,Domicile
988231648,2020-03-08 22:29:40,Domicile,Domicile
988231648,2020-03-08 22:34:40,Domicile,Domicile
988231648,2020-03-08 22:39:40,Domicile,Domicile
988231648,2020-03-08 22:44:41,Domicile,Domicile
988231648,2020-03-08 22:49:42,Domicile,Domicile
988231648,2020-03-08 22:54:43,Domicile,Domicile
988231648,2020-03-08 22:59:44,Domicile,Domicile
988231648,2020-03-08 23:04:45,Domicile,Domicile
988231648,2020-03-08 23:09:45,Domicile,Domicile
988231648,2020-03-08 23:14:45,Domicile,Domicile
988231648,2020-03-08 23:19:45,Domicile,Domicile
988231648,2020-03-08 23:24:45,Domicile,Domicile
988231648,2020-03-08 23:29:45,Domicile,Domicile
988231648,2020-03-08 23:35:08,Domicile,Domicile
988231648,2020-03-08 23:40:08,Domicile,Domicile
988231648,2020-03-08 23:45:08,Domicile,Domicile
988231648,2020-03-08 23:50:09,Domicile,Domicile
988231648,2020-03-08 23:55:10,Domicile,Domicile
988231648,2020-03-09 00:00:10,Domicile,Domicile
988231648,2020-03-09 00:05:10,Domicile,Domicile
988231648,2020-03-09 00:10:11,Domicile,Domicile
988231648,2020-03-09 00:15:12,Domicile,Domicile
988231648,2020-03-09 00:20:13,Domicile,Domicile
988231648,2020-03-09 00:25:14,Domicile,Domicile
988231648,2020-03-09 00:30:15,Domicile,Domicile
988231648,2020-03-09 00:35:16,Domicile,Domicile
988231648,2020-03-09 00:40:16,Domicile,Domicile
988231648,2020-03-09 00:45:16,Domicile,Domicile
988231648,2020-03-09 00:50:17,Domicile,Domicile
988231648,2020-03-09 00:55:17,Domicile,Domicile
988231648,2020-03-09 01:00:17,Domicile,Domicile
988231648,2020-03-09 01:05:17,Domicile,Domicile
988231648,2020-03-09 01:10:17,Domicile,Domicile
988231648,2020-03-09 01:15:17,Domicile,Domicile
988231648,2020-03-09 01:20:17,Domicile,Domicile
988231648,2020-03-09 01:25:17,Domicile,Domicile
988231648,2020-03-09 01:30:18,Domicile,Domicile
988231648,2020-03-09 01:35:19,Domicile,Domicile
988231648,2020-03-09 01:40:20,Domicile,Domicile
988231648,2020-03-09 01:45:21,Domicile,Domicile
988231648,2020-03-09 01:50:21,Domicile,Domicile
988231648,2020-03-09 01:55:21,Domicile,Domicile
988231648,2020-03-09 02:00:21,Domicile,Domicile
988231648,2020-03-09 02:05:21,Domicile,Domicile
988231648,2020-03-09 02:10:21,Domicile,Domicile
988231648,2020-03-09 02:15:21,Domicile,Domicile
988231648,2020-03-09 02:20:21,Domicile,Domicile
988231648,2020-03-09 02:25:21,Domicile,Domicile
988231648,2020-03-09 02:30:22,Domicile,Domicile
988231648,2020-03-09 02:35:22,Domicile,Domicile
988231648,2020-03-09 02:40:23,Domicile,Domicile
988231648,2020-03-09 02:45:24,Domicile,Domicile
988231648,2020-03-09 02:50:24,Domicile,Domicile
988231648,2020-03-09 02:55:24,Domicile,Domicile
988231648,2020-03-09 03:00:25,Domicile,Domicile
988231648,2020-03-09 03:05:26,Domicile,Domicile
988231648,2020-03-09 03:10:27,Domicile,Domicile
988231648,2020-03-09 03:15:27,Domicile,Domicile
988231648,2020-03-09 03:20:27,Domicile,Domicile
988231648,2020-03-09 03:25:27,Domicile,Domicile
988231648,2020-03-09 03:30:28,Domicile,Domicile
988231648,2020-03-09 03:35:29,Domicile,Domicile
988231648,2020-03-09 03:40:30,Domicile,Domicile
988231648,2020-03-09 03:45:31,Domicile,Domicile
988231648,2020-03-09 03:50:32,Domicile,Domicile
988231648,2020-03-09 03:55:33,Domicile,Domicile
988231648,2020-03-09 04:00:33,Domicile,Domicile
988231648,2020-03-09 04:05:33,Domicile,Domicile
988231648,2020-03-09 04:10:34,Domicile,Domicile
988231648,2020-03-09 04:15:35,Domicile,Domicile
988231648,2020-03-09 04:20:35,Domicile,Domicile
988231648,2020-03-09 04:25:36,Domicile,Domicile
988231648,2020-03-09 04:30:37,Domicile,Domicile
988231648,2020-03-09 04:35:38,Domicile,Domicile
988231648,2020-03-09 04:40:38,Domicile,Domicile
988231648,2020-03-09 04:45:38,Domicile,Domicile
988231648,2020-03-09 04:50:39,Domicile,Domicile
988231648,2020-03-09 04:55:39,Domicile,Domicile
988231648,2020-03-09 05:00:39,Domicile,Domicile
988231648,2020-03-09 05:05:40,Domicile,Domicile
988231648,2020-03-09 05:10:41,Domicile,3.0
988231648,2020-03-09 05:15:42,Domicile,3.0
988231648,2020-03-09 05:20:43,Domicile,Domicile
988231648,2020-03-09 05:25:44,Domicile,Domicile
988231648,2020-03-09 05:32:01,Domicile,Domicile
988231648,2020-03-09 05:37:01,Domicile,Domicile
988231648,2020-03-09 05:42:01,Domicile,Domicile
988231648,2020-03-09 05:47:01,Domicile,Domicile
988231648,2020-03-09 05:52:01,Domicile,3.0
988231648,2020-03-09 05:57:01,Domicile,Domicile
988231648,2020-03-09 06:02:02,Domicile,Domicile
988231648,2020-03-09 06:07:02,Domicile,Domicile
988231648,2020-03-09 06:12:03,Domicile,Domicile
988231648,2020-03-09 06:17:04,Domicile,Domicile
988231648,2020-03-09 06:22:04,Domicile,Domicile
988231648,2020-03-09 06:27:04,Domicile,Domicile
988231648,2020-03-09 06:32:05,Domicile,Domicile
988231648,2020-03-09 06:37:06,Domicile,Domicile
988231648,2020-03-09 06:42:07,Domicile,Domicile
988231648,2020-03-09 06:47:08,Domicile,Domicile
988231648,2020-03-09 06:52:08,Domicile,Domicile
988231648,2020-03-09 06:57:08,Domicile,Domicile
988231648,2020-03-09 07:02:08,Domicile,Domicile
988231648,2020-03-09 07:07:08,Domicile,Domicile
988231648,2020-03-09 07:12:08,Domicile,Domicile
988231648,2020-03-09 07:17:08,Domicile,Domicile
988231648,2020-03-09 07:22:08,Domicile,Domicile
988231648,2020-03-09 07:27:09,Domicile,Domicile
988231648,2020-03-09 07:32:10,Domicile,Domicile
988231648,2020-03-09 07:37:10,Domicile,Domicile
988231648,2020-03-09 07:42:10,Domicile,Domicile
988231648,2020-03-09 07:47:11,Domicile,Domicile
988231648,2020-03-09 07:52:12,Domicile,Domicile
988231648,2020-03-09 07:57:13,Domicile,Domicile
988231648,2020-03-09 08:03:46,Domicile,Domicile
988231648,2020-03-09 08:08:46,Domicile,Domicile
988231648,2020-03-09 08:14:31,Domicile,Domicile
988231648,2020-03-09 08:19:32,Domicile,Domicile
988231648,2020-03-09 08:24:32,Domicile,Domicile
988231648,2020-03-09 08:29:32,Domicile,Domicile
988231648,2020-03-09 08:34:33,Domicile,Domicile
988231648,2020-03-09 08:39:33,Domicile,Domicile
988231648,2020-03-09 08:44:33,Domicile,Domicile
988231648,2020-03-09 08:49:33,Domicile,Domicile
988231648,2020-03-09 08:54:33,Domicile,Domicile
988231648,2020-03-09 08:59:34,Domicile,Domicile
988231648,2020-03-09 09:04:35,Domicile,Domicile
988231648,2020-03-09 09:09:35,Domicile,Domicile
988231648,2020-03-09 09:14:44,Domicile,Domicile
988231648,2020-03-09 09:26:49,Motorcycle,Bureau
988231648,2020-03-09 09:42:06,Bureau,Bureau
988231648,2020-03-09 09:47:06,Bureau,Bureau
988231648,2020-03-09 09:52:06,Bureau,Bureau
988231648,2020-03-09 09:57:07,Bureau,Bureau
988231648,2020-03-09 10:02:08,Bureau,Bureau
988231648,2020-03-09 10:07:09,Bureau,Bureau
988231648,2020-03-09 10:12:10,Bureau,Bureau
988231648,2020-03-09 10:17:11,Bureau,Bureau
988231648,2020-03-09 10:22:12,Bureau,Bureau
988231648,2020-03-09 10:27:13,Bureau,Bureau
988231648,2020-03-09 10:32:14,Bureau,Bureau
988231648,2020-03-09 10:37:15,Bureau,Bureau
988231648,2020-03-09 10:42:16,Bureau,Bureau
988231648,2020-03-09 10:47:17,Bureau,Bureau
988231648,2020-03-09 10:52:18,Bureau,Bureau
988231648,2020-03-09 10:57:19,Bureau,Bureau
988231648,2020-03-09 11:02:20,Bureau,Bureau
988231648,2020-03-09 11:07:20,Bureau,Bureau
988231648,2020-03-09 11:12:21,Bureau,Bureau
988231648,2020-03-09 11:17:22,Bureau,Bureau
988231648,2020-03-09 11:22:22,Bureau,Bureau
988231648,2020-03-09 11:27:23,Bureau,Bureau
988231648,2020-03-09 11:32:23,Bureau,Bureau
988231648,2020-03-09 11:37:24,Bureau,Bureau
988231648,2020-03-09 11:42:25,Bureau,Bureau
988231648,2020-03-09 11:47:26,Bureau,Bureau
988231648,2020-03-09 11:52:26,Bureau,Bureau
988231648,2020-03-09 11:57:26,Bureau,Bureau
988231648,2020-03-09 12:02:27,Bureau,Bureau
988231648,2020-03-09 12:07:28,Bureau,Bureau
988231648,2020-03-09 12:12:29,Bureau,Bureau
988231648,2020-03-09 12:17:29,Bureau,Bureau
988231648,2020-03-09 12:22:30,Bureau,Bureau
988231648,2020-03-09 12:27:30,Bureau,Bureau
988231648,2020-03-09 12:32:30,Bureau,Bureau
988231648,2020-03-09 12:38:47,Bureau,Bureau
988231648,2020-03-09 12:43:47,Bureau,Bureau
988231648,2020-03-09 12:48:48,Bureau,Bureau
988231648,2020-03-09 12:53:49,Bureau,Bureau
988231648,2020-03-09 12:58:49,Bureau,Bureau
988231648,2020-03-09 13:03:49,Bureau,Bureau
988231648,2020-03-09 13:08:50,Bureau,Bureau
988231648,2020-03-09 13:14:03,Bureau,Bureau
988231648,2020-03-09 13:19:03,Bureau,Bureau
988231648,2020-03-09 13:24:04,Bureau,Bureau
988231648,2020-03-09 13:29:13,Bureau,Bureau
988231648,2020-03-09 13:34:13,Bureau,Bureau
988231648,2020-03-09 13:47:08,Motorcycle,Bureau
988231648,2020-03-09 13:52:09,Motorcycle,Bureau
988231648,2020-03-09 14:06:52,Motorcycle,Bureau
988231648,2020-03-09 14:16:52,Domicile,indoor
988231648,2020-03-09 21:29:19,Domicile,Domicile
988231648,2020-03-09 21:34:20,Domicile,Domicile
988231648,2020-03-09 21:39:21,Domicile,Domicile
988231648,2020-03-09 21:44:22,Domicile,Domicile
988231648,2020-03-09 21:49:23,Domicile,Domicile
988231648,2020-03-09 21:54:24,Domicile,Domicile
988231648,2020-03-09 21:59:24,Domicile,Domicile
988231648,2020-03-09 22:04:24,Domicile,Domicile
988231648,2020-03-09 22:09:36,Domicile,Domicile
988231648,2020-03-09 23:06:50,Domicile,Domicile
988231648,2020-03-09 23:11:50,Domicile,Domicile
988231648,2020-03-09 23:16:51,Domicile,Domicile
988231648,2020-03-09 23:21:52,Domicile,Domicile
988231648,2020-03-09 23:26:53,Domicile,Domicile
988231648,2020-03-09 23:31:54,Domicile,Domicile
988231648,2020-03-09 23:36:55,Domicile,Domicile
988231648,2020-03-09 23:41:56,Domicile,Domicile
988231648,2020-03-09 23:46:57,Domicile,Domicile
988231648,2020-03-09 23:51:58,Domicile,Domicile
988231648,2020-03-09 23:56:58,Domicile,Domicile
988231648,2020-03-10 00:01:59,Domicile,Domicile
988231648,2020-03-10 00:07:00,Domicile,Domicile
988231648,2020-03-10 00:12:00,Domicile,Domicile
988231648,2020-03-10 00:17:00,Domicile,Domicile
988231648,2020-03-10 00:22:01,Domicile,Domicile
988231648,2020-03-10 00:27:01,Domicile,Domicile
988231648,2020-03-10 00:32:02,Domicile,Domicile
988231648,2020-03-10 00:37:02,Domicile,Domicile
988231648,2020-03-10 00:42:03,Domicile,Domicile
988231648,2020-03-10 00:47:03,Domicile,Domicile
988231648,2020-03-10 00:52:03,Domicile,Domicile
988231648,2020-03-10 00:57:04,Domicile,Domicile
988231648,2020-03-10 01:02:05,Domicile,Domicile
988231648,2020-03-10 01:07:05,Domicile,Domicile
988231648,2020-03-10 01:12:06,Domicile,Domicile
988231648,2020-03-10 01:17:07,Domicile,Domicile
988231648,2020-03-10 01:22:08,Domicile,Domicile
988231648,2020-03-10 01:27:09,Domicile,Domicile
988231648,2020-03-10 01:32:09,Domicile,Domicile
988231648,2020-03-10 01:37:09,Domicile,Domicile
988231648,2020-03-10 01:42:09,Domicile,Domicile
988231648,2020-03-10 01:47:09,Domicile,Domicile
988231648,2020-03-10 01:52:10,Domicile,Domicile
988231648,2020-03-10 01:57:11,Domicile,Domicile
988231648,2020-03-10 02:02:11,Domicile,Domicile
988231648,2020-03-10 02:07:11,Domicile,Domicile
988231648,2020-03-10 02:12:12,Domicile,Domicile
988231648,2020-03-10 02:17:13,Domicile,Domicile
988231648,2020-03-10 02:22:13,Domicile,Domicile
988231648,2020-03-10 02:27:13,Domicile,Domicile
988231648,2020-03-10 02:32:13,Domicile,Domicile
988231648,2020-03-10 02:37:14,Domicile,Domicile
988231648,2020-03-10 02:42:14,Domicile,Domicile
988231648,2020-03-10 02:47:15,Domicile,Domicile
988231648,2020-03-10 02:52:16,Domicile,Domicile
988231648,2020-03-10 02:57:17,Domicile,Domicile
988231648,2020-03-10 03:02:17,Domicile,Domicile
988231648,2020-03-10 03:07:18,Domicile,Domicile
988231648,2020-03-10 03:12:19,Domicile,Domicile
988231648,2020-03-10 03:17:20,Domicile,Domicile
988231648,2020-03-10 03:22:21,Domicile,Domicile
988231648,2020-03-10 03:27:21,Domicile,Domicile
988231648,2020-03-10 03:32:22,Domicile,Domicile
988231648,2020-03-10 03:37:23,Domicile,Domicile
988231648,2020-03-10 03:42:24,Domicile,Domicile
988231648,2020-03-10 03:47:25,Domicile,Domicile
988231648,2020-03-10 03:52:25,Domicile,Domicile
988231648,2020-03-10 03:57:25,Domicile,Domicile
988231648,2020-03-10 04:02:26,Domicile,Domicile
988231648,2020-03-10 04:07:26,Domicile,Domicile
988231648,2020-03-10 04:12:26,Domicile,Domicile
988231648,2020-03-10 04:17:26,Domicile,Domicile
988231648,2020-03-10 04:22:26,Domicile,Domicile
988231648,2020-03-10 04:27:27,Domicile,Domicile
988231648,2020-03-10 04:32:28,Domicile,Domicile
988231648,2020-03-10 04:37:28,Domicile,Domicile
988231648,2020-03-10 04:42:29,Domicile,Domicile
988231648,2020-03-10 04:47:30,Domicile,Domicile
988231648,2020-03-10 04:52:31,Domicile,Domicile
988231648,2020-03-10 04:57:32,Domicile,Domicile
988231648,2020-03-10 05:02:32,Domicile,Domicile
988231648,2020-03-10 05:07:32,Domicile,Domicile
988231648,2020-03-10 05:12:33,Domicile,Domicile
988231648,2020-03-10 05:17:34,Domicile,Domicile
988231648,2020-03-10 05:22:35,Domicile,Domicile
988231648,2020-03-10 05:27:36,Domicile,Domicile
988231648,2020-03-10 05:32:37,Domicile,Domicile
988231648,2020-03-10 05:37:40,Domicile,Domicile
988231648,2020-03-10 05:42:41,Domicile,3.0
988231648,2020-03-10 05:47:42,Domicile,3.0
988231648,2020-03-10 05:54:26,Domicile,3.0
988231648,2020-03-10 05:59:27,Domicile,3.0
988231648,2020-03-10 06:04:27,Domicile,Domicile
988231648,2020-03-10 06:09:27,Domicile,Domicile
988231648,2020-03-10 06:14:28,Domicile,Domicile
988231648,2020-03-10 06:19:29,Domicile,Domicile
988231648,2020-03-10 06:24:30,Domicile,Domicile
988231648,2020-03-10 06:29:31,Domicile,Domicile
988231648,2020-03-10 06:34:32,Domicile,Domicile
988231648,2020-03-10 06:39:32,Domicile,Domicile
988231648,2020-03-10 06:44:33,Domicile,Domicile
988231648,2020-03-10 06:49:34,Domicile,Domicile
988231648,2020-03-10 06:54:35,Domicile,Domicile
988231648,2020-03-10 06:59:36,Domicile,Domicile
988231648,2020-03-10 07:04:37,Domicile,Domicile
988231648,2020-03-10 07:09:37,Domicile,Domicile
988231648,2020-03-10 07:14:37,Domicile,Domicile
988231648,2020-03-10 07:19:38,Domicile,Domicile
988231648,2020-03-10 07:24:39,Domicile,Domicile
988231648,2020-03-10 07:29:40,Domicile,Domicile
988231648,2020-03-10 07:34:41,Domicile,Domicile
988231648,2020-03-10 07:39:42,Domicile,Domicile
988231648,2020-03-10 07:44:43,Domicile,Domicile
988231648,2020-03-10 07:49:43,Domicile,Domicile
988231648,2020-03-10 07:54:44,Domicile,Domicile
988231648,2020-03-10 08:00:25,Domicile,Domicile
988231648,2020-03-10 08:05:25,Domicile,Domicile
988231648,2020-03-10 08:10:26,Domicile,Domicile
988231648,2020-03-10 08:15:27,Domicile,Domicile
988231648,2020-03-10 08:20:28,Domicile,Domicile
988231648,2020-03-10 08:25:29,Domicile,Domicile
988231648,2020-03-10 08:30:30,Domicile,Domicile
988231648,2020-03-10 08:38:02,Domicile,Domicile
988231648,2020-03-10 08:43:02,Domicile,Domicile
988231648,2020-03-10 08:48:03,Domicile,Domicile
988231648,2020-03-10 08:57:08,Domicile,Domicile
988231648,2020-03-10 09:03:01,Domicile,Domicile
988231648,2020-03-10 09:08:01,Domicile,Domicile
988231648,2020-03-10 09:13:01,Domicile,Domicile
988231648,2020-03-10 09:18:01,Domicile,Domicile
988231648,2020-03-10 09:23:01,Domicile,Domicile
988231648,2020-03-10 09:28:01,Domicile,Domicile
988231648,2020-03-10 09:33:01,Domicile,Domicile
988231648,2020-03-10 09:38:02,Domicile,Domicile
988231648,2020-03-10 09:43:02,Domicile,Domicile
988231648,2020-03-10 09:50:16,Domicile,Domicile
988231648,2020-03-10 09:55:17,Domicile,Domicile
988231648,2020-03-10 10:00:18,Domicile,Domicile
988231648,2020-03-10 10:09:12,Domicile,Domicile
988231648,2020-03-10 10:14:12,Domicile,Domicile
988231648,2020-03-10 10:25:50,Domicile,Domicile
988231648,2020-03-10 10:30:51,Domicile,Domicile
988231648,2020-03-10 10:35:51,Domicile,Domicile
988231648,2020-03-10 10:40:51,Domicile,Domicile
988231648,2020-03-10 10:45:51,Domicile,Domicile
988231648,2020-03-10 10:50:51,Domicile,Domicile
988231648,2020-03-10 11:03:03,Domicile,Domicile
988231648,2020-03-10 11:08:50,Domicile,Domicile
988231648,2020-03-10 11:14:01,Domicile,Domicile
988231648,2020-03-10 11:19:01,Domicile,Domicile
988231648,2020-03-10 11:24:01,Domicile,Domicile
988231648,2020-03-10 11:29:02,Domicile,Domicile
988231648,2020-03-10 11:34:02,Domicile,Domicile
988231648,2020-03-10 11:39:02,Domicile,Domicile
988231648,2020-03-10 11:46:34,Domicile,Domicile
988231648,2020-03-10 11:51:34,Domicile,Domicile
988231648,2020-03-10 11:56:35,Domicile,Domicile
988231648,2020-03-10 12:01:35,Domicile,Domicile
988231648,2020-03-10 12:06:36,Domicile,Domicile
988231648,2020-03-10 12:11:37,Domicile,Domicile
988231648,2020-03-10 12:16:37,Domicile,Domicile
988231648,2020-03-10 12:21:37,Domicile,Domicile
988231648,2020-03-10 12:26:37,Domicile,Domicile
988231648,2020-03-10 12:31:37,Domicile,Domicile
988231648,2020-03-10 12:36:37,Domicile,Domicile
988231648,2020-03-10 12:41:38,Domicile,Domicile
988231648,2020-03-10 12:46:39,Domicile,Domicile
988231648,2020-03-10 12:51:49,Domicile,Domicile
988231648,2020-03-10 12:57:03,Domicile,Domicile
988231648,2020-03-10 13:02:04,Domicile,Domicile
988231648,2020-03-10 13:07:04,Domicile,Domicile
988231648,2020-03-10 13:12:05,Domicile,Domicile
988231648,2020-03-10 13:17:06,Domicile,Domicile
988231648,2020-03-10 13:22:07,Domicile,Domicile
988231648,2020-03-10 13:27:08,Domicile,Domicile
988231648,2020-03-10 13:32:09,Domicile,Domicile
988231648,2020-03-10 13:38:28,Domicile,Domicile
988231648,2020-03-10 13:43:29,Domicile,Domicile
988231648,2020-03-10 13:49:04,Domicile,Domicile
988231648,2020-03-10 14:00:50,Domicile,Domicile
988231648,2020-03-10 14:05:50,Domicile,Domicile
988231648,2020-03-10 14:20:36,Domicile,Domicile
988231648,2020-03-10 14:26:52,Domicile,Domicile
988231648,2020-03-10 14:31:52,Domicile,Domicile
988231648,2020-03-10 14:40:02,Domicile,Domicile
988231648,2020-03-10 14:45:02,Domicile,Domicile
988231648,2020-03-10 14:50:03,Domicile,Domicile
988231648,2020-03-10 14:55:04,Domicile,Domicile
988231648,2020-03-10 15:00:04,Domicile,Domicile
988231648,2020-03-10 15:05:18,Domicile,Domicile
988231648,2020-03-10 15:10:52,Domicile,Domicile
988231648,2020-03-10 15:15:52,Domicile,Domicile
988231648,2020-03-10 15:20:53,Domicile,Domicile
988231648,2020-03-10 15:25:53,Domicile,Domicile
988231648,2020-03-10 15:30:54,Domicile,Domicile
988231648,2020-03-10 15:35:55,Domicile,Domicile
988231648,2020-03-10 15:40:56,Domicile,Domicile
988231648,2020-03-10 15:45:57,Domicile,Domicile
988231648,2020-03-10 15:50:58,Domicile,Domicile
988231648,2020-03-10 15:55:59,Domicile,Domicile
988231648,2020-03-10 16:01:00,Domicile,Domicile
988231648,2020-03-10 16:06:01,Domicile,Domicile
988231648,2020-03-10 16:11:01,Domicile,Domicile
988231648,2020-03-10 16:16:02,Domicile,Domicile
988231648,2020-03-10 16:21:02,Domicile,Domicile
988231648,2020-03-10 16:26:03,Domicile,Domicile
988231648,2020-03-10 16:31:03,Domicile,Domicile
988231648,2020-03-10 16:36:03,Domicile,Domicile
988231648,2020-03-10 16:41:07,Domicile,Domicile
988231648,2020-03-10 23:31:26,Domicile,Domicile
988231648,2020-03-10 23:36:26,Domicile,Domicile
988231648,2020-03-10 23:41:26,Domicile,Domicile
988231648,2020-03-10 23:46:27,Domicile,Domicile
988231648,2020-03-10 23:51:27,Domicile,Domicile
988231648,2020-03-10 23:56:28,Domicile,Domicile
988231648,2020-03-11 00:01:29,Domicile,Domicile
988231648,2020-03-11 00:06:29,Domicile,Domicile
988231648,2020-03-11 00:11:29,Domicile,Domicile
988231648,2020-03-11 00:16:30,Domicile,Domicile
988231648,2020-03-11 00:21:31,Domicile,Domicile
988231648,2020-03-11 00:26:32,Domicile,Domicile
988231648,2020-03-11 00:31:33,Domicile,Domicile
988231648,2020-03-11 00:36:33,Domicile,Domicile
988231648,2020-03-11 00:41:34,Domicile,Domicile
988231648,2020-03-11 00:46:34,Domicile,Domicile
988231648,2020-03-11 00:51:35,Domicile,Domicile
988231648,2020-03-11 00:56:35,Domicile,Domicile
988231648,2020-03-11 01:01:36,Domicile,Domicile
988231648,2020-03-11 01:06:36,Domicile,Domicile
988231648,2020-03-11 01:11:37,Domicile,Domicile
988231648,2020-03-11 01:16:38,Domicile,Domicile
988231648,2020-03-11 01:21:38,Domicile,Domicile
988231648,2020-03-11 01:26:38,Domicile,Domicile
988231648,2020-03-11 01:31:38,Domicile,Domicile
988231648,2020-03-11 01:36:38,Domicile,Domicile
988231648,2020-03-11 01:41:39,Domicile,Domicile
988231648,2020-03-11 01:46:39,Domicile,Domicile
988231648,2020-03-11 01:51:39,Domicile,Domicile
988231648,2020-03-11 01:56:40,Domicile,Domicile
988231648,2020-03-11 02:01:41,Domicile,Domicile
988231648,2020-03-11 02:06:42,Domicile,Domicile
988231648,2020-03-11 02:11:42,Domicile,Domicile
988231648,2020-03-11 02:16:43,Domicile,Domicile
988231648,2020-03-11 02:21:43,Domicile,Domicile
988231648,2020-03-11 02:26:44,Domicile,Domicile
988231648,2020-03-11 02:31:45,Domicile,Domicile
988231648,2020-03-11 02:36:45,Domicile,Domicile
988231648,2020-03-11 02:41:46,Domicile,Domicile
988231648,2020-03-11 02:46:46,Domicile,Domicile
988231648,2020-03-11 02:51:46,Domicile,Domicile
988231648,2020-03-11 02:56:47,Domicile,Domicile
988231648,2020-03-11 03:01:47,Domicile,Domicile
988231648,2020-03-11 03:06:47,Domicile,Domicile
988231648,2020-03-11 03:11:47,Domicile,Domicile
988231648,2020-03-11 03:16:47,Domicile,Domicile
988231648,2020-03-11 03:21:47,Domicile,Domicile
988231648,2020-03-11 03:26:47,Domicile,Domicile
988231648,2020-03-11 03:31:47,Domicile,Domicile
988231648,2020-03-11 03:36:47,Domicile,Domicile
988231648,2020-03-11 03:41:47,Domicile,Domicile
988231648,2020-03-11 03:46:48,Domicile,Domicile
988231648,2020-03-11 03:51:49,Domicile,Domicile
988231648,2020-03-11 03:56:50,Domicile,Domicile
988231648,2020-03-11 04:01:51,Domicile,Domicile
988231648,2020-03-11 04:06:52,Domicile,Domicile
988231648,2020-03-11 04:11:53,Domicile,Domicile
988231648,2020-03-11 04:16:53,Domicile,Domicile
988231648,2020-03-11 04:21:53,Domicile,Domicile
988231648,2020-03-11 04:26:53,Domicile,Domicile
988231648,2020-03-11 04:31:53,Domicile,Domicile
988231648,2020-03-11 04:36:54,Domicile,Domicile
988231648,2020-03-11 04:41:54,Domicile,Domicile
988231648,2020-03-11 04:46:55,Domicile,Domicile
988231648,2020-03-11 04:51:56,Domicile,Domicile
988231648,2020-03-11 04:56:56,Domicile,Domicile
988231648,2020-03-11 05:01:56,Domicile,Domicile
988231648,2020-03-11 05:06:57,Domicile,Domicile
988231648,2020-03-11 05:12:00,Domicile,Domicile
988231648,2020-03-11 05:17:01,Domicile,Domicile
988231648,2020-03-11 05:22:32,Domicile,Domicile
988231648,2020-03-11 05:27:32,Domicile,Domicile
988231648,2020-03-11 05:32:32,Domicile,Domicile
988231648,2020-03-11 05:37:39,Domicile,Domicile
988231648,2020-03-11 05:42:40,Domicile,Domicile
988231648,2020-03-11 05:47:41,Domicile,Domicile
988231648,2020-03-11 05:52:42,Domicile,Domicile
988231648,2020-03-11 05:57:43,Domicile,Domicile
988231648,2020-03-11 06:02:44,Domicile,Domicile
988231648,2020-03-11 06:07:45,Domicile,Domicile
988231648,2020-03-11 06:12:45,Domicile,Domicile
988231648,2020-03-11 06:17:46,Domicile,Domicile
988231648,2020-03-11 06:22:46,Domicile,Domicile
988231648,2020-03-11 06:27:46,Domicile,Domicile
988231648,2020-03-11 06:32:47,Domicile,Domicile
988231648,2020-03-11 06:37:48,Domicile,Domicile
988231648,2020-03-11 06:42:48,Domicile,Domicile
988231648,2020-03-11 06:47:49,Domicile,Domicile
988231648,2020-03-11 06:52:49,Domicile,Domicile
988231648,2020-03-11 06:57:50,Domicile,Domicile
988231648,2020-03-11 07:02:51,Domicile,Domicile
988231648,2020-03-11 07:07:52,Domicile,Domicile
988231648,2020-03-11 07:12:53,Domicile,Domicile
988231648,2020-03-11 07:17:53,Domicile,Domicile
988231648,2020-03-11 07:22:54,Domicile,Domicile
988231648,2020-03-11 07:27:55,Domicile,Domicile
988231648,2020-03-11 07:32:55,Domicile,Domicile
988231648,2020-03-11 07:37:55,Domicile,Domicile
988231648,2020-03-11 07:42:55,Domicile,Domicile
988231648,2020-03-11 07:47:55,Domicile,Domicile
988231648,2020-03-11 07:52:56,Domicile,Domicile
988231648,2020-03-11 07:57:57,Domicile,Domicile
988231648,2020-03-11 08:02:58,Domicile,Domicile
988231648,2020-03-11 08:07:58,Domicile,Domicile
988231648,2020-03-11 08:12:58,Domicile,Domicile
988231648,2020-03-11 08:17:59,Domicile,Domicile
988231648,2020-03-11 08:22:59,Domicile,Domicile
988231648,2020-03-11 08:27:59,Domicile,Domicile
988231648,2020-03-11 08:32:59,Domicile,Domicile
988231648,2020-03-11 08:37:59,Domicile,Domicile
988231648,2020-03-11 08:43:50,Domicile,Domicile
988231648,2020-03-11 09:00:38,Domicile,Domicile
988231648,2020-03-11 09:06:02,Domicile,Domicile
988231648,2020-03-11 09:13:42,Domicile,Domicile
988231648,2020-03-11 09:39:44,Domicile,Domicile
988231648,2020-03-11 09:44:44,Domicile,Domicile
988231648,2020-03-11 09:49:45,Domicile,Domicile
988231648,2020-03-11 09:54:45,Domicile,Domicile
988231648,2020-03-11 11:18:56,Domicile,Domicile
988231648,2020-03-11 11:23:57,Domicile,Domicile
988231648,2020-03-11 11:28:57,Domicile,Domicile
988231648,2020-03-11 11:33:57,Domicile,Domicile
988231648,2020-03-11 11:38:57,Domicile,Domicile
988231648,2020-03-11 11:43:57,Domicile,Domicile
988231648,2020-03-11 11:59:22,Indoor,indoor
988231648,2020-03-11 12:04:23,Indoor,5.0
988231648,2020-03-11 12:11:26,Indoor,5.0
988231648,2020-03-11 12:17:15,Indoor,5.0
988231648,2020-03-11 12:22:42,Indoor,5.0
988231648,2020-03-11 12:27:42,Indoor,5.0
988231648,2020-03-11 12:35:03,Motorcycle,5.0
988231648,2020-03-11 12:45:12,Walk,Domicile
988231648,2020-03-11 12:52:10,Magasin,Domicile
988231648,2020-03-11 14:03:49,Walk,Domicile
988231648,2020-03-11 14:13:49,Restaurant,Domicile
988231648,2020-03-11 14:33:51,Walk,Domicile
988231648,2020-03-11 14:38:51,Walk,Domicile
988231648,2020-03-11 14:48:53,Motorcycle,Domicile
988231648,2020-03-11 14:53:54,Motorcycle,Domicile
988231648,2020-03-11 14:58:55,Motorcycle,Domicile
988231648,2020-03-11 15:04:01,Motorcycle,Domicile
988231648,2020-03-11 15:09:01,Motorcycle,Domicile
988231648,2020-03-11 15:14:02,Motorcycle,Domicile
988231648,2020-03-11 15:24:04,Bureau,Domicile
988231648,2020-03-11 19:48:31,Motorcycle,Domicile
988231648,2020-03-11 19:53:48,Motorcycle,Domicile
988231648,2020-03-11 19:58:48,Motorcycle,Domicile
988231648,2020-03-11 20:03:48,Motorcycle,Domicile
988231648,2020-03-11 20:08:49,Motorcycle,Domicile
988231648,2020-03-11 20:19:28,Domicile,Domicile
988231648,2020-03-11 20:25:08,Domicile,Domicile
988231648,2020-03-11 20:30:15,Domicile,Domicile
988231648,2020-03-11 20:38:04,Domicile,Domicile
988231648,2020-03-11 20:43:05,Domicile,Domicile
988231648,2020-03-11 20:48:05,Domicile,Domicile
988231648,2020-03-11 20:53:05,Domicile,Domicile
988231648,2020-03-11 20:58:05,Domicile,Domicile
988231648,2020-03-11 21:03:06,Domicile,Domicile
988231648,2020-03-11 21:08:07,Domicile,Domicile
988231648,2020-03-11 21:13:08,Domicile,Domicile
988231648,2020-03-11 21:18:09,Domicile,Domicile
988231648,2020-03-11 21:23:10,Domicile,Domicile
988231648,2020-03-11 21:28:11,Domicile,Domicile
988231648,2020-03-11 21:33:12,Domicile,Domicile
988231648,2020-03-11 21:38:13,Domicile,Domicile
988231648,2020-03-11 21:43:13,Domicile,Domicile
988231648,2020-03-11 21:48:14,Domicile,Domicile
988231648,2020-03-11 21:53:25,Domicile,Domicile
988231648,2020-03-11 21:58:25,Domicile,Domicile
988231648,2020-03-11 22:03:25,Domicile,Domicile
988231648,2020-03-11 22:08:25,Domicile,Domicile
988231648,2020-03-11 22:13:25,Domicile,Domicile
988231648,2020-03-11 22:18:26,Domicile,Domicile
988231648,2020-03-11 22:23:27,Domicile,Domicile
988231648,2020-03-11 22:28:27,Domicile,Domicile
988231648,2020-03-11 22:33:28,Domicile,Domicile
988231648,2020-03-11 22:38:29,Domicile,Domicile
988231648,2020-03-11 22:43:29,Domicile,Domicile
988231648,2020-03-11 22:48:29,Domicile,Domicile
988231648,2020-03-11 22:53:29,Domicile,Domicile
988231648,2020-03-11 22:58:29,Domicile,Domicile
988231648,2020-03-11 23:03:29,Domicile,Domicile
988231648,2020-03-11 23:08:29,Domicile,3.0
988231648,2020-03-11 23:13:30,Domicile,3.0
988231648,2020-03-11 23:18:39,Domicile,Domicile
988231648,2020-03-11 23:23:39,Domicile,Domicile
988231648,2020-03-11 23:28:40,Domicile,Domicile
988231648,2020-03-11 23:33:41,Domicile,Domicile
988231648,2020-03-11 23:38:42,Domicile,Domicile
988231648,2020-03-11 23:43:42,Domicile,Domicile
988231648,2020-03-11 23:48:43,Domicile,Domicile
988231648,2020-03-11 23:53:44,Domicile,Domicile
988231648,2020-03-11 23:58:44,Domicile,Domicile
988231648,2020-03-12 00:03:45,Domicile,Domicile
988231648,2020-03-12 00:08:45,Domicile,Domicile
988231648,2020-03-12 00:13:45,Domicile,Domicile
988231648,2020-03-12 00:18:45,Domicile,Domicile
988231648,2020-03-12 00:23:45,Domicile,3.0
988231648,2020-03-12 00:28:45,Domicile,3.0
988231648,2020-03-12 00:33:45,Domicile,Domicile
988231648,2020-03-12 00:38:46,Domicile,Domicile
988231648,2020-03-12 00:43:47,Domicile,Domicile
988231648,2020-03-12 00:48:48,Domicile,Domicile
988231648,2020-03-12 00:53:48,Domicile,Domicile
988231648,2020-03-12 00:58:48,Domicile,Domicile
988231648,2020-03-12 01:03:48,Domicile,Domicile
988231648,2020-03-12 01:08:49,Domicile,Domicile
988231648,2020-03-12 01:13:49,Domicile,Domicile
988231648,2020-03-12 01:18:49,Domicile,Domicile
988231648,2020-03-12 01:23:50,Domicile,Domicile
988231648,2020-03-12 01:28:51,Domicile,Domicile
988231648,2020-03-12 01:33:52,Domicile,Domicile
988231648,2020-03-12 01:38:53,Domicile,Domicile
988231648,2020-03-12 01:43:54,Domicile,Domicile
988231648,2020-03-12 01:48:55,Domicile,Domicile
988231648,2020-03-12 01:53:56,Domicile,Domicile
988231648,2020-03-12 01:58:56,Domicile,Domicile
988231648,2020-03-12 02:03:56,Domicile,Domicile
988231648,2020-03-12 02:08:57,Domicile,Domicile
988231648,2020-03-12 02:13:58,Domicile,Domicile
988231648,2020-03-12 02:18:58,Domicile,Domicile
988231648,2020-03-12 02:23:59,Domicile,Domicile
988231648,2020-03-12 02:28:59,Domicile,Domicile
988231648,2020-03-12 02:34:00,Domicile,Domicile
988231648,2020-03-12 02:39:01,Domicile,Domicile
988231648,2020-03-12 02:44:02,Domicile,Domicile
988231648,2020-03-12 02:49:03,Domicile,Domicile
988231648,2020-03-12 02:54:03,Domicile,Domicile
988335737,2020-02-18 07:46:55,Domicile,indoor
988335737,2020-02-18 07:51:55,Domicile,indoor
988335737,2020-02-18 07:56:55,Domicile,indoor
988335737,2020-02-18 08:05:35,Domicile,Bureau
988335737,2020-02-18 08:21:12,Domicile,Bureau
988335737,2020-02-18 08:36:38,Domicile,Bureau
988335737,2020-02-18 08:52:07,Voiture,Bureau
988335737,2020-02-18 09:07:29,Bureau,Bureau
988335737,2020-02-18 09:23:05,Bureau,Bureau
988335737,2020-02-18 09:38:12,Bureau,Bureau
988335737,2020-02-18 09:53:42,Bureau,Bureau
988335737,2020-02-18 10:09:22,Bureau,Bureau
988335737,2020-02-18 10:25:14,Bureau,Bureau
988335737,2020-02-18 10:40:25,Bureau,Bureau
988335737,2020-02-18 10:50:54,Bureau,Bureau
988335737,2020-02-18 10:56:04,Bureau,Bureau
988335737,2020-02-18 11:11:28,Bureau,Bureau
988335737,2020-02-18 11:26:57,Bureau,Bureau
988335737,2020-02-18 11:42:16,Bureau,Bureau
988335737,2020-02-18 11:53:24,Bureau,Bureau
988335737,2020-02-18 11:58:28,Bureau,indoor
988335737,2020-02-18 12:03:57,Bureau,indoor
988335737,2020-02-18 12:09:21,Bureau,indoor
988335737,2020-02-18 12:14:28,Bureau,indoor
988335737,2020-02-18 12:19:57,Bureau,indoor
988335737,2020-02-18 12:24:57,Bureau,indoor
988335737,2020-02-18 12:30:46,Bureau,indoor
988335737,2020-02-18 12:35:47,Bureau,indoor
988335737,2020-02-18 12:41:00,Bureau,indoor
988335737,2020-02-18 12:46:32,Bureau,indoor
988335737,2020-02-18 12:51:47,Bureau,indoor
988335737,2020-02-18 12:59:08,Bureau,Bureau
988335737,2020-02-18 13:14:57,Bureau,Bureau
988335737,2020-02-18 13:30:01,Bureau,Bureau
988335737,2020-02-18 13:45:22,Bureau,Bureau
988335737,2020-02-18 14:01:05,Bureau,Bureau
988335737,2020-02-18 14:16:27,Bureau,Bureau
988335737,2020-02-18 14:31:21,Bureau,Bureau
988335737,2020-02-18 14:47:10,Bureau,Bureau
988335737,2020-02-18 15:02:34,Bureau,Bureau
988335737,2020-02-18 15:17:31,Bureau,Bureau
988335737,2020-02-18 15:32:52,Bureau,Bureau
988335737,2020-02-18 15:48:17,Bureau,Bureau
988335737,2020-02-18 16:03:40,Bureau,Bureau
988335737,2020-02-18 16:19:01,Bureau,Bureau
988335737,2020-02-18 16:34:22,Bureau,Bureau
988335737,2020-02-18 16:49:45,Bureau,Bureau
988335737,2020-02-18 17:05:07,Bureau,Bureau
988335737,2020-02-18 17:20:41,Bureau,Bureau
988335737,2020-02-18 17:36:26,Bureau,Bureau
988335737,2020-02-18 17:51:49,Bureau,Bureau
988335737,2020-02-18 18:06:54,Bureau,Bureau
988335737,2020-02-18 18:13:07,Bureau,Bureau
988335737,2020-02-18 18:35:01,Bureau,indoor
988335737,2020-02-18 18:40:01,Bureau,4.0
988335737,2020-02-19 07:54:55,Domicile,indoor
988335737,2020-02-19 07:59:55,Domicile,indoor
988335737,2020-02-19 10:36:52,Bureau,Bureau
988335737,2020-02-19 19:02:31,Bureau,indoor
988335737,2020-02-19 19:09:31,Bureau,4.0
988335737,2020-02-19 19:14:32,Bureau,4.0
988335737,2020-02-20 06:45:00,Domicile,indoor
988335737,2020-02-20 06:50:00,Domicile,indoor
988335737,2020-02-20 06:55:01,Domicile,indoor
988335737,2020-02-20 07:00:02,Domicile,indoor
988335737,2020-02-20 07:05:02,Domicile,indoor
988335737,2020-02-20 07:10:03,Domicile,indoor
988335737,2020-02-20 07:19:58,Domicile,indoor
988335737,2020-02-20 07:24:59,Domicile,indoor
988335737,2020-02-20 11:54:01,Voiture,1.0
988335737,2020-02-20 11:59:02,Voiture,1.0
988335737,2020-02-20 12:04:02,Voiture,1.0
988335737,2020-02-20 12:09:02,Voiture,1.0
988335737,2020-02-20 12:14:03,Voiture,1.0
988335737,2020-02-20 12:19:04,Voiture,1.0
988335737,2020-02-20 13:55:00,Restaurant,1.0
988335737,2020-02-20 14:00:01,Restaurant,1.0
988335737,2020-02-20 14:05:01,Restaurant,1.0
988335737,2020-02-20 14:10:02,Restaurant,1.0
988335737,2020-02-20 14:16:09,Restaurant,1.0
988335737,2020-02-20 14:21:12,Restaurant,1.0
988335737,2020-02-20 14:33:11,Restaurant,1.0
988335737,2020-02-20 14:38:16,Restaurant,1.0
988335737,2020-02-20 14:47:26,Restaurant,1.0
988335737,2020-02-20 14:52:27,Restaurant,1.0
988335737,2020-02-20 15:02:51,Voiture,1.0
988335737,2020-02-20 15:14:50,Bureau,1.0
988335737,2020-02-20 15:20:44,Bureau,1.0
988335737,2020-02-20 15:25:44,Bureau,1.0
988335737,2020-02-20 15:32:41,Bureau,1.0
988335737,2020-02-20 15:39:17,Bureau,1.0
988335737,2020-02-20 16:29:05,Bureau,1.0
988335737,2020-02-20 16:34:05,Bureau,1.0
988335737,2020-02-20 16:39:05,Bureau,1.0
988335737,2020-02-20 16:44:06,Bureau,1.0
988335737,2020-02-20 16:49:11,Bureau,1.0
988335737,2020-02-20 16:56:28,Bureau,1.0
988335737,2020-02-20 17:01:29,Bureau,1.0
988335737,2020-02-20 17:06:29,Bureau,1.0
988335737,2020-02-20 17:46:05,Voiture,1.0
988335737,2020-02-20 21:14:59,Voiture,1.0
988335737,2020-02-21 07:44:02,Domicile,indoor
988335737,2020-02-21 07:49:03,Domicile,indoor
988335737,2020-02-21 07:54:03,Domicile,indoor
988335737,2020-02-21 07:59:03,Domicile,indoor
988335737,2020-02-21 08:04:03,Domicile,indoor
988335737,2020-02-21 08:09:04,Domicile,indoor
988335737,2020-02-21 08:14:05,Domicile,2.0
988335737,2020-02-21 08:19:06,Domicile,2.0
988335737,2020-02-21 08:24:06,Domicile,2.0
988335737,2020-02-21 08:29:06,Domicile,indoor
988335737,2020-02-21 08:34:06,Domicile,indoor
988335737,2020-02-21 08:44:07,Voiture,Voiture
988335737,2020-02-21 12:57:33,Voiture,Voiture
988335737,2020-02-21 13:02:34,Voiture,Voiture
988335737,2020-02-21 13:07:35,Voiture,Voiture
988335737,2020-02-21 13:12:35,Voiture,Voiture
988335737,2020-02-21 13:17:35,Voiture,indoor
988335737,2020-02-21 13:22:35,Voiture,Voiture
988335737,2020-02-21 13:27:35,Voiture,indoor
988335737,2020-02-21 13:32:35,Voiture,indoor
988335737,2020-02-21 13:40:06,Voiture,indoor
988335737,2020-02-21 13:48:30,Voiture,indoor
988335737,2020-02-21 13:53:39,Voiture,Bureau
988335737,2020-02-21 14:09:59,Voiture,Bureau
988335737,2020-02-21 14:25:36,Voiture,Bureau
988335737,2020-02-21 14:56:03,Bureau,Bureau
988335737,2020-02-21 15:11:30,Bureau,Bureau
988335737,2020-02-21 15:26:49,Bureau,Bureau
988335737,2020-02-21 15:42:12,Bureau,Bureau
988335737,2020-02-21 15:57:43,Bureau,Bureau
988335737,2020-02-21 16:13:01,Bureau,Bureau
988335737,2020-02-21 16:28:21,Bureau,Bureau
988335737,2020-02-21 16:43:43,Bureau,Bureau
988335737,2020-02-21 16:59:27,Bureau,Bureau
988335737,2020-02-21 17:14:27,Bureau,Bureau
988335737,2020-02-21 17:29:55,Bureau,Bureau
988335737,2020-02-23 18:35:02,Domicile,indoor
988335737,2020-02-23 18:40:02,Domicile,indoor
988335737,2020-02-23 18:45:03,Domicile,indoor
988335737,2020-02-23 19:23:58,Domicile,indoor
988335737,2020-02-23 19:33:59,Voiture,Voiture
